-- MySQL dump 10.13  Distrib 5.1.60, for Win32 (ia32)
--
-- Host: localhost    Database: mifostenant-default
-- ------------------------------------------------------
-- Server version	5.1.60-community

/*!40101 SET @OLD_CHARACTER_SET_CLIENT=@@CHARACTER_SET_CLIENT */;
/*!40101 SET @OLD_CHARACTER_SET_RESULTS=@@CHARACTER_SET_RESULTS */;
/*!40101 SET @OLD_COLLATION_CONNECTION=@@COLLATION_CONNECTION */;
/*!40101 SET NAMES utf8 */;
/*!40103 SET @OLD_TIME_ZONE=@@TIME_ZONE */;
/*!40103 SET TIME_ZONE='+00:00' */;
/*!40014 SET @OLD_UNIQUE_CHECKS=@@UNIQUE_CHECKS, UNIQUE_CHECKS=0 */;
/*!40014 SET @OLD_FOREIGN_KEY_CHECKS=@@FOREIGN_KEY_CHECKS, FOREIGN_KEY_CHECKS=0 */;
/*!40101 SET @OLD_SQL_MODE=@@SQL_MODE, SQL_MODE='NO_AUTO_VALUE_ON_ZERO' */;
/*!40111 SET @OLD_SQL_NOTES=@@SQL_NOTES, SQL_NOTES=0 */;

--
-- Table structure for table `acc_gl_account`
--

DROP TABLE IF EXISTS `acc_gl_account`;
/*!40101 SET @saved_cs_client     = @@character_set_client */;
/*!40101 SET character_set_client = utf8 */;
CREATE TABLE `acc_gl_account` (
  `id` bigint(20) NOT NULL AUTO_INCREMENT,
  `name` varchar(45) NOT NULL,
  `parent_id` bigint(20) DEFAULT NULL,
  `gl_code` varchar(45) NOT NULL,
  `disabled` tinyint(1) NOT NULL DEFAULT '0',
  `manual_journal_entries_allowed` tinyint(1) NOT NULL DEFAULT '1',
  `account_usage` tinyint(1) NOT NULL DEFAULT '2',
  `classification_enum` smallint(5) NOT NULL,
  `description` varchar(500) DEFAULT NULL,
  PRIMARY KEY (`id`),
  UNIQUE KEY `acc_gl_code` (`gl_code`),
  KEY `FK_ACC_0000000001` (`parent_id`),
  CONSTRAINT `FK_ACC_0000000001` FOREIGN KEY (`parent_id`) REFERENCES `acc_gl_account` (`id`)
) ENGINE=InnoDB AUTO_INCREMENT=2 DEFAULT CHARSET=utf8;
/*!40101 SET character_set_client = @saved_cs_client */;

--
-- Dumping data for table `acc_gl_account`
--

LOCK TABLES `acc_gl_account` WRITE;
/*!40000 ALTER TABLE `acc_gl_account` DISABLE KEYS */;
INSERT INTO `acc_gl_account` VALUES (1,'Group Loans',NULL,'GL0001',0,1,1,1,'GL for all group loans');
/*!40000 ALTER TABLE `acc_gl_account` ENABLE KEYS */;
UNLOCK TABLES;

--
-- Table structure for table `acc_gl_closure`
--

DROP TABLE IF EXISTS `acc_gl_closure`;
/*!40101 SET @saved_cs_client     = @@character_set_client */;
/*!40101 SET character_set_client = utf8 */;
CREATE TABLE `acc_gl_closure` (
  `id` bigint(20) NOT NULL AUTO_INCREMENT,
  `office_id` bigint(20) NOT NULL,
  `closing_date` date NOT NULL,
  `is_deleted` int(20) NOT NULL DEFAULT '0',
  `createdby_id` bigint(20) DEFAULT NULL,
  `lastmodifiedby_id` bigint(20) DEFAULT NULL,
  `created_date` datetime DEFAULT NULL,
  `lastmodified_date` datetime DEFAULT NULL,
  `comments` varchar(500) DEFAULT NULL,
  PRIMARY KEY (`id`),
  UNIQUE KEY `office_id_closing_date` (`office_id`,`closing_date`),
  KEY `FK_acc_gl_closure_m_office` (`office_id`),
  KEY `FK_acc_gl_closure_m_appuser` (`createdby_id`),
  KEY `FK_acc_gl_closure_m_appuser_2` (`lastmodifiedby_id`),
  CONSTRAINT `FK_acc_gl_closure_m_appuser` FOREIGN KEY (`createdby_id`) REFERENCES `m_appuser` (`id`),
  CONSTRAINT `FK_acc_gl_closure_m_appuser_2` FOREIGN KEY (`lastmodifiedby_id`) REFERENCES `m_appuser` (`id`),
  CONSTRAINT `FK_acc_gl_closure_m_office` FOREIGN KEY (`office_id`) REFERENCES `m_office` (`id`)
) ENGINE=InnoDB AUTO_INCREMENT=2 DEFAULT CHARSET=utf8;
/*!40101 SET character_set_client = @saved_cs_client */;

--
-- Dumping data for table `acc_gl_closure`
--

LOCK TABLES `acc_gl_closure` WRITE;
/*!40000 ALTER TABLE `acc_gl_closure` DISABLE KEYS */;
INSERT INTO `acc_gl_closure` VALUES (1,1,'2013-01-07',0,1,1,'2013-01-08 15:36:52','2013-01-08 15:36:52',NULL);
/*!40000 ALTER TABLE `acc_gl_closure` ENABLE KEYS */;
UNLOCK TABLES;

--
-- Table structure for table `acc_gl_journal_entry`
--

DROP TABLE IF EXISTS `acc_gl_journal_entry`;
/*!40101 SET @saved_cs_client     = @@character_set_client */;
/*!40101 SET character_set_client = utf8 */;
CREATE TABLE `acc_gl_journal_entry` (
  `id` bigint(20) NOT NULL AUTO_INCREMENT,
  `account_id` bigint(20) NOT NULL,
  `office_id` bigint(20) NOT NULL,
  `reversal_id` bigint(20) DEFAULT NULL,
  `transaction_id` varchar(50) NOT NULL,
  `reversed` tinyint(1) NOT NULL DEFAULT '0',
  `portfolio_generated` tinyint(1) NOT NULL DEFAULT '0',
  `entry_date` date NOT NULL,
  `type_enum` smallint(50) NOT NULL,
  `amount` decimal(19,6) NOT NULL,
  `description` varchar(500) DEFAULT NULL,
  `entity_type` varchar(50) DEFAULT NULL,
  `entity_id` bigint(20) DEFAULT NULL,
  `createdby_id` bigint(20) NOT NULL,
  `lastmodifiedby_id` bigint(20) NOT NULL,
  `created_date` datetime NOT NULL,
  `lastmodified_date` datetime NOT NULL,
  PRIMARY KEY (`id`),
  KEY `FK_acc_gl_journal_entry_m_office` (`office_id`),
  KEY `FK_acc_gl_journal_entry_m_appuser` (`createdby_id`),
  KEY `FK_acc_gl_journal_entry_m_appuser_2` (`lastmodifiedby_id`),
  KEY `FK_acc_gl_journal_entry_acc_gl_journal_entry` (`reversal_id`),
  KEY `FK_acc_gl_journal_entry_acc_gl_account` (`account_id`),
  CONSTRAINT `FK_acc_gl_journal_entry_acc_gl_account` FOREIGN KEY (`account_id`) REFERENCES `acc_gl_account` (`id`),
  CONSTRAINT `FK_acc_gl_journal_entry_acc_gl_journal_entry` FOREIGN KEY (`reversal_id`) REFERENCES `acc_gl_journal_entry` (`id`),
  CONSTRAINT `FK_acc_gl_journal_entry_m_appuser` FOREIGN KEY (`createdby_id`) REFERENCES `m_appuser` (`id`),
  CONSTRAINT `FK_acc_gl_journal_entry_m_appuser_2` FOREIGN KEY (`lastmodifiedby_id`) REFERENCES `m_appuser` (`id`),
  CONSTRAINT `FK_acc_gl_journal_entry_m_office` FOREIGN KEY (`office_id`) REFERENCES `m_office` (`id`)
) ENGINE=InnoDB AUTO_INCREMENT=6 DEFAULT CHARSET=utf8;
/*!40101 SET character_set_client = @saved_cs_client */;

--
-- Dumping data for table `acc_gl_journal_entry`
--

LOCK TABLES `acc_gl_journal_entry` WRITE;
/*!40000 ALTER TABLE `acc_gl_journal_entry` DISABLE KEYS */;
INSERT INTO `acc_gl_journal_entry` VALUES (1,1,10,NULL,'ZNQX64STOJEMGS8',0,0,'2012-12-01',2,'100.000000',NULL,NULL,NULL,1,1,'2012-12-31 20:57:27','2012-12-31 20:57:27'),(2,1,10,NULL,'ZNQX64STOJEMGS8',0,0,'2012-12-01',2,'100.000000',NULL,NULL,NULL,1,1,'2012-12-31 20:57:27','2012-12-31 20:57:27'),(3,1,10,NULL,'ZNQX64STOJEMGS8',0,0,'2012-12-01',1,'200.000000',NULL,NULL,NULL,1,1,'2012-12-31 20:57:27','2012-12-31 20:57:27'),(4,1,21,NULL,'ICYPXIB0GEVLAOX',0,0,'2013-01-08',2,'100.000000',NULL,NULL,NULL,1,1,'2013-01-08 15:35:23','2013-01-08 15:35:23'),(5,1,21,NULL,'ICYPXIB0GEVLAOX',0,0,'2013-01-08',1,'100.000000',NULL,NULL,NULL,1,1,'2013-01-08 15:35:23','2013-01-08 15:35:23');
/*!40000 ALTER TABLE `acc_gl_journal_entry` ENABLE KEYS */;
UNLOCK TABLES;

--
-- Table structure for table `acc_product_mapping`
--

DROP TABLE IF EXISTS `acc_product_mapping`;
/*!40101 SET @saved_cs_client     = @@character_set_client */;
/*!40101 SET character_set_client = utf8 */;
CREATE TABLE `acc_product_mapping` (
  `id` bigint(20) NOT NULL AUTO_INCREMENT,
  `gl_account_id` bigint(20) DEFAULT NULL,
  `product_id` bigint(20) DEFAULT NULL,
  `product_type` smallint(5) DEFAULT NULL,
  `financial_account_type` smallint(5) DEFAULT NULL,
  PRIMARY KEY (`id`)
) ENGINE=InnoDB DEFAULT CHARSET=utf8;
/*!40101 SET character_set_client = @saved_cs_client */;

--
-- Dumping data for table `acc_product_mapping`
--

LOCK TABLES `acc_product_mapping` WRITE;
/*!40000 ALTER TABLE `acc_product_mapping` DISABLE KEYS */;
/*!40000 ALTER TABLE `acc_product_mapping` ENABLE KEYS */;
UNLOCK TABLES;

--
-- Table structure for table `additional client fields data`
--

DROP TABLE IF EXISTS `additional client fields data`;
/*!40101 SET @saved_cs_client     = @@character_set_client */;
/*!40101 SET character_set_client = utf8 */;
CREATE TABLE `additional client fields data` (
  `client_id` bigint(20) NOT NULL,
  `Business Description` varchar(100) DEFAULT NULL,
  `Years in Business` int(11) DEFAULT NULL,
  `Gender_cd` int(11) DEFAULT NULL,
  `Education_cv` varchar(60) DEFAULT NULL,
  `Next Visit` date DEFAULT NULL,
  `Highest Rate Paid` decimal(19,6) DEFAULT NULL,
  `Comment` text,
  PRIMARY KEY (`client_id`),
  CONSTRAINT `FK_Additional Client Fields Data_1` FOREIGN KEY (`client_id`) REFERENCES `m_client` (`id`)
) ENGINE=InnoDB DEFAULT CHARSET=utf8;
/*!40101 SET character_set_client = @saved_cs_client */;

--
-- Dumping data for table `additional client fields data`
--

LOCK TABLES `additional client fields data` WRITE;
/*!40000 ALTER TABLE `additional client fields data` DISABLE KEYS */;
INSERT INTO `additional client fields data` VALUES (15,'first business',45,21,'Trade','2012-10-10','4.400000','some comments\ni \nmade up'),(16,NULL,88,21,'Trade','2012-10-03',NULL,'lk\nk\nk'),(17,'farmer',10,21,'Primary','2012-11-17','12.000000','efewd'),(36,NULL,NULL,21,'Primary','2012-11-15',NULL,NULL);
/*!40000 ALTER TABLE `additional client fields data` ENABLE KEYS */;
UNLOCK TABLES;

--
-- Table structure for table `additional loan fields data`
--

DROP TABLE IF EXISTS `additional loan fields data`;
/*!40101 SET @saved_cs_client     = @@character_set_client */;
/*!40101 SET character_set_client = utf8 */;
CREATE TABLE `additional loan fields data` (
  `loan_id` bigint(20) NOT NULL,
  `Business Description` varchar(100) DEFAULT NULL,
  `Years in Business` int(11) DEFAULT NULL,
  `Gender_cd` int(11) DEFAULT NULL,
  `Education_cv` varchar(60) DEFAULT NULL,
  `Next Visit` date DEFAULT NULL,
  `Highest Rate Paid` decimal(19,6) DEFAULT NULL,
  `Comment` text,
  PRIMARY KEY (`loan_id`),
  CONSTRAINT `FK_Additional Loan Fields Data_1` FOREIGN KEY (`loan_id`) REFERENCES `m_loan` (`id`)
) ENGINE=InnoDB DEFAULT CHARSET=utf8;
/*!40101 SET character_set_client = @saved_cs_client */;

--
-- Dumping data for table `additional loan fields data`
--

LOCK TABLES `additional loan fields data` WRITE;
/*!40000 ALTER TABLE `additional loan fields data` DISABLE KEYS */;
INSERT INTO `additional loan fields data` VALUES (44,NULL,NULL,21,'Tertiary',NULL,NULL,'some comment'),(52,'IT Consultant',2004,21,'Primary','2012-12-12',NULL,'no further comment');
/*!40000 ALTER TABLE `additional loan fields data` ENABLE KEYS */;
UNLOCK TABLES;

--
-- Table structure for table `c_configuration`
--

DROP TABLE IF EXISTS `c_configuration`;
/*!40101 SET @saved_cs_client     = @@character_set_client */;
/*!40101 SET character_set_client = utf8 */;
CREATE TABLE `c_configuration` (
  `id` bigint(20) NOT NULL AUTO_INCREMENT,
  `name` varchar(50) DEFAULT NULL,
  `enabled` tinyint(1) NOT NULL DEFAULT '0',
  PRIMARY KEY (`id`)
) ENGINE=InnoDB AUTO_INCREMENT=2 DEFAULT CHARSET=utf8;
/*!40101 SET character_set_client = @saved_cs_client */;

--
-- Dumping data for table `c_configuration`
--

LOCK TABLES `c_configuration` WRITE;
/*!40000 ALTER TABLE `c_configuration` DISABLE KEYS */;
INSERT INTO `c_configuration` VALUES (1,'maker-checker',0);
/*!40000 ALTER TABLE `c_configuration` ENABLE KEYS */;
UNLOCK TABLES;

--
-- Table structure for table `extra family details data`
--

DROP TABLE IF EXISTS `extra family details data`;
/*!40101 SET @saved_cs_client     = @@character_set_client */;
/*!40101 SET character_set_client = utf8 */;
CREATE TABLE `extra family details data` (
  `id` bigint(20) NOT NULL AUTO_INCREMENT,
  `client_id` bigint(20) NOT NULL,
  `Name` varchar(40) DEFAULT NULL,
  `Date of Birth` date DEFAULT NULL,
  `Points Score` int(11) DEFAULT NULL,
  `Education_cdHighest` int(11) DEFAULT NULL,
  `Other Notes` text,
  PRIMARY KEY (`id`),
  KEY `FK_Extra Family Details Data_1` (`client_id`),
  CONSTRAINT `FK_Extra Family Details Data_1` FOREIGN KEY (`client_id`) REFERENCES `m_client` (`id`)
) ENGINE=InnoDB AUTO_INCREMENT=7 DEFAULT CHARSET=utf8;
/*!40101 SET character_set_client = @saved_cs_client */;

--
-- Dumping data for table `extra family details data`
--

LOCK TABLES `extra family details data` WRITE;
/*!40000 ALTER TABLE `extra family details data` DISABLE KEYS */;
INSERT INTO `extra family details data` VALUES (1,16,'fasdf','2012-10-02',NULL,5,NULL),(2,35,'Jo','2004-02-04',NULL,4,NULL),(3,17,'father','1961-11-09',1,4,'kkn'),(4,15,'sfdgd',NULL,NULL,NULL,NULL),(5,15,'tretw',NULL,NULL,NULL,NULL),(6,17,'asdfasd','2013-01-22',12,4,'asdfa');
/*!40000 ALTER TABLE `extra family details data` ENABLE KEYS */;
UNLOCK TABLES;

--
-- Table structure for table `extra_client_details`
--

DROP TABLE IF EXISTS `extra_client_details`;
/*!40101 SET @saved_cs_client     = @@character_set_client */;
/*!40101 SET character_set_client = utf8 */;
CREATE TABLE `extra_client_details` (
  `id` bigint(20) NOT NULL AUTO_INCREMENT,
  `client_id` bigint(20) NOT NULL,
  `client_dob` date DEFAULT NULL,
  `client_address` varchar(60) DEFAULT NULL,
  `father_name` varchar(40) DEFAULT NULL,
  `nominee` varchar(40) DEFAULT NULL,
  `nominee_relationship` varchar(40) DEFAULT NULL,
  `nominee_address` varchar(60) DEFAULT NULL,
  `crime_no` varchar(40) DEFAULT NULL,
  `police_station` varchar(40) DEFAULT NULL,
  `other_notes` text,
  PRIMARY KEY (`id`),
  UNIQUE KEY `client_id` (`client_id`),
  KEY `FK_extra_client_details_1` (`client_id`),
  CONSTRAINT `FK_extra_client_details` FOREIGN KEY (`client_id`) REFERENCES `m_client` (`id`)
) ENGINE=InnoDB DEFAULT CHARSET=utf8;
/*!40101 SET character_set_client = @saved_cs_client */;

--
-- Dumping data for table `extra_client_details`
--

LOCK TABLES `extra_client_details` WRITE;
/*!40000 ALTER TABLE `extra_client_details` DISABLE KEYS */;
/*!40000 ALTER TABLE `extra_client_details` ENABLE KEYS */;
UNLOCK TABLES;

--
-- Table structure for table `m_appuser`
--

DROP TABLE IF EXISTS `m_appuser`;
/*!40101 SET @saved_cs_client     = @@character_set_client */;
/*!40101 SET character_set_client = utf8 */;
CREATE TABLE `m_appuser` (
  `id` bigint(20) NOT NULL AUTO_INCREMENT,
  `is_deleted` tinyint(1) NOT NULL DEFAULT '0',
  `office_id` bigint(20) DEFAULT NULL,
  `username` varchar(100) NOT NULL,
  `firstname` varchar(100) NOT NULL,
  `lastname` varchar(100) NOT NULL,
  `password` varchar(255) NOT NULL,
  `email` varchar(100) NOT NULL,
  `firsttime_login_remaining` bit(1) NOT NULL,
  `nonexpired` bit(1) NOT NULL,
  `nonlocked` bit(1) NOT NULL,
  `nonexpired_credentials` bit(1) NOT NULL,
  `enabled` bit(1) NOT NULL,
  PRIMARY KEY (`id`),
  UNIQUE KEY `username_org` (`username`),
  KEY `FKB3D587CE0DD567A` (`office_id`),
  CONSTRAINT `FKB3D587CE0DD567A` FOREIGN KEY (`office_id`) REFERENCES `m_office` (`id`)
) ENGINE=InnoDB AUTO_INCREMENT=28 DEFAULT CHARSET=utf8;
/*!40101 SET character_set_client = @saved_cs_client */;

--
-- Dumping data for table `m_appuser`
--

LOCK TABLES `m_appuser` WRITE;
/*!40000 ALTER TABLE `m_appuser` DISABLE KEYS */;
INSERT INTO `m_appuser` VALUES (1,0,1,'mifos','App(test)','Administrator','5787039480429368bf94732aacc771cd0a3ea02bcf504ffe1185ab94213bc63a','michael.grant@corenett.com','\0','','','',''),(3,1,1,'3_DELETED_Rich','ard','Rich','7f4f0cfd724ea68218c53474baa7dc248e3d495152b41ea4714b56250ab47a00','rich@mifos.org','','\0','','','\0'),(4,1,7,'4_DELETED_Mawi a','Mawi a','Lal','0faa62bef4ab6769e87d96bddd326330ffa35c91a0c9a8078dab6fba92f2819e','mawia@mifos.org','','\0','','','\0'),(5,1,12,'5_DELETED_hugo','hugo','technologies','bcddd6fdfde05842bfeff1513ae6b3d4deaa716e0d349b939539e834aa04de7f','info@hugotechnologies.com','','\0','','','\0'),(6,1,1,'6_DELETED_readonly1','readonly','example','e2f88de29fec7a561257b49bb14f837a72c50d288ff0ed4bbd5197b35a756062','fake@gmail.com','','\0','','','\0'),(7,1,10,'7_DELETED_special user','special','user','dcfcf5103612a0a268bfe5113d771b2ae11dff38acb4d9526b67dbab30df1fa0','john.woodlock@gmail.com','','\0','','','\0'),(8,1,1,'8_DELETED_Superman','Clark','Kent','2ffa417a31428dd7e555025d3bc22f516ba3c340066f817889e48f988f0d7809','clarkkent@fortressofsolitude.com','','\0','','','\0'),(10,1,15,'10_DELETED_clarkkent','Clark','Kent','e2e93da81f8db6f24f2143a371d7a8bd69212804f455a2fb08ac6d3b0abe07e6','arscott@expedia.com','','\0','','','\0'),(11,1,1,'11_DELETED_user2','baburao','sharma','e33d4b8f95769b486845581ce076d3f58f91108a09d551bf881e6da3ed692d1f','snowstormuser@gmail.com','','\0','','','\0'),(12,1,1,'12_DELETED_user1','santhosh','yadav','66e15cc7297d5bc4374801389e1cb7359f355cb335353be99566d2d729b536e0','snowstormuser@gmail.com','','\0','','','\0'),(13,1,1,'13_DELETED_user3','milind','bhuktar','4921639c42511b8a974ce1afb55ea435d4745a24d1897b177f5405d0167a1182','snowstormuser@gmail.com','','\0','','','\0'),(14,1,13,'14_DELETED_HGT approver','J','W','e9c65a4fcaf69e231535e12c5b76b4111aad596a54bcc15972687c42b9031908','john.woodlock@gmail.com','','\0','','','\0'),(15,1,12,'15_DELETED_Shiva','Kumar','shivkukar','d4c144f6553fda9f3e2d307f0981be7bfc9d47aac782a87c847bf4fb6c086572','shiva@gmail.com','','\0','','','\0'),(16,1,1,'16_DELETED_UserTest','UserTest','UserTest','72fe49fa3fb8a355787920405701cf6bf66f5ecbdbdc8d97d7f5c331b6f50628','UserTest@mail.tn','','\0','','','\0'),(19,1,10,'19_DELETED_TEST','TEST','TEST','95f973513b150f49a7cda32be8df0cc63064272e807e92158986d2677afacd5b','TEST@mail.tn','','\0','','','\0'),(20,1,18,'20_DELETED_Zayyad','Zayyad','Said','b21731893c7fac91ba9b5d210d252622b30692cd8c14c7b225ee343002632da8','zayyad@intrasofttechnologies.com','','\0','','','\0'),(21,1,10,'21_DELETED_dsdsdf','fdsfds','fsdf','5b4757ab04ee9ad57138fb143da4a7275d3678de94d8f80b000d0efa023fb6aa','sayantanwithlove@gmail.com','','\0','','','\0'),(22,0,1,'dickchan','Dick','Chan','95ca8bf7e5772543db2bbdc387326aed5ea9cf0135be8880fec570d26a004449','dick@abc.com','\0','','','',''),(24,0,22,'michaelcywan','Michael','Wan','a44bf1982d4f4e7d7924e71142e7dfa84d6bfad06d156090d471654222301808','michael@plusone.hk','\0','','','',''),(25,0,25,'Zayyad','Zayyad','Said','7e866e70a35f3727c0ae3a934cc12604fb027e5eea0860fd8a6b3015bf0fe70f','zayyad@intrasofttechnologies.com','\0','','','',''),(26,0,1,'test','test','test','6e3b1e8df572cbe3d2dcb38f8bcc332f3a01c53092266d37adc11856b821258a','test@gmail.com','\0','','','','');
/*!40000 ALTER TABLE `m_appuser` ENABLE KEYS */;
UNLOCK TABLES;

--
-- Table structure for table `m_appuser_role`
--

DROP TABLE IF EXISTS `m_appuser_role`;
/*!40101 SET @saved_cs_client     = @@character_set_client */;
/*!40101 SET character_set_client = utf8 */;
CREATE TABLE `m_appuser_role` (
  `appuser_id` bigint(20) NOT NULL,
  `role_id` bigint(20) NOT NULL,
  PRIMARY KEY (`appuser_id`,`role_id`),
  KEY `FK7662CE59B4100309` (`appuser_id`),
  KEY `FK7662CE5915CEC7AB` (`role_id`),
  CONSTRAINT `FK7662CE5915CEC7AB` FOREIGN KEY (`role_id`) REFERENCES `m_role` (`id`),
  CONSTRAINT `FK7662CE59B4100309` FOREIGN KEY (`appuser_id`) REFERENCES `m_appuser` (`id`)
) ENGINE=InnoDB DEFAULT CHARSET=utf8;
/*!40101 SET character_set_client = @saved_cs_client */;

--
-- Dumping data for table `m_appuser_role`
--

LOCK TABLES `m_appuser_role` WRITE;
/*!40000 ALTER TABLE `m_appuser_role` DISABLE KEYS */;
INSERT INTO `m_appuser_role` VALUES (1,1),(3,1),(4,2),(5,1),(6,7),(7,8),(7,9),(8,2),(8,3),(8,4),(8,5),(10,2),(11,3),(12,1),(13,11),(14,1),(15,2),(16,1),(19,1),(20,1),(21,2),(22,1),(22,2),(22,3),(22,4),(22,5),(22,6),(22,7),(22,8),(22,9),(22,10),(22,11),(24,1),(24,2),(24,3),(24,4),(24,5),(24,6),(24,7),(24,8),(24,9),(24,10),(24,11),(25,1),(26,1);
/*!40000 ALTER TABLE `m_appuser_role` ENABLE KEYS */;
UNLOCK TABLES;

--
-- Table structure for table `m_charge`
--

DROP TABLE IF EXISTS `m_charge`;
/*!40101 SET @saved_cs_client     = @@character_set_client */;
/*!40101 SET character_set_client = utf8 */;
CREATE TABLE `m_charge` (
  `id` bigint(20) NOT NULL AUTO_INCREMENT,
  `name` varchar(100) DEFAULT NULL,
  `currency_code` varchar(3) NOT NULL,
  `charge_applies_to_enum` smallint(5) NOT NULL,
  `charge_time_enum` smallint(5) NOT NULL,
  `charge_calculation_enum` smallint(5) NOT NULL,
  `amount` decimal(19,6) NOT NULL,
  `is_penalty` tinyint(1) NOT NULL DEFAULT '0',
  `is_active` tinyint(1) NOT NULL,
  `is_deleted` tinyint(1) NOT NULL DEFAULT '0',
  PRIMARY KEY (`id`),
  UNIQUE KEY `name` (`name`)
) ENGINE=InnoDB AUTO_INCREMENT=7 DEFAULT CHARSET=utf8;
/*!40101 SET character_set_client = @saved_cs_client */;

--
-- Dumping data for table `m_charge`
--

LOCK TABLES `m_charge` WRITE;
/*!40000 ALTER TABLE `m_charge` DISABLE KEYS */;
INSERT INTO `m_charge` VALUES (1,'Fee','USD',1,1,1,'10.000000',0,1,0),(2,'Check Bounce penalty','XOF',1,2,1,'50.000000',0,1,0),(3,'fee2','XOF',1,1,1,'12.000000',0,1,0),(4,'PlusOne Service Charge %','HKD',1,1,2,'1.000000',0,1,0),(5,'Administration Fee','HKD',1,1,1,'500.000000',0,1,0),(6,'OD Charge','HKD',1,2,2,'12.000000',1,1,0);
/*!40000 ALTER TABLE `m_charge` ENABLE KEYS */;
UNLOCK TABLES;

--
-- Table structure for table `m_client`
--

DROP TABLE IF EXISTS `m_client`;
/*!40101 SET @saved_cs_client     = @@character_set_client */;
/*!40101 SET character_set_client = utf8 */;
CREATE TABLE `m_client` (
  `id` bigint(20) NOT NULL AUTO_INCREMENT,
  `account_no` varchar(20) NOT NULL,
  `office_id` bigint(20) NOT NULL,
  `external_id` varchar(100) DEFAULT NULL,
  `firstname` varchar(50) DEFAULT NULL,
  `middlename` varchar(50) DEFAULT NULL,
  `lastname` varchar(50) DEFAULT NULL,
  `fullname` varchar(100) DEFAULT NULL,
  `display_name` varchar(100) NOT NULL,
  `image_key` varchar(500) DEFAULT NULL,
  `joined_date` date DEFAULT NULL,
  `createdby_id` bigint(20) DEFAULT NULL,
  `created_date` datetime DEFAULT NULL,
  `lastmodified_date` datetime DEFAULT NULL,
  `lastmodifiedby_id` bigint(20) DEFAULT NULL,
  `is_deleted` tinyint(1) NOT NULL DEFAULT '0',
  PRIMARY KEY (`id`),
  UNIQUE KEY `account_no_UNIQUE` (`account_no`),
  UNIQUE KEY `external_id` (`external_id`),
  KEY `FKCE00CAB3E0DD567A` (`office_id`),
  KEY `FKAUD0000000000001` (`createdby_id`),
  KEY `FKAUD0000000000002` (`lastmodifiedby_id`),
  CONSTRAINT `FKAUD0000000000001` FOREIGN KEY (`createdby_id`) REFERENCES `m_appuser` (`id`),
  CONSTRAINT `FKAUD0000000000002` FOREIGN KEY (`lastmodifiedby_id`) REFERENCES `m_appuser` (`id`),
  CONSTRAINT `FKCE00CAB3E0DD567A` FOREIGN KEY (`office_id`) REFERENCES `m_office` (`id`)
) ENGINE=InnoDB AUTO_INCREMENT=82 DEFAULT CHARSET=utf8;
/*!40101 SET character_set_client = @saved_cs_client */;

--
-- Dumping data for table `m_client`
--

LOCK TABLES `m_client` WRITE;
/*!40000 ALTER TABLE `m_client` DISABLE KEYS */;
INSERT INTO `m_client` VALUES (1,'1',1,NULL,'Willie',NULL,'O\'Meara',NULL,'Willie O\'Meara',NULL,'2009-01-04',1,'2012-04-12 22:07:44','2012-04-12 22:07:44',1,0),(2,'2',1,NULL,'Declan',NULL,'Browne',NULL,'Declan Browne',NULL,'2009-01-04',1,'2012-04-12 22:15:39','2012-04-12 22:15:39',1,0),(3,'3',1,NULL,'Ja',NULL,'Fallon',NULL,'Ja Fallon',NULL,'2009-01-11',1,'2012-04-12 22:16:30','2012-04-12 22:16:30',1,0),(4,'4',1,NULL,'Peter',NULL,'Lambert',NULL,'Peter Lambert',NULL,'2009-01-11',1,'2012-04-12 22:17:01','2012-04-12 22:17:01',1,0),(5,'5',1,NULL,NULL,NULL,NULL,'Sunnyville vegetable growers Ltd','Sunnyville vegetable growers Ltd',NULL,'2009-01-24',1,'2012-04-12 22:19:18','2012-04-12 22:19:18',1,0),(6,'6',2,NULL,'Jacques',NULL,'Lee',NULL,'Jacques Lee',NULL,'2012-04-03',1,'2012-04-14 06:09:22','2012-08-01 13:50:13',1,0),(7,'7',1,NULL,'Kalilou',NULL,'Traor',NULL,'Kalilou Traor',NULL,'2009-02-04',1,'2012-04-14 09:38:11','2012-04-14 09:38:11',1,0),(8,'8',1,NULL,'Sidi',NULL,'Kon',NULL,'Sidi Kon',NULL,'2009-02-11',1,'2012-04-14 09:45:43','2012-04-14 09:45:43',1,0),(9,'9',1,'9_null','Moustapha',NULL,'Yattabar',NULL,'Moustapha Yattabar',NULL,'2009-02-18',1,'2012-04-14 10:24:20','2012-12-01 10:28:48',1,1),(10,'10',1,NULL,NULL,NULL,NULL,'Mali fruit sales ltd.','Mali fruit sales ltd.',NULL,'2009-02-18',1,'2012-04-14 10:25:37','2012-04-14 10:25:37',1,0),(11,'11',1,NULL,NULL,NULL,NULL,'Djenne co-op group','Djenne co-op group',NULL,'2009-02-25',1,'2012-04-14 10:31:03','2012-04-14 10:31:03',1,0),(12,'12',1,NULL,NULL,NULL,NULL,'Heavens Family','Heavens Family',NULL,'2012-07-19',1,'2012-07-19 15:03:47','2012-07-19 15:03:47',1,0),(13,'13',7,NULL,NULL,NULL,NULL,'U Thanung','U Thanung',NULL,'2012-07-19',1,'2012-07-19 16:01:49','2012-07-19 16:01:49',1,0),(14,'14',16,NULL,'Customer',NULL,'One',NULL,'Customer One',NULL,'2012-07-23',1,'2012-07-23 04:27:18','2012-07-23 04:27:18',1,0),(15,'15',12,NULL,NULL,NULL,NULL,'HGT 28','HGT 28',NULL,'2012-07-28',1,'2012-07-28 11:28:16','2012-07-28 11:28:16',1,0),(16,'16',10,'somethingless','Wale',NULL,'Afolabie',NULL,'Wale Afolabi','/root/.mifosx/DefaultDemoTenant/images/clients/16/JPEG_example_JPG_RIP_010.jpg','2012-08-19',1,'2012-08-19 08:58:44','2012-12-19 15:19:37',1,0),(17,'17',6,NULL,NULL,NULL,NULL,'Agri','Agri',NULL,'2012-08-27',1,'2012-08-27 17:02:28','2012-11-15 07:37:02',1,0),(18,'18',1,NULL,NULL,NULL,NULL,'Hardrock Hotel','Hardrock Hotel','/root/.mifosx/DefaultDemoTenant/images/clients/18/240px-Felis_silvestris_silvestris_small_gradual_decrease_of_quality.png','2012-08-09',1,'2012-09-04 16:38:30','2012-11-09 13:07:18',1,0),(19,'19',1,NULL,NULL,NULL,NULL,'Hardrock Hotel','Hardrock Hotel',NULL,'2012-08-09',1,'2012-09-04 16:38:30','2012-09-04 16:38:30',1,0),(20,'20',1,NULL,'rama',NULL,'shama',NULL,'rama shama',NULL,'2012-09-04',1,'2012-09-04 16:39:36','2012-09-04 16:39:36',1,0),(21,'21',1,NULL,'safik',NULL,'omara',NULL,'safik omara',NULL,'2012-09-05',1,'2012-09-05 09:10:58','2012-09-05 09:10:58',1,0),(22,'22',1,NULL,'Michael',NULL,'Wan',NULL,'Michael Wan','/root/.mifosx/DefaultDemoTenant/images/clients/22/logo.png','2011-11-03',1,'2012-09-05 09:10:59','2012-12-12 07:09:53',1,0),(23,'23',1,NULL,'trips',NULL,'sundari',NULL,'trips sundari',NULL,'2012-09-05',1,'2012-09-05 14:30:32','2012-09-05 14:30:32',1,0),(24,'24',1,'24_1337','Lex',NULL,'Luthor',NULL,'Lex Luthor',NULL,'2012-09-07',1,'2012-09-07 18:34:50','2012-09-07 18:56:29',1,1),(25,'25',1,NULL,'Clark',NULL,'Kent',NULL,'Clark Kent',NULL,'2012-09-07',1,'2012-09-07 19:22:33','2012-09-07 19:22:33',1,0),(26,'26',1,NULL,'Bruce',NULL,'Wayne',NULL,'Bruce Wayne',NULL,'2012-09-07',1,'2012-09-07 19:23:17','2012-09-07 19:23:17',1,0),(27,'27',7,'123456',NULL,NULL,NULL,'Sugar Bauman','Sugar Bauman','/root/.mifosx/DefaultDemoTenant/images/clients/27/Chrysanthemum.jpg','2012-09-07',1,'2012-09-07 20:10:54','2012-11-20 13:31:04',1,0),(28,'28',1,NULL,NULL,NULL,NULL,'NagpurMFOSX','NagpurMFOSX',NULL,'2012-09-21',1,'2012-09-21 17:09:51','2012-09-21 17:09:51',1,0),(29,'29',1,NULL,NULL,NULL,NULL,'LocalMIFOS','LocalMIFOS',NULL,'2012-09-22',1,'2012-09-22 08:00:12','2012-09-22 08:00:12',1,0),(30,'30',13,'30_444',NULL,NULL,NULL,'Aloha Technology','Aloha Technology',NULL,'2012-09-25',1,'2012-09-25 10:00:07','2012-12-01 07:58:07',1,1),(31,'31',13,'1111',NULL,NULL,NULL,'wwwwww','wwwwww',NULL,'2012-09-25',1,'2012-09-25 11:33:28','2012-09-25 11:33:28',1,0),(32,'32',12,'111',NULL,NULL,NULL,'new client','new client',NULL,'2012-09-25',1,'2012-09-25 11:36:30','2012-09-25 11:36:30',1,0),(33,'33',1,NULL,NULL,NULL,NULL,'Balaji builder','Balaji builder','/root/.mifosx/DefaultDemoTenant/images/clients/33/places.png','2012-09-25',1,'2012-09-25 11:44:47','2012-11-16 08:57:06',1,0),(34,'34',1,NULL,'Firstname',NULL,'Surname',NULL,'Firstname Surname',NULL,'2012-10-12',1,'2012-10-12 17:12:36','2012-10-12 17:12:36',1,0),(35,'35',1,NULL,'Joe',NULL,'Public',NULL,'Joe Public',NULL,'2012-10-01',1,'2012-10-31 02:54:58','2012-10-31 02:54:58',1,0),(36,'36',20,'36_null','Ramesh',NULL,'Rathod',NULL,'Ramesh Rathod',NULL,'2012-11-15',1,'2012-11-15 05:19:01','2012-11-15 05:34:12',1,1),(37,'37',20,NULL,'Ramesh',NULL,'Rathod',NULL,'Ramesh Rathod','/root/.mifosx/DefaultDemoTenant/images/clients/37/lau-fig05_005 - Copy.jpg','2012-11-15',1,'2012-11-15 05:19:01','2012-11-15 05:34:53',1,0),(38,'38',1,'2121','jkhjk',NULL,'mhvh',NULL,'jkhjk mhvh',NULL,'2012-11-15',1,'2012-11-15 07:55:06','2012-11-15 07:55:06',1,0),(39,'39',1,'1','Madhukar',NULL,'Reddy',NULL,'Madhukar Reddy',NULL,'2012-11-24',1,'2012-11-24 12:13:55','2012-11-24 12:13:55',1,0),(40,'40',1,'123456778','test',NULL,'user',NULL,'test user',NULL,'2012-12-01',1,'2012-12-01 08:02:29','2012-12-01 08:02:29',1,0),(41,'41',1,NULL,'Kannan',NULL,'P',NULL,'Kannan P',NULL,'2012-12-01',1,'2012-12-01 08:35:25','2012-12-01 08:35:25',1,0),(42,'42',1,'786YYH7','Petra',NULL,'Yton',NULL,'Petra Yton',NULL,'2009-03-04',1,'2012-12-01 14:37:18','2012-12-01 14:37:18',1,0),(43,'43',1,NULL,'john',NULL,'call',NULL,'john call','/root/.mifosx/DefaultDemoTenant/images/clients/43/image.jpeg','2012-11-26',1,'2012-12-01 15:34:00','2012-12-18 20:03:41',1,0),(44,'44',1,NULL,'john',NULL,'callaghn',NULL,'john callaghn',NULL,'2012-12-01',1,'2012-12-01 15:39:12','2012-12-01 15:39:12',1,0),(45,'45',1,NULL,'john',NULL,'callaghan',NULL,'john callaghan',NULL,'2012-11-27',1,'2012-12-01 15:40:27','2012-12-01 15:40:27',1,0),(46,'46',1,NULL,'john',NULL,'callaghan',NULL,'john callaghan',NULL,'2012-11-28',1,'2012-12-01 15:50:07','2012-12-01 15:50:07',1,0),(47,'47',10,NULL,'Test',NULL,'Client',NULL,'Test Client','/root/.mifosx/DefaultDemoTenant/images/clients/47/image.jpeg','2012-12-01',1,'2012-12-01 19:12:26','2012-12-27 08:01:26',1,0),(48,'48',1,NULL,'Kannan',NULL,'P',NULL,'Kannan P',NULL,'2012-12-02',1,'2012-12-02 06:17:51','2012-12-02 06:17:51',1,0),(49,'49',1,NULL,'Brendan',NULL,'Fahy',NULL,'Brendan Fahy',NULL,'2012-12-01',1,'2012-12-02 12:46:34','2012-12-02 12:46:34',1,0),(50,'50',1,NULL,'Brendan',NULL,'Fahy',NULL,'Brendan Fahy',NULL,'2012-12-01',1,'2012-12-02 12:58:33','2012-12-02 12:58:33',1,0),(51,'51',1,NULL,'Brendan',NULL,'Fahy',NULL,'Brendan Fahy',NULL,'2012-12-01',1,'2012-12-02 13:07:35','2012-12-02 13:07:35',1,0),(52,'52',19,NULL,'Han',NULL,'Solo',NULL,'Han Solo',NULL,'2012-12-02',1,'2012-12-02 15:05:25','2012-12-02 15:05:25',1,0),(53,'53',16,NULL,'Another',NULL,'Client',NULL,'Another Client',NULL,'2012-12-02',1,'2012-12-02 15:24:10','2012-12-02 15:24:10',1,0),(54,'54',17,NULL,'Clark',NULL,'Kent',NULL,'Clark Kent',NULL,'2012-12-02',1,'2012-12-02 16:03:27','2012-12-02 16:03:27',1,0),(55,'55',6,'114554','sayantan',NULL,'tarafdar',NULL,'sayantan tarafdar',NULL,'2012-12-05',1,'2012-12-05 15:20:21','2012-12-05 15:20:21',1,0),(56,'56',10,'funtoosh_decorators_1',NULL,NULL,NULL,'Funtoosh Decorators','Funtoosh Decorators',NULL,'2012-12-06',1,'2012-12-06 16:57:56','2012-12-06 16:57:56',1,0),(57,'57',1,NULL,'Uganda',NULL,'client',NULL,'Uganda client',NULL,'2011-12-07',1,'2012-12-07 11:04:14','2012-12-07 11:04:14',1,0),(58,'58',22,NULL,'Hong',NULL,'Chan',NULL,'Hong Chan','/root/.mifosx/DefaultDemoTenant/images/clients/58/logo.png','2012-04-01',1,'2012-12-12 07:26:27','2012-12-12 08:05:12',24,0),(59,'59',1,NULL,'Peter',NULL,'Pan',NULL,'Peter Pan',NULL,'2012-12-12',1,'2012-12-12 07:27:06','2012-12-12 07:27:06',1,0),(60,'60',1,NULL,'user',NULL,'user',NULL,'user user',NULL,'2012-12-13',1,'2012-12-13 16:40:37','2012-12-13 16:40:37',1,0),(61,'61',10,'445','father',NULL,'lastname',NULL,'father lastname',NULL,'2012-12-18',1,'2012-12-18 20:52:29','2012-12-18 20:52:29',1,0),(62,'62',1,'avinash','Test',NULL,'avinash',NULL,'Test avinash',NULL,'2012-12-20',1,'2012-12-20 06:38:04','2012-12-20 06:38:04',1,0),(63,'63',1,NULL,'?',NULL,'lklkl',NULL,'Sander Heyden',NULL,'2012-12-20',1,'2012-12-20 12:35:39','2013-01-10 14:35:37',1,0),(64,'64',21,'447','father',NULL,'lastname',NULL,'father lastname',NULL,'2012-12-21',1,'2012-12-21 09:14:41','2012-12-21 09:14:41',1,0),(65,'65',1,NULL,'aaaa',NULL,'aaaaa',NULL,'aaaa aaaaa',NULL,'2012-12-24',1,'2012-12-24 04:07:11','2012-12-24 04:07:11',1,0),(66,'66',1,'1234515','Bla',NULL,'DieBla',NULL,'Bla DieBla',NULL,'2013-01-02',1,'2013-01-02 15:54:04','2013-01-02 15:54:04',1,0),(67,'67',25,'67_null','Zayyad',NULL,'Alawy',NULL,'Zayyad Alawy',NULL,'2013-01-14',25,'2013-01-14 10:47:54','2013-01-18 12:04:44',1,1),(69,'69',1,'mustaq','Mustaq',NULL,'Ahmed',NULL,'Mustaq Ahmed',NULL,'2012-01-20',1,'2013-01-19 15:37:29','2013-01-19 15:37:29',1,0),(71,'71',1,'mustaq1','Mustaq',NULL,'Ahmed',NULL,'Mustaq Ahmed',NULL,'2012-01-20',1,'2013-01-19 15:37:55','2013-01-19 15:37:55',1,0),(72,'72',1,'mustaq2','Mustaq',NULL,'Ahmed',NULL,'Mustaq Ahmed',NULL,'2012-01-20',1,'2013-01-19 16:34:07','2013-01-19 16:34:07',1,0),(73,'73',1,'73_umar','umar',NULL,'farooq',NULL,'umar farooq',NULL,'2011-01-20',1,'2013-01-20 07:53:32','2013-01-21 05:55:37',1,1),(74,'74',1,'74_umar1','umar1',NULL,'farooq',NULL,'umar1 farooq',NULL,'2012-01-20',1,'2013-01-20 08:00:57','2013-01-21 05:55:49',1,1),(75,'75',1,'mustaq9','shaik',NULL,'ahmed',NULL,'shaik ahmed',NULL,'2013-01-20',1,'2013-01-20 08:03:42','2013-01-20 08:03:42',1,0),(76,'76',1,'hi','shaik',NULL,'shaik',NULL,'shaik shaik',NULL,'2012-01-20',1,'2013-01-21 16:05:40','2013-01-21 16:05:40',1,0),(79,'79',1,'test','Shiva',NULL,'kumar',NULL,'Shiva kumar',NULL,'2013-01-12',1,'2013-01-22 04:03:33','2013-01-22 04:03:33',1,0),(80,'80',1,'true','shiva',NULL,'sir',NULL,'shiva sir',NULL,'2012-01-12',1,'2013-01-23 05:26:01','2013-01-23 05:26:01',1,0),(81,'81',1,'Through Dynamic Mobile form (HT)','Suhas',NULL,'Through Dynamic Mobile form (HT)',NULL,'Suhas Through Dynamic Mobile form (HT)',NULL,'2012-01-22',1,'2013-01-23 05:29:39','2013-01-23 05:29:39',1,0);
/*!40000 ALTER TABLE `m_client` ENABLE KEYS */;
UNLOCK TABLES;

--
-- Table structure for table `m_client_identifier`
--

DROP TABLE IF EXISTS `m_client_identifier`;
/*!40101 SET @saved_cs_client     = @@character_set_client */;
/*!40101 SET character_set_client = utf8 */;
CREATE TABLE `m_client_identifier` (
  `id` bigint(20) NOT NULL AUTO_INCREMENT,
  `client_id` bigint(20) NOT NULL,
  `document_type_id` int(11) NOT NULL,
  `document_key` varchar(50) NOT NULL,
  `description` varchar(500) DEFAULT NULL,
  `createdby_id` bigint(20) DEFAULT NULL,
  `lastmodifiedby_id` bigint(20) DEFAULT NULL,
  `created_date` datetime DEFAULT NULL,
  `lastmodified_date` datetime DEFAULT NULL,
  PRIMARY KEY (`id`),
  UNIQUE KEY `unique_identifier_key` (`document_type_id`,`document_key`),
  UNIQUE KEY `unique_client_identifier` (`client_id`,`document_type_id`),
  KEY `FK_m_client_document_m_client` (`client_id`),
  KEY `FK_m_client_document_m_code_value` (`document_type_id`),
  CONSTRAINT `FK_m_client_document_m_client` FOREIGN KEY (`client_id`) REFERENCES `m_client` (`id`),
  CONSTRAINT `FK_m_client_document_m_code_value` FOREIGN KEY (`document_type_id`) REFERENCES `m_code_value` (`id`)
) ENGINE=InnoDB AUTO_INCREMENT=6 DEFAULT CHARSET=utf8;
/*!40101 SET character_set_client = @saved_cs_client */;

--
-- Dumping data for table `m_client_identifier`
--

LOCK TABLES `m_client_identifier` WRITE;
/*!40000 ALTER TABLE `m_client_identifier` DISABLE KEYS */;
INSERT INTO `m_client_identifier` VALUES (1,16,66,'56532',NULL,1,1,'2012-10-29 10:05:14','2012-10-29 10:05:14'),(2,37,65,'INDPP2015',NULL,1,1,'2012-11-15 05:19:40','2012-11-15 05:19:40'),(3,27,65,'1233','hgjghj',1,1,'2012-11-20 13:34:35','2012-11-20 13:34:35'),(4,2,66,'gehrtyhrthr','hfghfg',1,1,'2012-12-01 10:42:40','2012-12-01 10:42:40'),(5,59,68,'A1234567','No description',1,1,'2012-12-12 07:27:53','2012-12-12 07:27:53');
/*!40000 ALTER TABLE `m_client_identifier` ENABLE KEYS */;
UNLOCK TABLES;

--
-- Table structure for table `m_client_xadditional information`
--

DROP TABLE IF EXISTS `m_client_xadditional information`;
/*!40101 SET @saved_cs_client     = @@character_set_client */;
/*!40101 SET character_set_client = utf8 */;
CREATE TABLE `m_client_xadditional information` (
  `id` bigint(20) NOT NULL AUTO_INCREMENT,
  `Ethnic Group` varchar(50) DEFAULT NULL,
  `Ethnic Group Other` varchar(50) DEFAULT NULL,
  `Household Location` varchar(50) DEFAULT NULL,
  `Household Location Other` varchar(50) DEFAULT NULL,
  `Religion` varchar(50) DEFAULT NULL,
  `Religion Other` varchar(50) DEFAULT NULL,
  `Knowledge of Person` varchar(50) DEFAULT NULL,
  `Gender` varchar(10) DEFAULT NULL,
  `Whois` mediumtext,
  PRIMARY KEY (`id`),
  CONSTRAINT `portfolio_client_extra_Additional Information_fk1` FOREIGN KEY (`id`) REFERENCES `m_client` (`id`) ON DELETE NO ACTION ON UPDATE NO ACTION
) ENGINE=InnoDB AUTO_INCREMENT=35 DEFAULT CHARSET=utf8;
/*!40101 SET character_set_client = @saved_cs_client */;

--
-- Dumping data for table `m_client_xadditional information`
--

LOCK TABLES `m_client_xadditional information` WRITE;
/*!40000 ALTER TABLE `m_client_xadditional information` DISABLE KEYS */;
INSERT INTO `m_client_xadditional information` VALUES (1,'Italian',NULL,'North Sikkim',NULL,'Unknown',NULL,'Friend of staff member','Male','More info about this and other things\n\nuntil the end'),(4,'Bedouin',NULL,'North Sikkim',NULL,'Atheist',NULL,'Staff member',NULL,NULL),(13,'Other','Chin','Other','Zatual','Protestant',NULL,'Other','Male',NULL),(15,'Berber',NULL,'South Sikkim',NULL,'Animist',NULL,NULL,'Male',NULL),(16,'Italian',NULL,'North Sikkim',NULL,NULL,NULL,'Friend of staff member',NULL,NULL),(17,'Berber',NULL,'North Sikkim',NULL,'Muslim',NULL,'Spouse of staff member','Male',NULL),(24,'Unknown',NULL,'East Sikkim',NULL,'Animist',NULL,'Staff member','Male',NULL),(25,'Other','Kryptonian','Other','Metropolis','Other','Humanist','Other','Male','Farm boy turned reporter.'),(27,'Other','Asian','Other','Xian','Other',NULL,'Other','Female','uh?'),(34,'Italian',NULL,'East Sikkim',NULL,'Muslim',NULL,'Not known by any staff member','Male',NULL);
/*!40000 ALTER TABLE `m_client_xadditional information` ENABLE KEYS */;
UNLOCK TABLES;

--
-- Table structure for table `m_client_xhighly improbable info`
--

DROP TABLE IF EXISTS `m_client_xhighly improbable info`;
/*!40101 SET @saved_cs_client     = @@character_set_client */;
/*!40101 SET character_set_client = utf8 */;
CREATE TABLE `m_client_xhighly improbable info` (
  `id` bigint(20) NOT NULL AUTO_INCREMENT,
  `Fathers Favourite Team` varchar(50) DEFAULT NULL,
  `Mothers Favourite Team` varchar(50) DEFAULT NULL,
  `Fathers DOB` date DEFAULT NULL,
  `Mothers DOB` date DEFAULT NULL,
  `Fathers Education` varchar(50) DEFAULT NULL,
  `Mothers Education` varchar(50) DEFAULT NULL,
  `Number of Children` int(11) DEFAULT NULL,
  `Favourite Town` varchar(30) DEFAULT NULL,
  `Closing Comments` mediumtext,
  `Annual Family Income` decimal(19,6) DEFAULT NULL,
  PRIMARY KEY (`id`),
  CONSTRAINT `portfolio_client_extra_Highly Improbable Info_fk1` FOREIGN KEY (`id`) REFERENCES `m_client` (`id`) ON DELETE NO ACTION ON UPDATE NO ACTION
) ENGINE=InnoDB AUTO_INCREMENT=26 DEFAULT CHARSET=utf8;
/*!40101 SET character_set_client = @saved_cs_client */;

--
-- Dumping data for table `m_client_xhighly improbable info`
--

LOCK TABLES `m_client_xhighly improbable info` WRITE;
/*!40000 ALTER TABLE `m_client_xhighly improbable info` DISABLE KEYS */;
INSERT INTO `m_client_xhighly improbable info` VALUES (1,'AC Milan','Manchester Utd',NULL,NULL,'Secondary','Secondary',NULL,NULL,NULL,NULL),(2,'Sao Paulo',NULL,'2012-07-12',NULL,NULL,NULL,NULL,NULL,'bally\r\n\r\ncl',NULL),(3,NULL,NULL,NULL,NULL,NULL,NULL,NULL,NULL,NULL,NULL),(16,'Sao Paulo',NULL,NULL,NULL,NULL,NULL,NULL,NULL,NULL,NULL),(17,'Juventus',NULL,'2012-08-15',NULL,NULL,NULL,NULL,NULL,NULL,NULL),(25,'None, hates soccer','Sao Paulo','1984-04-19','1978-11-16','Trade','Tertiary',3,'Copenhagen','We find him not guilty.','30000.432000');
/*!40000 ALTER TABLE `m_client_xhighly improbable info` ENABLE KEYS */;
UNLOCK TABLES;

--
-- Table structure for table `m_code`
--

DROP TABLE IF EXISTS `m_code`;
/*!40101 SET @saved_cs_client     = @@character_set_client */;
/*!40101 SET character_set_client = utf8 */;
CREATE TABLE `m_code` (
  `id` int(11) NOT NULL AUTO_INCREMENT,
  `code_name` varchar(100) DEFAULT NULL,
  `is_system_defined` tinyint(1) NOT NULL DEFAULT '0',
  PRIMARY KEY (`id`),
  UNIQUE KEY `code_name` (`code_name`)
) ENGINE=InnoDB AUTO_INCREMENT=10 DEFAULT CHARSET=utf8;
/*!40101 SET character_set_client = @saved_cs_client */;

--
-- Dumping data for table `m_code`
--

LOCK TABLES `m_code` WRITE;
/*!40000 ALTER TABLE `m_code` DISABLE KEYS */;
INSERT INTO `m_code` VALUES (1,'Business',0),(2,'Education',0),(3,'Ethnic Group',0),(4,'Football Team',0),(5,'Gender',0),(6,'Knowledge of Person',0),(7,'Location',0),(8,'Religion',0),(9,'Customer Identifier',1);
/*!40000 ALTER TABLE `m_code` ENABLE KEYS */;
UNLOCK TABLES;

--
-- Table structure for table `m_code_value`
--

DROP TABLE IF EXISTS `m_code_value`;
/*!40101 SET @saved_cs_client     = @@character_set_client */;
/*!40101 SET character_set_client = utf8 */;
CREATE TABLE `m_code_value` (
  `id` int(11) NOT NULL AUTO_INCREMENT,
  `code_id` int(11) NOT NULL,
  `code_value` varchar(100) DEFAULT NULL,
  `order_position` int(11) NOT NULL DEFAULT '0',
  PRIMARY KEY (`id`),
  UNIQUE KEY `code_value` (`code_id`,`code_value`),
  KEY `FKCFCEA42640BE071Z` (`code_id`),
  CONSTRAINT `FKCFCEA42640BE071Z` FOREIGN KEY (`code_id`) REFERENCES `m_code` (`id`)
) ENGINE=InnoDB AUTO_INCREMENT=69 DEFAULT CHARSET=utf8;
/*!40101 SET character_set_client = @saved_cs_client */;

--
-- Dumping data for table `m_code_value`
--

LOCK TABLES `m_code_value` WRITE;
/*!40000 ALTER TABLE `m_code_value` DISABLE KEYS */;
INSERT INTO `m_code_value` VALUES (1,1,'Existing',8),(2,1,'New',7),(3,2,'None',44),(4,2,'Primary',40),(5,2,'Secondary',41),(6,2,'Tertiary',42),(7,2,'Trade',43),(8,3,'Bedouin',15),(9,3,'Berber',16),(10,3,'Italian',17),(11,3,'Miknasa',18),(12,3,'Mrazig',19),(13,3,'Other',20),(14,3,'Unknown',46),(15,4,'AC Milan',36),(16,4,'Juventus',37),(17,4,'Manchester Utd',39),(18,4,'None, hates soccer',45),(19,4,'Sao Paulo',38),(20,5,'Female',21),(21,5,'Male',22),(22,6,'Friend of staff member',26),(23,6,'Not known by any staff member',27),(24,6,'Other',28),(25,6,'Son/daughter of staff member',25),(26,6,'Spouse of staff member',24),(27,6,'Staff member',23),(28,7,'East Sikkim',1),(29,7,'North Sikkim',2),(30,7,'Other',6),(31,7,'South Sikkim',3),(32,7,'West Sikkim',4),(33,8,'Animist',32),(34,8,'Atheist',33),(35,8,'Catholic',30),(36,8,'Muslim',31),(37,8,'Other',34),(38,8,'Protestant',29),(39,8,'Unknown',35),(64,9,'Driving Licence',1),(65,9,'Passport',2),(66,9,'PAN Card',3),(67,9,'Ration Card',4),(68,9,'Other',5);
/*!40000 ALTER TABLE `m_code_value` ENABLE KEYS */;
UNLOCK TABLES;

--
-- Table structure for table `m_currency`
--

DROP TABLE IF EXISTS `m_currency`;
/*!40101 SET @saved_cs_client     = @@character_set_client */;
/*!40101 SET character_set_client = utf8 */;
CREATE TABLE `m_currency` (
  `id` bigint(20) NOT NULL AUTO_INCREMENT,
  `code` varchar(3) NOT NULL,
  `decimal_places` smallint(5) NOT NULL,
  `display_symbol` varchar(10) DEFAULT NULL,
  `name` varchar(50) NOT NULL,
  `internationalized_name_code` varchar(50) NOT NULL,
  PRIMARY KEY (`id`),
  UNIQUE KEY `code` (`code`)
) ENGINE=InnoDB AUTO_INCREMENT=164 DEFAULT CHARSET=utf8;
/*!40101 SET character_set_client = @saved_cs_client */;

--
-- Dumping data for table `m_currency`
--

LOCK TABLES `m_currency` WRITE;
/*!40000 ALTER TABLE `m_currency` DISABLE KEYS */;
INSERT INTO `m_currency` VALUES (1,'AED',2,NULL,'UAE Dirham','currency.AED'),(2,'AFN',2,NULL,'Afghanistan Afghani','currency.AFN'),(3,'ALL',2,NULL,'Albanian Lek','currency.ALL'),(4,'AMD',2,NULL,'Armenian Dram','currency.AMD'),(5,'ANG',2,NULL,'Netherlands Antillian Guilder','currency.ANG'),(6,'AOA',2,NULL,'Angolan Kwanza','currency.AOA'),(7,'ARS',2,NULL,'Argentine Peso','currency.ARS'),(8,'AUD',2,NULL,'Australian Dollar','currency.AUD'),(9,'AWG',2,NULL,'Aruban Guilder','currency.AWG'),(10,'AZM',2,NULL,'Azerbaijanian Manat','currency.AZM'),(11,'BAM',2,NULL,'Bosnia and Herzegovina Convertible Marks','currency.BAM'),(12,'BBD',2,NULL,'Barbados Dollar','currency.BBD'),(13,'BDT',2,NULL,'Bangladesh Taka','currency.BDT'),(14,'BGN',2,NULL,'Bulgarian Lev','currency.BGN'),(15,'BHD',3,NULL,'Bahraini Dinar','currency.BHD'),(16,'BIF',0,NULL,'Burundi Franc','currency.BIF'),(17,'BMD',2,NULL,'Bermudian Dollar','currency.BMD'),(18,'BND',2,'B$','Brunei Dollar','currency.BND'),(19,'BOB',2,NULL,'Bolivian Boliviano','currency.BOB'),(20,'BRL',2,NULL,'Brazilian Real','currency.BRL'),(21,'BSD',2,NULL,'Bahamian Dollar','currency.BSD'),(22,'BTN',2,NULL,'Bhutan Ngultrum','currency.BTN'),(23,'BWP',2,NULL,'Botswana Pula','currency.BWP'),(24,'BYR',0,NULL,'Belarussian Ruble','currency.BYR'),(25,'BZD',2,NULL,'Belize Dollar','currency.BZD'),(26,'CAD',2,NULL,'Canadian Dollar','currency.CAD'),(27,'CDF',2,NULL,'Franc Congolais','currency.CDF'),(28,'CHF',2,NULL,'Swiss Franc','currency.CHF'),(29,'CLP',0,NULL,'Chilean Peso','currency.CLP'),(30,'CNY',2,NULL,'Chinese Yuan Renminbi','currency.CNY'),(31,'COP',2,NULL,'Colombian Peso','currency.COP'),(32,'CRC',2,NULL,'Costa Rican Colon','currency.CRC'),(33,'CSD',2,NULL,'Serbian Dinar','currency.CSD'),(34,'CUP',2,NULL,'Cuban Peso','currency.CUP'),(35,'CVE',2,NULL,'Cape Verde Escudo','currency.CVE'),(36,'CYP',2,NULL,'Cyprus Pound','currency.CYP'),(37,'CZK',2,NULL,'Czech Koruna','currency.CZK'),(38,'DJF',0,NULL,'Djibouti Franc','currency.DJF'),(39,'DKK',2,NULL,'Danish Krone','currency.DKK'),(40,'DOP',2,NULL,'Dominican Peso','currency.DOP'),(41,'DZD',2,NULL,'Algerian Dinar','currency.DZD'),(42,'EEK',2,NULL,'Estonian Kroon','currency.EEK'),(43,'EGP',2,NULL,'Egyptian Pound','currency.EGP'),(44,'ERN',2,NULL,'Eritrea Nafka','currency.ERN'),(45,'ETB',2,NULL,'Ethiopian Birr','currency.ETB'),(46,'EUR',2,NULL,'euro','currency.EUR'),(47,'FJD',2,NULL,'Fiji Dollar','currency.FJD'),(48,'FKP',2,NULL,'Falkland Islands Pound','currency.FKP'),(49,'GBP',2,NULL,'Pound Sterling','currency.GBP'),(50,'GEL',2,NULL,'Georgian Lari','currency.GEL'),(51,'GHC',2,'GHc','Ghana Cedi','currency.GHC'),(52,'GIP',2,NULL,'Gibraltar Pound','currency.GIP'),(53,'GMD',2,NULL,'Gambian Dalasi','currency.GMD'),(54,'GNF',0,NULL,'Guinea Franc','currency.GNF'),(55,'GTQ',2,NULL,'Guatemala Quetzal','currency.GTQ'),(56,'GYD',2,NULL,'Guyana Dollar','currency.GYD'),(57,'HKD',2,NULL,'Hong Kong Dollar','currency.HKD'),(58,'HNL',2,NULL,'Honduras Lempira','currency.HNL'),(59,'HRK',2,NULL,'Croatian Kuna','currency.HRK'),(60,'HTG',2,NULL,'Haiti Gourde','currency.HTG'),(61,'HUF',2,NULL,'Hungarian Forint','currency.HUF'),(62,'IDR',2,NULL,'Indonesian Rupiah','currency.IDR'),(63,'ILS',2,NULL,'New Israeli Shekel','currency.ILS'),(64,'INR',2,NULL,'Indian Rupee','currency.INR'),(65,'IQD',3,NULL,'Iraqi Dinar','currency.IQD'),(66,'IRR',2,NULL,'Iranian Rial','currency.IRR'),(67,'ISK',0,NULL,'Iceland Krona','currency.ISK'),(68,'JMD',2,NULL,'Jamaican Dollar','currency.JMD'),(69,'JOD',3,NULL,'Jordanian Dinar','currency.JOD'),(70,'JPY',0,NULL,'Japanese Yen','currency.JPY'),(71,'KES',2,'KSh','Kenyan Shilling','currency.KES'),(72,'KGS',2,NULL,'Kyrgyzstan Som','currency.KGS'),(73,'KHR',2,NULL,'Cambodia Riel','currency.KHR'),(74,'KMF',0,NULL,'Comoro Franc','currency.KMF'),(75,'KPW',2,NULL,'North Korean Won','currency.KPW'),(76,'KRW',0,NULL,'Korean Won','currency.KRW'),(77,'KWD',3,NULL,'Kuwaiti Dinar','currency.KWD'),(78,'KYD',2,NULL,'Cayman Islands Dollar','currency.KYD'),(79,'KZT',2,NULL,'Kazakhstan Tenge','currency.KZT'),(80,'LAK',2,NULL,'Lao Kip','currency.LAK'),(81,'LBP',2,'L£','Lebanese Pound','currency.LBP'),(82,'LKR',2,NULL,'Sri Lanka Rupee','currency.LKR'),(83,'LRD',2,NULL,'Liberian Dollar','currency.LRD'),(84,'LSL',2,NULL,'Lesotho Loti','currency.LSL'),(85,'LTL',2,NULL,'Lithuanian Litas','currency.LTL'),(86,'LVL',2,NULL,'Latvian Lats','currency.LVL'),(87,'LYD',3,NULL,'Libyan Dinar','currency.LYD'),(88,'MAD',2,NULL,'Moroccan Dirham','currency.MAD'),(89,'MDL',2,NULL,'Moldovan Leu','currency.MDL'),(90,'MGA',2,NULL,'Malagasy Ariary','currency.MGA'),(91,'MKD',2,NULL,'Macedonian Denar','currency.MKD'),(92,'MMK',2,'K','Myanmar Kyat','currency.MMK'),(93,'MNT',2,NULL,'Mongolian Tugrik','currency.MNT'),(94,'MOP',2,NULL,'Macau Pataca','currency.MOP'),(95,'MRO',2,NULL,'Mauritania Ouguiya','currency.MRO'),(96,'MTL',2,NULL,'Maltese Lira','currency.MTL'),(97,'MUR',2,NULL,'Mauritius Rupee','currency.MUR'),(98,'MVR',2,NULL,'Maldives Rufiyaa','currency.MVR'),(99,'MWK',2,NULL,'Malawi Kwacha','currency.MWK'),(100,'MXN',2,NULL,'Mexican Peso','currency.MXN'),(101,'MYR',2,NULL,'Malaysian Ringgit','currency.MYR'),(102,'MZM',2,NULL,'Mozambique Metical','currency.MZM'),(103,'NAD',2,NULL,'Namibia Dollar','currency.NAD'),(104,'NGN',2,NULL,'Nigerian Naira','currency.NGN'),(105,'NIO',2,NULL,'Nicaragua Cordoba Oro','currency.NIO'),(106,'NOK',2,NULL,'Norwegian Krone','currency.NOK'),(107,'NPR',2,NULL,'Nepalese Rupee','currency.NPR'),(108,'NZD',2,NULL,'New Zealand Dollar','currency.NZD'),(109,'OMR',3,NULL,'Rial Omani','currency.OMR'),(110,'PAB',2,NULL,'Panama Balboa','currency.PAB'),(111,'PEN',2,NULL,'Peruvian Nuevo Sol','currency.PEN'),(112,'PGK',2,NULL,'Papua New Guinea Kina','currency.PGK'),(113,'PHP',2,NULL,'Philippine Peso','currency.PHP'),(114,'PKR',2,NULL,'Pakistan Rupee','currency.PKR'),(115,'PLN',2,NULL,'Polish Zloty','currency.PLN'),(116,'PYG',0,NULL,'Paraguayan Guarani','currency.PYG'),(117,'QAR',2,NULL,'Qatari Rial','currency.QAR'),(118,'RON',2,NULL,'Romanian Leu','currency.RON'),(119,'RUB',2,NULL,'Russian Ruble','currency.RUB'),(120,'RWF',0,NULL,'Rwanda Franc','currency.RWF'),(121,'SAR',2,NULL,'Saudi Riyal','currency.SAR'),(122,'SBD',2,NULL,'Solomon Islands Dollar','currency.SBD'),(123,'SCR',2,NULL,'Seychelles Rupee','currency.SCR'),(124,'SDD',2,NULL,'Sudanese Dinar','currency.SDD'),(125,'SEK',2,NULL,'Swedish Krona','currency.SEK'),(126,'SGD',2,NULL,'Singapore Dollar','currency.SGD'),(127,'SHP',2,NULL,'St Helena Pound','currency.SHP'),(128,'SIT',2,NULL,'Slovenian Tolar','currency.SIT'),(129,'SKK',2,NULL,'Slovak Koruna','currency.SKK'),(130,'SLL',2,NULL,'Sierra Leone Leone','currency.SLL'),(131,'SOS',2,NULL,'Somali Shilling','currency.SOS'),(132,'SRD',2,NULL,'Surinam Dollar','currency.SRD'),(133,'STD',2,NULL,'Sao Tome and Principe Dobra','currency.STD'),(134,'SVC',2,NULL,'El Salvador Colon','currency.SVC'),(135,'SYP',2,NULL,'Syrian Pound','currency.SYP'),(136,'SZL',2,NULL,'Swaziland Lilangeni','currency.SZL'),(137,'THB',2,NULL,'Thai Baht','currency.THB'),(138,'TJS',2,NULL,'Tajik Somoni','currency.TJS'),(139,'TMM',2,NULL,'Turkmenistan Manat','currency.TMM'),(140,'TND',3,'DT','Tunisian Dinar','currency.TND'),(141,'TOP',2,NULL,'Tonga Pa\'anga','currency.TOP'),(142,'TRY',2,NULL,'Turkish Lira','currency.TRY'),(143,'TTD',2,NULL,'Trinidad and Tobago Dollar','currency.TTD'),(144,'TWD',2,NULL,'New Taiwan Dollar','currency.TWD'),(145,'TZS',2,NULL,'Tanzanian Shilling','currency.TZS'),(146,'UAH',2,NULL,'Ukraine Hryvnia','currency.UAH'),(147,'UGX',2,'USh','Uganda Shilling','currency.UGX'),(148,'USD',2,'$','US Dollar','currency.USD'),(149,'UYU',2,NULL,'Peso Uruguayo','currency.UYU'),(150,'UZS',2,NULL,'Uzbekistan Sum','currency.UZS'),(151,'VEB',2,NULL,'Venezuelan Bolivar','currency.VEB'),(152,'VND',2,NULL,'Vietnamese Dong','currency.VND'),(153,'VUV',0,NULL,'Vanuatu Vatu','currency.VUV'),(154,'WST',2,NULL,'Samoa Tala','currency.WST'),(155,'XAF',0,NULL,'CFA Franc BEAC','currency.XAF'),(156,'XCD',2,NULL,'East Caribbean Dollar','currency.XCD'),(157,'XDR',5,NULL,'SDR (Special Drawing Rights)','currency.XDR'),(158,'XOF',0,'CFA','CFA Franc BCEAO','currency.XOF'),(159,'XPF',0,NULL,'CFP Franc','currency.XPF'),(160,'YER',2,NULL,'Yemeni Rial','currency.YER'),(161,'ZAR',2,'R','South African Rand','currency.ZAR'),(162,'ZMK',2,NULL,'Zambian Kwacha','currency.ZMK'),(163,'ZWD',2,NULL,'Zimbabwe Dollar','currency.ZWD');
/*!40000 ALTER TABLE `m_currency` ENABLE KEYS */;
UNLOCK TABLES;

--
-- Table structure for table `m_deposit_account`
--

DROP TABLE IF EXISTS `m_deposit_account`;
/*!40101 SET @saved_cs_client     = @@character_set_client */;
/*!40101 SET character_set_client = utf8 */;
CREATE TABLE `m_deposit_account` (
  `id` bigint(20) NOT NULL AUTO_INCREMENT,
  `is_deleted` tinyint(1) NOT NULL DEFAULT '0',
  `status_enum` smallint(5) NOT NULL DEFAULT '0',
  `external_id` varchar(100) DEFAULT NULL,
  `client_id` bigint(20) NOT NULL,
  `product_id` bigint(20) NOT NULL,
  `currency_code` varchar(3) NOT NULL,
  `currency_digits` smallint(5) NOT NULL,
  `deposit_amount` decimal(19,6) DEFAULT NULL,
  `maturity_nominal_interest_rate` decimal(19,6) NOT NULL,
  `tenure_months` int(11) NOT NULL,
  `interest_compounded_every` smallint(5) NOT NULL DEFAULT '1',
  `interest_compounded_every_period_enum` smallint(5) NOT NULL DEFAULT '2',
  `projected_commencement_date` date NOT NULL,
  `actual_commencement_date` date DEFAULT NULL,
  `matures_on_date` datetime DEFAULT NULL,
  `projected_interest_accrued_on_maturity` decimal(19,6) NOT NULL,
  `actual_interest_accrued` decimal(19,6) DEFAULT NULL,
  `projected_total_maturity_amount` decimal(19,6) NOT NULL,
  `actual_total_amount` decimal(19,6) DEFAULT NULL,
  `is_compounding_interest_allowed` tinyint(1) NOT NULL DEFAULT '0',
  `interest_paid` decimal(19,6) NOT NULL DEFAULT '0.000000',
  `is_interest_withdrawable` tinyint(1) NOT NULL DEFAULT '0',
  `available_interest` decimal(19,6) DEFAULT '0.000000',
  `interest_posted_amount` decimal(19,6) DEFAULT '0.000000',
  `last_interest_posted_date` date DEFAULT NULL,
  `next_interest_posting_date` date DEFAULT NULL,
  `is_renewal_allowed` tinyint(1) NOT NULL DEFAULT '0',
  `renewed_account_id` bigint(20) DEFAULT NULL,
  `is_preclosure_allowed` tinyint(1) NOT NULL DEFAULT '0',
  `pre_closure_interest_rate` decimal(19,6) NOT NULL,
  `is_lock_in_period_allowed` tinyint(1) NOT NULL DEFAULT '0',
  `lock_in_period` bigint(20) DEFAULT NULL,
  `lock_in_period_type` smallint(5) NOT NULL DEFAULT '2',
  `withdrawnon_date` datetime DEFAULT NULL,
  `rejectedon_date` datetime DEFAULT NULL,
  `closedon_date` datetime DEFAULT NULL,
  `createdby_id` bigint(20) DEFAULT NULL,
  `created_date` datetime DEFAULT NULL,
  `lastmodified_date` datetime DEFAULT NULL,
  `lastmodifiedby_id` bigint(20) DEFAULT NULL,
  PRIMARY KEY (`id`),
  UNIQUE KEY `deposit_acc_external_id` (`external_id`),
  KEY `FKKW0000000000001` (`client_id`),
  KEY `FKKW0000000000002` (`product_id`),
  KEY `FKKW0000000000003` (`renewed_account_id`),
  CONSTRAINT `FKKW0000000000001` FOREIGN KEY (`client_id`) REFERENCES `m_client` (`id`),
  CONSTRAINT `FKKW0000000000002` FOREIGN KEY (`product_id`) REFERENCES `m_product_deposit` (`id`),
  CONSTRAINT `FKKW0000000000003` FOREIGN KEY (`renewed_account_id`) REFERENCES `m_deposit_account` (`id`)
) ENGINE=InnoDB AUTO_INCREMENT=12 DEFAULT CHARSET=utf8;
/*!40101 SET character_set_client = @saved_cs_client */;

--
-- Dumping data for table `m_deposit_account`
--

LOCK TABLES `m_deposit_account` WRITE;
/*!40000 ALTER TABLE `m_deposit_account` DISABLE KEYS */;
INSERT INTO `m_deposit_account` VALUES (1,0,300,NULL,37,1,'INR',2,'200.000000','12.000000',24,6,2,'2012-11-15','2012-11-15','2014-11-14 00:00:00','12.000000','48.000000','212.000000','248.000000',0,'0.000000',1,'0.000000','0.000000',NULL,NULL,1,NULL,1,'5.000000',1,0,2,NULL,NULL,NULL,1,'2012-11-15 05:39:33','2012-11-15 05:40:02',1),(2,0,300,NULL,27,1,'INR',2,'200.000000','12.000000',8,6,2,'2012-11-26','2012-11-26','2013-07-25 00:00:00','12.000000','12.000000','212.000000','212.000000',0,'0.000000',1,'0.000000','0.000000',NULL,NULL,1,NULL,1,'5.000000',1,0,2,NULL,NULL,NULL,1,'2012-11-26 20:41:59','2012-11-26 20:42:26',1),(3,1,100,'3_null',7,1,'INR',2,'200.000000','12.000000',1,6,2,'2012-11-28',NULL,'2012-12-27 00:00:00','0.000000',NULL,'200.000000',NULL,0,'0.000000',1,'0.000000','0.000000',NULL,NULL,1,NULL,1,'5.000000',1,0,2,NULL,NULL,NULL,1,'2012-11-28 04:23:14','2012-11-28 04:23:27',1),(4,0,300,NULL,58,4,'HKD',2,'100000.000000','1.000000',12,1,2,'2012-12-12','2012-12-12','2013-12-11 00:00:00','1000.000000','1000.000000','101000.000000','101000.000000',0,'0.000000',1,'83.330000','83.330000','2013-02-15','2013-03-15',1,NULL,1,'0.000000',1,0,2,NULL,NULL,NULL,1,'2012-12-12 07:28:15','2013-01-15 14:36:39',1),(5,0,100,NULL,33,1,'INR',2,'200.000000','12.000000',12,6,2,'2012-12-16',NULL,'2013-12-15 00:00:00','24.000000',NULL,'224.000000',NULL,0,'0.000000',1,'0.000000','0.000000',NULL,NULL,1,NULL,1,'5.000000',1,0,2,NULL,NULL,NULL,1,'2012-12-16 11:06:59','2012-12-16 11:06:59',1),(6,0,300,'5456',17,1,'INR',2,'200.000000','12.000000',12,6,2,'2012-12-21','2012-12-21','2013-12-20 00:00:00','24.000000','24.000000','224.000000','224.000000',0,'0.000000',1,'0.000000','0.000000','2012-12-21','2013-06-21',1,NULL,1,'5.000000',1,0,2,NULL,NULL,NULL,1,'2012-12-21 08:49:44','2012-12-21 08:52:02',1),(7,0,100,'447',17,4,'HKD',2,'10000.000000','1.000000',5,1,2,'2012-12-21',NULL,'2013-05-20 00:00:00','41.670000','0.000000','10041.670000','0.000000',0,'0.000000',1,NULL,NULL,NULL,NULL,1,NULL,1,'0.000000',1,0,2,NULL,NULL,NULL,1,'2012-12-21 08:51:21','2012-12-21 08:51:21',1),(8,0,100,NULL,58,1,'INR',2,'200.000000','12.000000',12,6,2,'2012-12-30',NULL,'2013-12-29 00:00:00','24.000000','0.000000','224.000000','0.000000',0,'0.000000',1,NULL,NULL,NULL,NULL,1,NULL,0,'5.000000',1,0,2,NULL,NULL,NULL,1,'2012-12-30 11:59:28','2012-12-30 11:59:28',1),(9,0,800,'45',17,1,'INR',2,'200.000000','12.000000',10,6,2,'2012-12-31','2012-12-31','2013-10-30 00:00:00','12.000000','12.000000','212.000000','212.000000',0,'0.000000',1,'0.000000','0.000000','2012-12-31','2013-06-30',1,NULL,1,'5.000000',1,0,2,NULL,NULL,'2012-12-31 00:00:00',1,'2012-12-31 19:23:10','2012-12-31 19:24:27',1),(10,0,100,NULL,65,1,'INR',2,'200.000000','12.000000',2,6,2,'2013-01-24',NULL,'2013-03-23 00:00:00','0.000000','0.000000','200.000000','0.000000',0,'0.000000',1,NULL,NULL,NULL,NULL,1,NULL,1,'5.000000',1,0,2,NULL,NULL,NULL,1,'2013-01-24 08:48:57','2013-01-24 08:48:57',1),(11,0,100,NULL,17,1,'INR',2,'200.000000','12.000000',12,6,2,'2013-01-25',NULL,'2014-01-24 00:00:00','24.000000','0.000000','224.000000','0.000000',0,'0.000000',1,NULL,NULL,NULL,NULL,1,NULL,1,'5.000000',1,0,2,NULL,NULL,NULL,1,'2013-01-25 07:18:01','2013-01-25 07:18:01',1);
/*!40000 ALTER TABLE `m_deposit_account` ENABLE KEYS */;
UNLOCK TABLES;

--
-- Table structure for table `m_deposit_account_transaction`
--

DROP TABLE IF EXISTS `m_deposit_account_transaction`;
/*!40101 SET @saved_cs_client     = @@character_set_client */;
/*!40101 SET character_set_client = utf8 */;
CREATE TABLE `m_deposit_account_transaction` (
  `id` bigint(20) NOT NULL AUTO_INCREMENT,
  `deposit_account_id` bigint(20) NOT NULL,
  `transaction_type_enum` smallint(5) NOT NULL,
  `contra_id` bigint(20) DEFAULT NULL,
  `transaction_date` date NOT NULL,
  `amount` decimal(19,6) NOT NULL,
  `interest` decimal(19,6) NOT NULL,
  `total` decimal(19,6) NOT NULL,
  PRIMARY KEY (`id`),
  KEY `FKKW00000000000005` (`deposit_account_id`),
  KEY `FKKW00000000000006` (`contra_id`),
  CONSTRAINT `FKKW00000000000005` FOREIGN KEY (`deposit_account_id`) REFERENCES `m_deposit_account` (`id`),
  CONSTRAINT `FKKW00000000000006` FOREIGN KEY (`contra_id`) REFERENCES `m_deposit_account_transaction` (`id`)
) ENGINE=InnoDB AUTO_INCREMENT=8 DEFAULT CHARSET=utf8;
/*!40101 SET character_set_client = @saved_cs_client */;

--
-- Dumping data for table `m_deposit_account_transaction`
--

LOCK TABLES `m_deposit_account_transaction` WRITE;
/*!40000 ALTER TABLE `m_deposit_account_transaction` DISABLE KEYS */;
INSERT INTO `m_deposit_account_transaction` VALUES (1,1,1,NULL,'2012-11-15','200.000000','48.000000','248.000000'),(2,2,1,NULL,'2012-11-26','200.000000','12.000000','212.000000'),(3,4,1,NULL,'2012-12-12','100000.000000','1000.000000','101000.000000'),(4,6,1,NULL,'2012-12-21','200.000000','0.000000','200.000000'),(5,9,1,NULL,'2012-12-31','200.000000','0.000000','200.000000'),(6,9,2,NULL,'2012-12-31','200.000000','0.000000','200.000000'),(7,4,4,NULL,'2013-02-15','0.000000','83.330000','100083.330000');
/*!40000 ALTER TABLE `m_deposit_account_transaction` ENABLE KEYS */;
UNLOCK TABLES;

--
-- Table structure for table `m_document`
--

DROP TABLE IF EXISTS `m_document`;
/*!40101 SET @saved_cs_client     = @@character_set_client */;
/*!40101 SET character_set_client = utf8 */;
CREATE TABLE `m_document` (
  `id` int(20) NOT NULL AUTO_INCREMENT,
  `parent_entity_type` varchar(50) NOT NULL,
  `parent_entity_id` int(20) NOT NULL DEFAULT '0',
  `name` varchar(250) NOT NULL,
  `file_name` varchar(250) NOT NULL,
  `size` int(20) DEFAULT '0',
  `type` varchar(50) DEFAULT NULL,
  `description` varchar(1000) DEFAULT NULL,
  `location` varchar(500) NOT NULL DEFAULT '0',
  PRIMARY KEY (`id`)
) ENGINE=InnoDB AUTO_INCREMENT=11 DEFAULT CHARSET=latin1;
/*!40101 SET character_set_client = @saved_cs_client */;

--
-- Dumping data for table `m_document`
--

LOCK TABLES `m_document` WRITE;
/*!40000 ALTER TABLE `m_document` DISABLE KEYS */;
INSERT INTO `m_document` VALUES (4,'loans',22,'test docs','jscam.swf',35091,'application/x-shockwave-flash',NULL,'/root/.mifosx/DefaultDemoTenant/documents/loans/22/n8uivwkh/jscam.swf'),(7,'clients',37,'Passport','australianprofile.pdf',494511,'application/pdf',NULL,'/root/.mifosx/DefaultDemoTenant/documents/clients/37/539uhy4c/australianprofile.pdf'),(8,'clients',17,'testdoc','doc00003186.doc',110994,'application/msword','wddwoidwi','/root/.mifosx/DefaultDemoTenant/documents/clients/17/6ppzw73tdebnson/doc00003186.doc'),(9,'client_identifiers',4,'hfghfgh','passport-shaun.gif',64646,'image/gif',NULL,'/root/.mifosx/DefaultDemoTenant/documents/client_identifiers/4/qfx4h9pn4o1/passport-shaun.gif'),(10,'clients',16,'TestSave','restclient.jpg',55485,'image/jpeg',NULL,'/root/.mifosx/DefaultDemoTenant/documents/clients/16/o4ielexzj6n/restclient.jpg');
/*!40000 ALTER TABLE `m_document` ENABLE KEYS */;
UNLOCK TABLES;

--
-- Table structure for table `m_fund`
--

DROP TABLE IF EXISTS `m_fund`;
/*!40101 SET @saved_cs_client     = @@character_set_client */;
/*!40101 SET character_set_client = utf8 */;
CREATE TABLE `m_fund` (
  `id` bigint(20) NOT NULL AUTO_INCREMENT,
  `name` varchar(255) DEFAULT NULL,
  `external_id` varchar(100) DEFAULT NULL,
  PRIMARY KEY (`id`),
  UNIQUE KEY `fund_name_org` (`name`),
  UNIQUE KEY `fund_externalid_org` (`external_id`)
) ENGINE=InnoDB AUTO_INCREMENT=8 DEFAULT CHARSET=utf8;
/*!40101 SET character_set_client = @saved_cs_client */;

--
-- Dumping data for table `m_fund`
--

LOCK TABLES `m_fund` WRITE;
/*!40000 ALTER TABLE `m_fund` DISABLE KEYS */;
INSERT INTO `m_fund` VALUES (1,'Z3','Z3'),(2,'Z4','Z4'),(3,'Z5','Z5'),(4,'PlusOne Fund','PlusOne'),(5,'Z1','Z1'),(6,'Z6','Z6'),(7,'Z2','Z2');
/*!40000 ALTER TABLE `m_fund` ENABLE KEYS */;
UNLOCK TABLES;

--
-- Table structure for table `m_group`
--

DROP TABLE IF EXISTS `m_group`;
/*!40101 SET @saved_cs_client     = @@character_set_client */;
/*!40101 SET character_set_client = utf8 */;
CREATE TABLE `m_group` (
  `id` bigint(20) NOT NULL AUTO_INCREMENT,
  `office_id` bigint(20) NOT NULL,
  `name` varchar(100) DEFAULT NULL,
  `external_id` varchar(100) DEFAULT NULL,
  `is_deleted` tinyint(1) NOT NULL DEFAULT '0',
  `createdby_id` bigint(20) DEFAULT NULL,
  `created_date` datetime DEFAULT NULL,
  `lastmodified_date` datetime DEFAULT NULL,
  `lastmodifiedby_id` bigint(20) DEFAULT NULL,
  PRIMARY KEY (`id`),
  UNIQUE KEY `name` (`name`),
  UNIQUE KEY `external_id` (`external_id`),
  KEY `FKJPWG000000000003` (`createdby_id`),
  KEY `FKJPWG000000000004` (`lastmodifiedby_id`),
  KEY `office_id` (`office_id`),
  CONSTRAINT `FKJPWG000000000003` FOREIGN KEY (`createdby_id`) REFERENCES `m_appuser` (`id`),
  CONSTRAINT `FKJPWG000000000004` FOREIGN KEY (`lastmodifiedby_id`) REFERENCES `m_appuser` (`id`),
  CONSTRAINT `m_group_ibfk_1` FOREIGN KEY (`office_id`) REFERENCES `m_office` (`id`)
) ENGINE=InnoDB AUTO_INCREMENT=5 DEFAULT CHARSET=utf8;
/*!40101 SET character_set_client = @saved_cs_client */;

--
-- Dumping data for table `m_group`
--

LOCK TABLES `m_group` WRITE;
/*!40000 ALTER TABLE `m_group` DISABLE KEYS */;
INSERT INTO `m_group` VALUES (1,7,'GWT_2','GWT_EX_ID_2',0,1,'2012-12-03 16:08:24','2012-12-03 16:08:24',1),(2,1,'group22','11234',0,1,'2012-12-11 15:43:09','2012-12-11 15:43:09',1),(3,22,'PlusOne',NULL,0,1,'2012-12-12 08:01:02','2012-12-12 08:01:02',1),(4,1,'Njangui',NULL,0,1,'2013-01-19 10:36:57','2013-01-19 10:36:57',1);
/*!40000 ALTER TABLE `m_group` ENABLE KEYS */;
UNLOCK TABLES;

--
-- Table structure for table `m_group_client`
--

DROP TABLE IF EXISTS `m_group_client`;
/*!40101 SET @saved_cs_client     = @@character_set_client */;
/*!40101 SET character_set_client = utf8 */;
CREATE TABLE `m_group_client` (
  `group_id` bigint(20) NOT NULL,
  `client_id` bigint(20) NOT NULL,
  PRIMARY KEY (`group_id`,`client_id`),
  KEY `client_id` (`client_id`),
  CONSTRAINT `m_group_client_ibfk_1` FOREIGN KEY (`group_id`) REFERENCES `m_group` (`id`),
  CONSTRAINT `m_group_client_ibfk_2` FOREIGN KEY (`client_id`) REFERENCES `m_client` (`id`)
) ENGINE=InnoDB DEFAULT CHARSET=utf8;
/*!40101 SET character_set_client = @saved_cs_client */;

--
-- Dumping data for table `m_group_client`
--

LOCK TABLES `m_group_client` WRITE;
/*!40000 ALTER TABLE `m_group_client` DISABLE KEYS */;
INSERT INTO `m_group_client` VALUES (2,2),(2,3),(1,13),(1,27),(3,58),(4,63),(2,66);
/*!40000 ALTER TABLE `m_group_client` ENABLE KEYS */;
UNLOCK TABLES;

--
-- Table structure for table `m_guarantor_external`
--

DROP TABLE IF EXISTS `m_guarantor_external`;
/*!40101 SET @saved_cs_client     = @@character_set_client */;
/*!40101 SET character_set_client = utf8 */;
CREATE TABLE `m_guarantor_external` (
  `loan_id` bigint(20) NOT NULL,
  `firstname` varchar(50) NOT NULL,
  `lastname` varchar(50) NOT NULL,
  `dob` date DEFAULT NULL,
  `address_line_1` varchar(500) DEFAULT NULL,
  `address_line_2` varchar(500) DEFAULT NULL,
  `city` varchar(50) DEFAULT NULL,
  `state` varchar(50) DEFAULT NULL,
  `country` varchar(50) DEFAULT NULL,
  `zip` varchar(20) DEFAULT NULL,
  `house_phone_number` varchar(20) DEFAULT NULL,
  `mobile_number` varchar(20) DEFAULT NULL,
  `comment` varchar(20) DEFAULT NULL,
  PRIMARY KEY (`loan_id`),
  CONSTRAINT `FK_m_guarantor_m_loan` FOREIGN KEY (`loan_id`) REFERENCES `m_loan` (`id`)
) ENGINE=InnoDB DEFAULT CHARSET=utf8;
/*!40101 SET character_set_client = @saved_cs_client */;

--
-- Dumping data for table `m_guarantor_external`
--

LOCK TABLES `m_guarantor_external` WRITE;
/*!40000 ALTER TABLE `m_guarantor_external` DISABLE KEYS */;
/*!40000 ALTER TABLE `m_guarantor_external` ENABLE KEYS */;
UNLOCK TABLES;

--
-- Table structure for table `m_loan`
--

DROP TABLE IF EXISTS `m_loan`;
/*!40101 SET @saved_cs_client     = @@character_set_client */;
/*!40101 SET character_set_client = utf8 */;
CREATE TABLE `m_loan` (
  `id` bigint(20) NOT NULL AUTO_INCREMENT,
  `account_no` varchar(20) NOT NULL,
  `external_id` varchar(100) DEFAULT NULL,
  `client_id` bigint(20) DEFAULT NULL,
  `group_id` bigint(20) DEFAULT NULL,
  `product_id` bigint(20) DEFAULT NULL,
  `fund_id` bigint(20) DEFAULT NULL,
  `loan_officer_id` bigint(20) DEFAULT NULL,
  `guarantor_id` bigint(20) DEFAULT NULL,
  `loan_status_id` smallint(5) NOT NULL,
  `currency_code` varchar(3) NOT NULL,
  `currency_digits` smallint(5) NOT NULL,
  `principal_amount` decimal(19,6) NOT NULL,
  `arrearstolerance_amount` decimal(19,6) DEFAULT NULL,
  `nominal_interest_rate_per_period` decimal(19,6) NOT NULL,
  `interest_period_frequency_enum` smallint(5) NOT NULL,
  `annual_nominal_interest_rate` decimal(19,6) NOT NULL,
  `interest_method_enum` smallint(5) NOT NULL,
  `interest_calculated_in_period_enum` smallint(5) NOT NULL DEFAULT '1',
  `term_frequency` smallint(5) NOT NULL DEFAULT '0',
  `term_period_frequency_enum` smallint(5) NOT NULL DEFAULT '2',
  `repay_every` smallint(5) NOT NULL,
  `repayment_period_frequency_enum` smallint(5) NOT NULL,
  `number_of_repayments` smallint(5) NOT NULL,
  `amortization_method_enum` smallint(5) NOT NULL,
  `total_charges_due_at_disbursement_derived` decimal(19,6) DEFAULT NULL,
  `submittedon_date` datetime DEFAULT NULL,
  `approvedon_date` datetime DEFAULT NULL,
  `expected_disbursedon_date` date DEFAULT NULL,
  `expected_firstrepaymenton_date` date DEFAULT NULL,
  `interest_calculated_from_date` date DEFAULT NULL,
  `disbursedon_date` date DEFAULT NULL,
  `expected_maturedon_date` date DEFAULT NULL,
  `maturedon_date` date DEFAULT NULL,
  `closedon_date` datetime DEFAULT NULL,
  `rejectedon_date` datetime DEFAULT NULL,
  `rescheduledon_date` datetime DEFAULT NULL,
  `withdrawnon_date` datetime DEFAULT NULL,
  `writtenoffon_date` datetime DEFAULT NULL,
  `createdby_id` bigint(20) DEFAULT NULL,
  `created_date` datetime DEFAULT NULL,
  `lastmodified_date` datetime DEFAULT NULL,
  `lastmodifiedby_id` bigint(20) DEFAULT NULL,
  `loan_transaction_strategy_id` bigint(20) DEFAULT NULL,
  PRIMARY KEY (`id`),
  UNIQUE KEY `loan_account_no_UNIQUE` (`account_no`),
  UNIQUE KEY `loan_externalid_UNIQUE` (`external_id`),
  KEY `FKB6F935D87179A0CB` (`client_id`),
  KEY `FKB6F935D8C8D4B434` (`product_id`),
  KEY `FK7C885877240145` (`fund_id`),
  KEY `FK_loan_ltp_strategy` (`loan_transaction_strategy_id`),
  KEY `FK_m_loan_m_staff` (`loan_officer_id`),
  KEY `group_id` (`group_id`),
  KEY `FK_m_loan_guarantor` (`guarantor_id`),
  CONSTRAINT `FK7C885877240145` FOREIGN KEY (`fund_id`) REFERENCES `m_fund` (`id`),
  CONSTRAINT `FKB6F935D87179A0CB` FOREIGN KEY (`client_id`) REFERENCES `m_client` (`id`),
  CONSTRAINT `FKB6F935D8C8D4B434` FOREIGN KEY (`product_id`) REFERENCES `m_product_loan` (`id`),
  CONSTRAINT `FK_loan_ltp_strategy` FOREIGN KEY (`loan_transaction_strategy_id`) REFERENCES `ref_loan_transaction_processing_strategy` (`id`),
  CONSTRAINT `FK_m_loan_guarantor` FOREIGN KEY (`guarantor_id`) REFERENCES `m_client` (`id`),
  CONSTRAINT `FK_m_loan_m_staff` FOREIGN KEY (`loan_officer_id`) REFERENCES `m_staff` (`id`),
  CONSTRAINT `m_loan_ibfk_1` FOREIGN KEY (`group_id`) REFERENCES `m_group` (`id`)
) ENGINE=InnoDB AUTO_INCREMENT=63 DEFAULT CHARSET=utf8;
/*!40101 SET character_set_client = @saved_cs_client */;

--
-- Dumping data for table `m_loan`
--

LOCK TABLES `m_loan` WRITE;
/*!40000 ALTER TABLE `m_loan` DISABLE KEYS */;
INSERT INTO `m_loan` VALUES (1,'1',NULL,6,NULL,1,1,NULL,NULL,100,'XOF',0,'100000.000000','1000.000000','1.750000',2,'21.000000',0,1,12,1,1,1,12,1,NULL,'2012-07-04 01:09:52',NULL,'2012-07-17',NULL,NULL,NULL,'2012-10-09',NULL,NULL,NULL,NULL,NULL,NULL,1,'2012-07-17 01:09:52','2012-07-17 01:09:52',1,1),(2,'2',NULL,2,NULL,2,2,NULL,NULL,300,'LBP',2,'35000.000000','10.000000','1.000000',2,'12.000000',0,1,20,1,2,1,10,1,NULL,'2012-07-01 03:39:58','2012-07-05 08:56:24','2012-07-17',NULL,NULL,'2012-07-17','2012-12-04',NULL,NULL,NULL,NULL,NULL,NULL,1,'2012-07-17 03:39:58','2012-07-20 08:56:30',1,1),(3,'3',NULL,13,NULL,1,3,NULL,NULL,400,'XOF',0,'700000.000000','1000.000000','2.000000',2,'24.000000',1,1,12,2,1,2,12,1,NULL,'2012-04-17 16:14:31',NULL,'2012-04-17','2012-05-18','2012-04-17',NULL,'2013-04-18',NULL,'2012-04-17 17:04:16',NULL,NULL,'2012-04-17 17:04:16',NULL,1,'2012-07-19 16:14:31','2012-07-19 17:04:16',1,1),(4,'4',NULL,13,NULL,1,3,NULL,NULL,400,'XOF',0,'700000.000000','1000.000000','1.250000',2,'15.000000',1,1,12,2,1,2,12,1,NULL,'2012-04-17 17:07:53',NULL,'2012-04-17','2012-05-18','2012-04-17',NULL,'2013-04-18',NULL,'2012-04-17 17:50:15',NULL,NULL,'2012-04-17 17:50:15',NULL,1,'2012-07-19 17:07:53','2012-07-19 17:50:15',1,1),(5,'5',NULL,13,NULL,5,3,NULL,NULL,300,'MMK',0,'700000.000000','1000.000000','15.000000',3,'15.000000',1,1,12,2,1,2,12,1,NULL,'2012-04-17 17:54:17','2012-04-17 17:55:40','2012-04-17','2012-05-18','2012-04-17','2012-04-17','2013-04-18',NULL,NULL,NULL,NULL,NULL,NULL,1,'2012-07-19 17:54:17','2012-07-19 17:55:54',1,1),(6,'6',NULL,2,NULL,1,1,NULL,NULL,200,'XOF',0,'100000.000000','1000.000000','1.750000',2,'21.000000',1,1,24,2,24,2,1,0,NULL,'2012-07-20 04:54:55','2012-07-21 15:38:54','2012-07-20',NULL,NULL,NULL,'2014-07-20',NULL,NULL,NULL,NULL,NULL,NULL,1,'2012-07-20 04:54:55','2012-08-12 15:38:54',1,1),(9,'9',NULL,5,NULL,5,4,NULL,NULL,500,'MMK',0,'50000.000000','0.000000','1.250000',2,'15.000000',0,1,24,2,12,2,2,1,NULL,'2012-07-22 09:09:24',NULL,'2012-07-22',NULL,NULL,NULL,'2014-07-22',NULL,'2012-07-22 22:32:27','2012-07-22 22:32:27',NULL,NULL,NULL,1,'2012-07-22 09:09:24','2012-09-21 22:32:27',1,1),(10,'10',NULL,14,NULL,1,1,NULL,NULL,300,'XOF',0,'100000.000000','1000.000000','1.750000',2,'21.000000',0,1,10,2,1,2,10,1,NULL,'2012-07-23 04:51:37','2012-07-23 04:52:10','2012-07-23',NULL,NULL,'2012-07-23','2013-05-23',NULL,NULL,NULL,NULL,NULL,NULL,5,'2012-07-23 04:51:37','2012-07-23 04:52:24',5,1),(11,'11',NULL,4,NULL,1,3,NULL,NULL,600,'XOF',0,'100000.000000','1000.000000','1.750000',2,'21.000000',0,1,12,2,12,2,1,1,NULL,'2012-07-31 12:53:53','2012-07-31 12:54:11','2012-07-31','2012-08-04','2012-08-19','2012-07-31','2012-08-04','2012-07-31','2012-07-31 00:00:00',NULL,NULL,NULL,NULL,1,'2012-07-31 12:53:53','2012-07-31 12:54:51',1,1),(12,'12',NULL,1,NULL,1,1,NULL,NULL,300,'XOF',0,'100000.000000','1000.000000','1.750000',2,'21.000000',0,1,10,1,1,1,10,1,NULL,'2012-08-01 04:15:22','2012-08-02 04:15:36','2012-08-02',NULL,NULL,'2012-08-02','2012-10-11',NULL,NULL,NULL,NULL,NULL,NULL,1,'2012-08-02 04:15:22','2012-08-02 04:15:43',1,1),(13,'13',NULL,2,NULL,5,4,NULL,NULL,300,'MMK',0,'50000.000000','0.000000','1.250000',2,'15.000000',1,1,24,2,12,2,2,1,NULL,'2012-08-02 21:38:52','2012-08-02 21:39:56','2012-08-03',NULL,NULL,'2012-08-02','2014-08-02',NULL,NULL,NULL,NULL,NULL,NULL,1,'2012-08-03 21:38:52','2012-08-07 07:43:47',1,4),(14,'14',NULL,2,NULL,4,3,NULL,NULL,300,'MMK',0,'50000.000000','0.000000','1.250000',2,'15.000000',1,1,52,1,1,1,52,1,NULL,'2012-08-02 21:45:42','2012-08-02 21:46:03','2012-08-03',NULL,NULL,'2012-08-02','2013-08-01',NULL,NULL,NULL,NULL,NULL,NULL,1,'2012-08-03 21:45:42','2012-08-03 21:46:11',1,1),(15,'15',NULL,2,NULL,4,3,NULL,NULL,300,'MMK',0,'50000.000000','0.000000','1.250000',2,'15.000000',1,1,104,1,1,1,104,1,NULL,'2011-08-03 21:48:47','2011-08-03 21:49:06','2011-08-03',NULL,NULL,'2011-08-03','2013-07-31',NULL,NULL,NULL,NULL,NULL,NULL,1,'2012-08-03 21:48:47','2012-08-03 21:49:12',1,1),(16,'16',NULL,2,NULL,4,3,NULL,NULL,300,'MMK',0,'50000.000000','0.000000','2.000000',2,'24.000000',0,1,16,1,1,1,16,1,NULL,'2011-08-03 22:14:10','2011-08-03 22:14:21','2011-08-03',NULL,NULL,'2011-08-03','2011-11-23',NULL,NULL,NULL,NULL,NULL,NULL,1,'2012-08-03 22:14:10','2012-08-03 22:14:30',1,4),(17,'17',NULL,2,NULL,4,3,NULL,NULL,300,'MMK',0,'50000.000000','0.000000','1.250000',2,'15.000000',0,1,104,1,1,1,104,1,NULL,'2011-08-03 22:16:56','2011-08-03 22:17:04','2011-08-03',NULL,NULL,'2011-08-03','2013-07-31',NULL,NULL,NULL,NULL,NULL,NULL,1,'2012-08-03 22:16:56','2012-08-03 22:17:08',1,4),(18,'18',NULL,2,NULL,4,3,NULL,NULL,300,'MMK',0,'50000.000000','0.000000','1.250000',2,'15.000000',1,1,104,1,1,1,104,1,NULL,'2011-08-03 22:20:59','2011-08-03 22:21:06','2011-08-03',NULL,NULL,'2011-08-03','2013-07-31',NULL,NULL,NULL,NULL,NULL,NULL,1,'2012-08-03 22:20:59','2012-08-03 22:21:11',1,4),(19,'19',NULL,2,NULL,4,3,NULL,NULL,300,'MMK',0,'50000.000000','0.000000','1.250000',2,'15.000000',1,1,104,1,1,1,104,1,NULL,'2011-08-03 22:30:37','2011-08-03 22:31:22','2011-08-03',NULL,NULL,'2011-08-03','2013-07-31',NULL,NULL,NULL,NULL,NULL,NULL,1,'2012-08-03 22:30:37','2012-08-03 22:31:29',1,4),(20,'20',NULL,4,NULL,1,1,NULL,NULL,100,'XOF',0,'100000.000000','1000.000000','22.370000',3,'22.370000',0,1,36,2,1,2,36,1,NULL,'2012-08-02 12:59:57',NULL,'2012-08-17',NULL,NULL,NULL,'2015-08-17',NULL,NULL,NULL,NULL,NULL,NULL,1,'2012-08-17 12:59:57','2012-08-17 12:59:57',1,1),(22,'22',NULL,16,NULL,1,1,NULL,NULL,700,'XOF',0,'100000.000000','1000.000000','1.750000',2,'1.750000',0,1,12,2,1,2,12,1,NULL,'2012-08-01 00:00:00','2012-08-16 12:46:16','2012-08-10',NULL,NULL,'2012-08-25','2013-08-25',NULL,NULL,NULL,NULL,NULL,NULL,1,'2012-08-25 09:09:47','2012-11-02 22:33:24',1,2),(23,'23',NULL,2,NULL,2,NULL,NULL,NULL,100,'LBP',2,'35000.000000','10.000000','1.000000',2,'12.000000',1,1,20,2,1,2,10,1,NULL,'2012-08-01 16:04:35',NULL,'2012-08-31','2012-10-30','2012-08-31',NULL,'2013-07-28',NULL,NULL,NULL,NULL,NULL,NULL,1,'2012-08-31 16:04:35','2012-09-09 08:13:10',1,1),(24,'24',NULL,2,NULL,3,2,NULL,NULL,100,'BND',2,'5000.000000','10.000000','1.500000',2,'18.000000',1,1,6,2,1,2,6,1,NULL,'2012-08-31 16:06:04',NULL,'2012-08-31',NULL,NULL,NULL,'2013-02-28',NULL,NULL,NULL,NULL,NULL,NULL,1,'2012-08-31 16:06:04','2012-08-31 16:06:04',1,1),(26,'26',NULL,17,NULL,1,1,NULL,NULL,500,'XOF',0,'100000.000000','1000.000000','1.750000',2,'21.000000',1,1,12,2,12,2,1,1,NULL,'2012-09-05 08:55:45',NULL,'2012-09-05',NULL,NULL,NULL,'2013-09-05',NULL,'2012-09-05 08:56:25','2012-09-05 08:56:25',NULL,NULL,NULL,1,'2012-09-05 08:55:45','2012-09-05 08:56:26',1,1),(27,'27',NULL,17,NULL,4,3,NULL,NULL,300,'MMK',0,'1000000.000000','0.000000','10.000000',2,'120.000000',1,1,10,2,1,2,10,1,NULL,'2012-09-05 08:58:34','2012-09-05 08:58:46','2012-09-05','2012-10-12','2012-09-05','2012-09-05','2013-07-12',NULL,NULL,NULL,NULL,NULL,NULL,1,'2012-09-05 08:58:34','2012-09-05 08:58:57',1,1),(28,'28',NULL,17,NULL,6,4,NULL,NULL,100,'MMK',2,'500000.000000','10.000000','10.000000',2,'120.000000',1,1,5,2,1,2,5,0,NULL,'2012-09-05 09:01:54',NULL,'2012-09-05','2012-10-20','2012-09-05',NULL,'2013-02-20',NULL,NULL,NULL,NULL,NULL,NULL,1,'2012-09-05 09:01:54','2012-09-05 15:03:38',1,1),(29,'29',NULL,24,NULL,2,3,NULL,NULL,300,'LBP',2,'150.000000','10.000000','1.000000',2,'12.000000',0,1,20,1,2,1,10,1,NULL,'2012-09-06 18:36:29','2012-09-07 18:46:38','2012-09-07','2012-09-21','2012-09-07','2012-09-07','2013-01-25',NULL,NULL,NULL,NULL,NULL,NULL,1,'2012-09-07 18:36:29','2012-09-07 18:52:58',1,1),(30,'30',NULL,25,NULL,2,NULL,NULL,NULL,200,'LBP',2,'35000.000000','10.000000','1.000000',2,'12.000000',0,1,20,1,2,1,10,1,NULL,'2012-09-01 19:33:07','2012-09-02 19:34:45','2012-09-07',NULL,NULL,NULL,'2013-01-25',NULL,NULL,NULL,NULL,NULL,NULL,1,'2012-09-07 19:33:07','2012-09-07 19:34:45',1,1),(31,'31',NULL,26,NULL,2,3,NULL,NULL,300,'LBP',2,'35000.000000','10.000000','1.000000',2,'12.000000',0,1,20,1,2,1,10,1,NULL,'2012-08-15 19:35:12','2012-08-30 19:36:58','2012-09-07',NULL,NULL,'2012-08-31','2013-01-18',NULL,NULL,NULL,NULL,NULL,NULL,1,'2012-09-07 19:35:12','2012-09-07 19:37:50',1,1),(33,'33',NULL,16,NULL,1,1,NULL,NULL,601,'XOF',0,'1000000.000000','1000.000000','1.750000',2,'21.000000',0,1,12,2,1,2,12,1,NULL,'2011-06-01 17:05:17','2011-06-01 17:05:29','2011-06-01','2011-07-01','2011-06-01','2011-06-01','2012-06-01',NULL,'2012-10-13 00:00:00',NULL,NULL,NULL,'2012-10-13 00:00:00',1,'2012-09-10 17:05:17','2012-10-13 12:54:52',1,3),(34,'34',NULL,22,NULL,1,1,NULL,NULL,100,'XOF',0,'200000.000000','1000.000000','12.000000',3,'12.000000',0,1,12,1,12,1,1,0,NULL,'2012-09-13 04:48:10',NULL,'2012-09-20','2012-09-21','2012-09-12',NULL,'2012-09-21',NULL,NULL,NULL,NULL,NULL,NULL,1,'2012-09-24 04:48:10','2012-09-24 04:48:10',1,4),(35,'35',NULL,30,NULL,11,4,NULL,NULL,400,'XOF',2,'3333333.000000','0.000000','30.000000',2,'360.000000',0,1,2,2,1,2,2,1,NULL,'2012-09-25 00:00:00','2012-09-25 10:03:56','2012-09-25',NULL,NULL,NULL,'2012-11-25',NULL,'2012-09-25 10:17:23',NULL,NULL,'2012-09-25 10:17:23',NULL,1,'2012-09-25 10:01:22','2012-09-25 10:17:23',12,NULL),(36,'36',NULL,30,NULL,4,3,NULL,NULL,300,'MMK',0,'50000.000000','2.000000','1.250000',2,'15.000000',1,1,12,2,1,2,12,1,NULL,'2012-09-24 10:22:05','2012-09-24 10:23:43','2012-09-25',NULL,NULL,'2012-09-25','2013-09-25',NULL,NULL,NULL,NULL,NULL,NULL,12,'2012-09-25 10:22:05','2012-09-25 10:24:23',12,1),(38,'38',NULL,30,NULL,2,NULL,NULL,NULL,400,'LBP',2,'35000.000000','10.000000','1.000000',2,'12.000000',0,1,20,1,2,1,10,1,NULL,'2012-09-25 10:39:47','2012-09-25 10:40:27','2012-09-25',NULL,NULL,NULL,'2013-02-12',NULL,'2012-09-25 10:40:34',NULL,NULL,'2012-09-25 10:40:34',NULL,12,'2012-09-25 10:39:47','2012-09-25 10:40:34',12,1),(39,'39',NULL,30,NULL,1,1,NULL,NULL,100,'XOF',0,'100000.000000','1000.000000','1.750000',2,'21.000000',0,1,12,2,12,2,1,1,NULL,'2012-09-25 10:41:24',NULL,'2012-09-25',NULL,NULL,NULL,'2013-09-25',NULL,NULL,NULL,NULL,NULL,NULL,12,'2012-09-25 10:41:24','2012-09-25 10:41:24',12,1),(40,'40',NULL,30,NULL,1,1,NULL,NULL,100,'XOF',0,'100000.000000','1000.000000','1.750000',2,'21.000000',0,1,12,2,12,2,1,1,NULL,'2012-09-25 11:20:50',NULL,'2012-09-25',NULL,NULL,NULL,'2013-09-25',NULL,NULL,NULL,NULL,NULL,NULL,1,'2012-09-25 11:20:50','2012-09-25 11:20:50',1,1),(41,'41',NULL,31,NULL,1,1,NULL,NULL,100,'XOF',0,'100000.000000','1000.000000','1.750000',2,'21.000000',0,1,12,2,12,2,1,1,NULL,'2012-09-25 11:33:44',NULL,'2012-09-25',NULL,NULL,NULL,'2013-09-25',NULL,NULL,NULL,NULL,NULL,NULL,1,'2012-09-25 11:33:44','2012-09-25 11:33:44',1,1),(42,'42',NULL,11,NULL,4,1,NULL,NULL,100,'XOF',0,'1000000.000000','1000.000000','45.700000',3,'21.000000',0,1,12,2,1,2,12,1,NULL,'2012-09-27 00:00:00',NULL,'2012-10-10',NULL,NULL,NULL,'2013-09-27',NULL,NULL,NULL,NULL,NULL,NULL,1,'2012-09-27 13:46:36','2012-10-10 20:54:49',1,1),(43,'43',NULL,34,NULL,1,1,2,NULL,100,'XOF',0,'100000.000000','1000.000000','1.750000',2,'21.000000',0,1,12,2,1,2,12,1,NULL,'2012-10-12 17:24:52',NULL,'2012-10-12',NULL,NULL,NULL,'2013-10-12',NULL,NULL,NULL,NULL,NULL,NULL,1,'2012-10-12 17:24:52','2013-01-03 17:01:42',1,1),(44,'44',NULL,16,NULL,1,1,NULL,NULL,600,'XOF',0,'100000.000000','1000.000000','2.000000',2,'24.000000',1,1,12,2,1,2,12,1,NULL,'2012-05-24 00:00:00','2012-05-24 05:21:39','2012-06-01',NULL,NULL,'2012-05-25','2013-05-25','2012-07-25','2012-07-25 00:00:00',NULL,NULL,NULL,NULL,1,'2012-10-17 05:18:21','2012-11-02 22:43:12',1,4),(45,'45',NULL,8,NULL,1,1,NULL,NULL,200,'XOF',0,'100000.000000','1000.000000','1.750000',2,'21.000000',0,1,24,2,1,2,24,1,'10.000000','2012-10-01 15:17:02','2012-10-01 15:17:37','2012-10-25',NULL,NULL,NULL,'2014-10-25',NULL,NULL,NULL,NULL,NULL,NULL,1,'2012-10-25 15:17:02','2012-10-25 15:17:37',1,1),(46,'46',NULL,16,NULL,1,1,NULL,NULL,300,'XOF',0,'100000.000000','1000.000000','1.750000',2,'21.000000',0,1,12,2,1,2,12,1,'10.000000','2012-10-03 10:12:06','2012-10-03 10:17:46','2012-10-29',NULL,NULL,'2012-10-29','2013-10-28',NULL,NULL,NULL,NULL,NULL,NULL,1,'2012-10-29 10:12:06','2012-10-29 10:18:33',1,4),(47,'47',NULL,37,NULL,16,4,NULL,NULL,300,'INR',2,'1000.000000','10.000000','18.000000',3,'18.000000',0,1,20,2,1,2,20,1,NULL,'2012-11-15 05:30:38','2012-11-15 05:35:17','2012-11-15',NULL,'2012-11-15','2012-11-15','2014-07-15',NULL,NULL,NULL,NULL,NULL,NULL,1,'2012-11-15 05:30:38','2012-11-15 05:36:13',1,4),(48,'48',NULL,16,NULL,1,1,NULL,NULL,100,'XOF',0,'100000.000000','1000.000000','1.750000',2,'21.000000',0,1,12,2,12,2,1,1,NULL,'2012-11-30 00:00:00',NULL,'2012-12-01',NULL,NULL,NULL,'2013-12-01',NULL,NULL,NULL,NULL,NULL,NULL,1,'2012-12-01 19:14:22','2012-12-22 09:13:33',1,1),(49,'49',NULL,13,NULL,1,1,NULL,NULL,100,'XOF',0,'100000.000000','1000.000000','1.750000',2,'21.000000',0,1,12,2,12,2,1,1,'12.000000','2012-12-06 16:55:01',NULL,'2012-12-06',NULL,NULL,NULL,'2013-12-06',NULL,NULL,NULL,NULL,NULL,NULL,1,'2012-12-06 16:55:01','2012-12-06 16:55:01',1,1),(50,'50',NULL,16,NULL,1,1,NULL,NULL,100,'XOF',0,'100000.000000','1000.000000','1.750000',2,'21.000000',0,1,12,2,12,2,1,1,NULL,'2012-12-07 10:32:48',NULL,'2012-12-07',NULL,NULL,NULL,'2013-12-07',NULL,NULL,NULL,NULL,NULL,NULL,1,'2012-12-07 10:32:48','2012-12-07 10:32:48',1,1),(51,'51',NULL,16,NULL,1,1,NULL,NULL,100,'XOF',0,'100000.000000','1000.000000','1.750000',2,'21.000000',0,1,12,2,1,2,12,1,'0.000000','2011-12-07 10:34:03',NULL,'2011-12-07',NULL,NULL,NULL,'2012-12-07',NULL,NULL,NULL,NULL,NULL,NULL,1,'2012-12-07 10:34:03','2012-12-07 10:35:15',1,1),(52,'52',NULL,59,NULL,1,4,NULL,NULL,300,'HKD',2,'100000.000000','1000.000000','2.000000',3,'2.000000',0,1,1440,2,1,2,120,1,'501000.000000','2012-12-12 07:38:34','2012-12-12 07:44:04','2012-12-12',NULL,NULL,'2012-12-12','2022-12-12',NULL,NULL,NULL,NULL,NULL,NULL,1,'2012-12-12 07:38:34','2012-12-12 07:44:21',1,1),(53,'53',NULL,58,NULL,1,4,NULL,NULL,400,'HKD',2,'1400000.000000','1000.000000','2.500000',3,'2.500000',0,1,240,2,1,2,240,1,'0.000000','2012-12-12 07:46:02','2012-12-12 07:54:02','2013-01-01','2013-01-01','2013-01-01',NULL,'2032-12-01',NULL,'2012-12-12 08:07:47',NULL,NULL,'2012-12-12 08:07:47',NULL,1,'2012-12-12 07:46:02','2012-12-12 08:07:47',24,1),(54,'54',NULL,17,NULL,3,2,NULL,NULL,500,'BND',2,'5000.000000','10.000000','1.500000',2,'18.000000',0,1,6,2,1,2,6,0,NULL,'2012-12-12 11:51:04',NULL,'2012-12-15',NULL,NULL,NULL,'2013-06-15',NULL,'2012-12-13 09:12:30','2012-12-13 09:12:30',NULL,NULL,NULL,1,'2012-12-15 11:51:04','2012-12-21 09:12:30',1,1),(55,'55',NULL,33,NULL,5,4,2,NULL,200,'MMK',0,'50000.000000',NULL,'1.250000',2,'15.000000',1,1,24,2,12,2,2,1,NULL,'2010-12-19 00:00:00','2010-12-19 01:36:26','2010-12-19',NULL,NULL,NULL,'2012-12-19',NULL,NULL,NULL,NULL,NULL,NULL,1,'2012-12-19 01:36:01','2012-12-19 01:39:26',1,1),(56,'56',NULL,58,NULL,4,3,3,NULL,200,'MMK',0,'200000.000000',NULL,'1.250000',2,'15.000000',1,1,84,2,1,2,84,0,NULL,'2012-12-22 00:00:00','2012-12-22 06:06:11','2012-12-22',NULL,NULL,NULL,'2019-12-22',NULL,NULL,NULL,NULL,NULL,NULL,1,'2012-12-22 06:05:35','2013-01-21 13:23:47',1,4),(57,'57',NULL,45,NULL,2,NULL,NULL,NULL,300,'LBP',2,'35000.000000','10.000000','1.000000',2,'12.000000',0,1,20,1,2,1,10,1,NULL,'2012-12-22 00:00:00','2012-12-22 09:03:25','2012-12-23',NULL,NULL,'2012-12-22','2013-05-11',NULL,NULL,NULL,NULL,NULL,NULL,1,'2012-12-22 09:03:06','2012-12-22 09:03:32',1,1),(58,'58',NULL,15,NULL,4,3,NULL,NULL,100,'MMK',0,'50000.000000',NULL,'1.250000',2,'15.000000',1,1,12,2,1,2,12,1,'500.000000','2012-12-22 00:00:00',NULL,'2012-12-22',NULL,NULL,NULL,'2013-12-22',NULL,NULL,NULL,NULL,NULL,NULL,1,'2012-12-22 09:21:45','2012-12-22 09:21:45',1,1),(59,'59',NULL,62,NULL,1,4,2,NULL,100,'HKD',2,'700000.000000','2.000000','20.000000',2,'240.000000',0,1,120,2,1,2,120,1,'7500.000000','2012-12-23 00:00:00',NULL,'2012-12-23',NULL,'2012-12-23',NULL,'2022-12-23',NULL,NULL,NULL,NULL,NULL,NULL,1,'2012-12-23 19:04:49','2012-12-23 19:04:49',1,1),(60,'60',NULL,16,NULL,1,4,NULL,NULL,300,'HKD',2,'700000.000000',NULL,'5.000000',2,'60.000000',0,1,120,2,1,2,120,1,'7500.000000','2012-12-01 00:00:00','2012-12-01 09:14:28','2012-12-31',NULL,NULL,'2012-12-01','2022-12-01',NULL,NULL,NULL,NULL,NULL,NULL,1,'2012-12-31 09:13:18','2012-12-31 09:15:16',1,1),(61,'61',NULL,67,NULL,17,4,NULL,NULL,300,'KES',2,'100000.000000',NULL,'10.000000',2,'120.000000',1,1,1,2,1,2,1,1,NULL,'2013-01-14 00:00:00','2013-01-14 10:51:33','2013-01-14','2013-01-31','2013-01-15','2013-01-14','2013-01-31',NULL,NULL,NULL,NULL,NULL,NULL,25,'2013-01-14 10:51:16','2013-01-14 10:52:23',25,1),(62,'62',NULL,16,NULL,3,2,NULL,NULL,100,'BND',2,'5000.000000','10.000000','1.500000',2,'18.000000',0,1,6,2,1,2,6,0,NULL,'2013-01-09 00:00:00',NULL,'2013-01-18',NULL,NULL,NULL,'2013-07-18',NULL,NULL,NULL,NULL,NULL,NULL,1,'2013-01-18 13:41:30','2013-01-18 13:41:30',1,1);
/*!40000 ALTER TABLE `m_loan` ENABLE KEYS */;
UNLOCK TABLES;

--
-- Table structure for table `m_loan_charge`
--

DROP TABLE IF EXISTS `m_loan_charge`;
/*!40101 SET @saved_cs_client     = @@character_set_client */;
/*!40101 SET character_set_client = utf8 */;
CREATE TABLE `m_loan_charge` (
  `id` bigint(20) NOT NULL AUTO_INCREMENT,
  `loan_id` bigint(20) NOT NULL,
  `charge_id` bigint(20) NOT NULL,
  `is_penalty` tinyint(1) NOT NULL DEFAULT '0',
  `charge_time_enum` smallint(5) NOT NULL,
  `due_for_collection_as_of_date` date DEFAULT NULL,
  `charge_calculation_enum` smallint(5) NOT NULL,
  `calculation_percentage` decimal(19,6) DEFAULT NULL,
  `calculation_on_amount` decimal(19,6) DEFAULT NULL,
  `amount` decimal(19,6) NOT NULL,
  `amount_paid_derived` decimal(19,6) DEFAULT NULL,
  `amount_waived_derived` decimal(19,6) DEFAULT NULL,
  `amount_writtenoff_derived` decimal(19,6) DEFAULT NULL,
  `amount_outstanding_derived` decimal(19,6) NOT NULL DEFAULT '0.000000',
  `is_paid_derived` tinyint(1) NOT NULL DEFAULT '0',
  PRIMARY KEY (`id`),
  KEY `charge_id` (`charge_id`),
  KEY `m_loan_charge_ibfk_2` (`loan_id`),
  CONSTRAINT `m_loan_charge_ibfk_1` FOREIGN KEY (`charge_id`) REFERENCES `m_charge` (`id`),
  CONSTRAINT `m_loan_charge_ibfk_2` FOREIGN KEY (`loan_id`) REFERENCES `m_loan` (`id`)
) ENGINE=InnoDB AUTO_INCREMENT=13 DEFAULT CHARSET=utf8;
/*!40101 SET character_set_client = @saved_cs_client */;

--
-- Dumping data for table `m_loan_charge`
--

LOCK TABLES `m_loan_charge` WRITE;
/*!40000 ALTER TABLE `m_loan_charge` DISABLE KEYS */;
INSERT INTO `m_loan_charge` VALUES (1,45,1,0,1,NULL,1,NULL,NULL,'10.000000',NULL,NULL,NULL,'10.000000',0),(2,46,1,0,1,NULL,1,NULL,NULL,'10.000000','10.000000',NULL,NULL,'0.000000',1),(3,49,3,0,1,NULL,1,NULL,NULL,'12.000000',NULL,NULL,NULL,'12.000000',0),(4,51,2,0,2,'2012-02-07',1,NULL,NULL,'50.000000',NULL,NULL,NULL,'50.000000',0),(5,52,5,0,1,NULL,2,'500.000000','100000.000000','500000.000000','500000.000000',NULL,NULL,'0.000000',1),(6,52,4,0,1,NULL,2,'1.000000','100000.000000','1000.000000','1000.000000',NULL,NULL,'0.000000',1),(8,58,5,0,1,NULL,1,NULL,NULL,'500.000000',NULL,NULL,NULL,'500.000000',0),(9,59,5,0,1,NULL,1,NULL,NULL,'500.000000',NULL,NULL,NULL,'500.000000',0),(10,59,4,0,1,NULL,2,'1.000000','700000.000000','7000.000000',NULL,NULL,NULL,'7000.000000',0),(11,60,5,0,1,NULL,1,NULL,NULL,'500.000000','500.000000','0.000000','0.000000','0.000000',1),(12,60,4,0,1,NULL,2,'1.000000','700000.000000','7000.000000','7000.000000','0.000000','0.000000','0.000000',1);
/*!40000 ALTER TABLE `m_loan_charge` ENABLE KEYS */;
UNLOCK TABLES;

--
-- Table structure for table `m_loan_officer_assignment_history`
--

DROP TABLE IF EXISTS `m_loan_officer_assignment_history`;
/*!40101 SET @saved_cs_client     = @@character_set_client */;
/*!40101 SET character_set_client = utf8 */;
CREATE TABLE `m_loan_officer_assignment_history` (
  `id` bigint(20) NOT NULL AUTO_INCREMENT,
  `loan_id` bigint(20) NOT NULL,
  `loan_officer_id` bigint(20) DEFAULT NULL,
  `start_date` date NOT NULL,
  `end_date` date DEFAULT NULL,
  `createdby_id` bigint(20) DEFAULT NULL,
  `created_date` datetime DEFAULT NULL,
  `lastmodified_date` datetime DEFAULT NULL,
  `lastmodifiedby_id` bigint(20) DEFAULT NULL,
  PRIMARY KEY (`id`),
  KEY `fk_m_loan_officer_assignment_history_0001` (`loan_id`),
  KEY `fk_m_loan_officer_assignment_history_0002` (`loan_officer_id`),
  CONSTRAINT `fk_m_loan_officer_assignment_history_0001` FOREIGN KEY (`loan_id`) REFERENCES `m_loan` (`id`),
  CONSTRAINT `fk_m_loan_officer_assignment_history_0002` FOREIGN KEY (`loan_officer_id`) REFERENCES `m_staff` (`id`)
) ENGINE=InnoDB AUTO_INCREMENT=4 DEFAULT CHARSET=utf8;
/*!40101 SET character_set_client = @saved_cs_client */;

--
-- Dumping data for table `m_loan_officer_assignment_history`
--

LOCK TABLES `m_loan_officer_assignment_history` WRITE;
/*!40000 ALTER TABLE `m_loan_officer_assignment_history` DISABLE KEYS */;
INSERT INTO `m_loan_officer_assignment_history` VALUES (1,55,2,'2010-12-19',NULL,1,'2012-12-19 01:36:26','2012-12-19 01:36:26',1),(2,56,3,'2012-12-22','2013-01-21',1,'2012-12-22 06:06:11','2013-01-21 12:31:38',1),(3,56,3,'2013-01-21',NULL,1,'2013-01-21 12:31:38','2013-01-21 13:23:47',1);
/*!40000 ALTER TABLE `m_loan_officer_assignment_history` ENABLE KEYS */;
UNLOCK TABLES;

--
-- Table structure for table `m_loan_repayment_schedule`
--

DROP TABLE IF EXISTS `m_loan_repayment_schedule`;
/*!40101 SET @saved_cs_client     = @@character_set_client */;
/*!40101 SET character_set_client = utf8 */;
CREATE TABLE `m_loan_repayment_schedule` (
  `id` bigint(20) NOT NULL AUTO_INCREMENT,
  `loan_id` bigint(20) NOT NULL,
  `fromdate` date DEFAULT NULL,
  `duedate` date NOT NULL,
  `installment` smallint(5) NOT NULL,
  `principal_amount` decimal(19,6) DEFAULT NULL,
  `principal_completed_derived` decimal(19,6) DEFAULT NULL,
  `principal_writtenoff_derived` decimal(19,6) DEFAULT NULL,
  `interest_amount` decimal(19,6) DEFAULT NULL,
  `interest_completed_derived` decimal(19,6) DEFAULT NULL,
  `interest_writtenoff_derived` decimal(19,6) DEFAULT NULL,
  `fee_charges_amount` decimal(19,6) DEFAULT NULL,
  `fee_charges_completed_derived` decimal(19,6) DEFAULT NULL,
  `fee_charges_writtenoff_derived` decimal(19,6) DEFAULT NULL,
  `fee_charges_waived_derived` decimal(19,6) DEFAULT NULL,
  `penalty_charges_amount` decimal(19,6) DEFAULT NULL,
  `penalty_charges_completed_derived` decimal(19,6) DEFAULT NULL,
  `penalty_charges_writtenoff_derived` decimal(19,6) DEFAULT NULL,
  `penalty_charges_waived_derived` decimal(19,6) DEFAULT NULL,
  `completed_derived` bit(1) NOT NULL,
  `createdby_id` bigint(20) DEFAULT NULL,
  `created_date` datetime DEFAULT NULL,
  `lastmodified_date` datetime DEFAULT NULL,
  `lastmodifiedby_id` bigint(20) DEFAULT NULL,
  `interest_waived_derived` decimal(19,6) DEFAULT NULL,
  PRIMARY KEY (`id`),
  KEY `FK488B92AA40BE0710` (`loan_id`),
  CONSTRAINT `FK488B92AA40BE0710` FOREIGN KEY (`loan_id`) REFERENCES `m_loan` (`id`)
) ENGINE=InnoDB AUTO_INCREMENT=1831 DEFAULT CHARSET=utf8;
/*!40101 SET character_set_client = @saved_cs_client */;

--
-- Dumping data for table `m_loan_repayment_schedule`
--

LOCK TABLES `m_loan_repayment_schedule` WRITE;
/*!40000 ALTER TABLE `m_loan_repayment_schedule` DISABLE KEYS */;
INSERT INTO `m_loan_repayment_schedule` VALUES (1,1,NULL,'2012-07-24',1,'8150.000000','0.000000',NULL,'404.000000','0.000000',NULL,NULL,NULL,NULL,NULL,NULL,NULL,NULL,NULL,'\0',1,'2012-07-17 01:09:52','2012-07-17 01:09:52',1,'0.000000'),(2,1,NULL,'2012-07-31',2,'8183.000000','0.000000',NULL,'371.000000','0.000000',NULL,NULL,NULL,NULL,NULL,NULL,NULL,NULL,NULL,'\0',1,'2012-07-17 01:09:52','2012-07-17 01:09:52',1,'0.000000'),(3,1,NULL,'2012-08-07',3,'8216.000000','0.000000',NULL,'338.000000','0.000000',NULL,NULL,NULL,NULL,NULL,NULL,NULL,NULL,NULL,'\0',1,'2012-07-17 01:09:52','2012-07-17 01:09:52',1,'0.000000'),(4,1,NULL,'2012-08-14',4,'8249.000000','0.000000',NULL,'305.000000','0.000000',NULL,NULL,NULL,NULL,NULL,NULL,NULL,NULL,NULL,'\0',1,'2012-07-17 01:09:52','2012-07-17 01:09:52',1,'0.000000'),(5,1,NULL,'2012-08-21',5,'8283.000000','0.000000',NULL,'271.000000','0.000000',NULL,NULL,NULL,NULL,NULL,NULL,NULL,NULL,NULL,'\0',1,'2012-07-17 01:09:52','2012-07-17 01:09:52',1,'0.000000'),(6,1,NULL,'2012-08-28',6,'8316.000000','0.000000',NULL,'238.000000','0.000000',NULL,NULL,NULL,NULL,NULL,NULL,NULL,NULL,NULL,'\0',1,'2012-07-17 01:09:52','2012-07-17 01:09:52',1,'0.000000'),(7,1,NULL,'2012-09-04',7,'8350.000000','0.000000',NULL,'204.000000','0.000000',NULL,NULL,NULL,NULL,NULL,NULL,NULL,NULL,NULL,'\0',1,'2012-07-17 01:09:52','2012-07-17 01:09:52',1,'0.000000'),(8,1,NULL,'2012-09-11',8,'8383.000000','0.000000',NULL,'171.000000','0.000000',NULL,NULL,NULL,NULL,NULL,NULL,NULL,NULL,NULL,'\0',1,'2012-07-17 01:09:52','2012-07-17 01:09:52',1,'0.000000'),(9,1,NULL,'2012-09-18',9,'8417.000000','0.000000',NULL,'137.000000','0.000000',NULL,NULL,NULL,NULL,NULL,NULL,NULL,NULL,NULL,'\0',1,'2012-07-17 01:09:52','2012-07-17 01:09:52',1,'0.000000'),(10,1,NULL,'2012-09-25',10,'8451.000000','0.000000',NULL,'103.000000','0.000000',NULL,NULL,NULL,NULL,NULL,NULL,NULL,NULL,NULL,'\0',1,'2012-07-17 01:09:52','2012-07-17 01:09:52',1,'0.000000'),(11,1,NULL,'2012-10-02',11,'8485.000000','0.000000',NULL,'69.000000','0.000000',NULL,NULL,NULL,NULL,NULL,NULL,NULL,NULL,NULL,'\0',1,'2012-07-17 01:09:52','2012-07-17 01:09:52',1,'0.000000'),(12,1,NULL,'2012-10-09',12,'8517.000000','0.000000',NULL,'33.000000','0.000000',NULL,NULL,NULL,NULL,NULL,NULL,NULL,NULL,NULL,'\0',1,'2012-07-17 01:09:52','2012-07-17 01:09:52',1,'0.000000'),(13,2,NULL,'2012-07-31',1,'3427.920000','3427.920000',NULL,'161.540000','161.540000',NULL,NULL,NULL,NULL,NULL,NULL,NULL,NULL,NULL,'',1,'2012-07-17 03:39:58','2012-07-20 10:37:14',1,'0.000000'),(14,2,NULL,'2012-08-14',2,'3443.740000','0.000000',NULL,'145.720000','0.000000',NULL,NULL,NULL,NULL,NULL,NULL,NULL,NULL,NULL,'\0',1,'2012-07-17 03:39:58','2012-07-17 03:39:58',1,'0.000000'),(15,2,NULL,'2012-08-28',3,'3459.640000','0.000000',NULL,'129.820000','0.000000',NULL,NULL,NULL,NULL,NULL,NULL,NULL,NULL,NULL,'\0',1,'2012-07-17 03:39:58','2012-07-17 03:39:58',1,'0.000000'),(16,2,NULL,'2012-09-11',4,'3475.600000','0.000000',NULL,'113.860000','0.000000',NULL,NULL,NULL,NULL,NULL,NULL,NULL,NULL,NULL,'\0',1,'2012-07-17 03:39:58','2012-07-17 03:39:58',1,'0.000000'),(17,2,NULL,'2012-09-25',5,'3491.650000','0.000000',NULL,'97.810000','0.000000',NULL,NULL,NULL,NULL,NULL,NULL,NULL,NULL,NULL,'\0',1,'2012-07-17 03:39:58','2012-07-17 03:39:58',1,'0.000000'),(18,2,NULL,'2012-10-09',6,'3507.760000','0.000000',NULL,'81.700000','0.000000',NULL,NULL,NULL,NULL,NULL,NULL,NULL,NULL,NULL,'\0',1,'2012-07-17 03:39:58','2012-07-17 03:39:58',1,'0.000000'),(19,2,NULL,'2012-10-23',7,'3523.950000','0.000000',NULL,'65.510000','0.000000',NULL,NULL,NULL,NULL,NULL,NULL,NULL,NULL,NULL,'\0',1,'2012-07-17 03:39:58','2012-07-17 03:39:58',1,'0.000000'),(20,2,NULL,'2012-11-06',8,'3540.220000','0.000000',NULL,'49.240000','0.000000',NULL,NULL,NULL,NULL,NULL,NULL,NULL,NULL,NULL,'\0',1,'2012-07-17 03:39:58','2012-07-17 03:39:58',1,'0.000000'),(21,2,NULL,'2012-11-20',9,'3556.550000','0.000000',NULL,'32.910000','0.000000',NULL,NULL,NULL,NULL,NULL,NULL,NULL,NULL,NULL,'\0',1,'2012-07-17 03:39:58','2012-07-17 03:39:58',1,'0.000000'),(22,2,NULL,'2012-12-04',10,'3572.970000','0.000000',NULL,'16.490000','0.000000',NULL,NULL,NULL,NULL,NULL,NULL,NULL,NULL,NULL,'\0',1,'2012-07-17 03:39:58','2012-07-17 03:39:58',1,'0.000000'),(23,3,NULL,'2012-05-18',1,'58333.000000','0.000000',NULL,'14000.000000','0.000000',NULL,NULL,NULL,NULL,NULL,NULL,NULL,NULL,NULL,'\0',1,'2012-07-19 16:14:31','2012-07-19 16:14:31',1,'0.000000'),(24,3,NULL,'2012-06-18',2,'58333.000000','0.000000',NULL,'14000.000000','0.000000',NULL,NULL,NULL,NULL,NULL,NULL,NULL,NULL,NULL,'\0',1,'2012-07-19 16:14:31','2012-07-19 16:14:31',1,'0.000000'),(25,3,NULL,'2012-07-18',3,'58333.000000','0.000000',NULL,'14000.000000','0.000000',NULL,NULL,NULL,NULL,NULL,NULL,NULL,NULL,NULL,'\0',1,'2012-07-19 16:14:31','2012-07-19 16:14:31',1,'0.000000'),(26,3,NULL,'2012-08-18',4,'58333.000000','0.000000',NULL,'14000.000000','0.000000',NULL,NULL,NULL,NULL,NULL,NULL,NULL,NULL,NULL,'\0',1,'2012-07-19 16:14:31','2012-07-19 16:14:31',1,'0.000000'),(27,3,NULL,'2012-09-18',5,'58333.000000','0.000000',NULL,'14000.000000','0.000000',NULL,NULL,NULL,NULL,NULL,NULL,NULL,NULL,NULL,'\0',1,'2012-07-19 16:14:31','2012-07-19 16:14:31',1,'0.000000'),(28,3,NULL,'2012-10-18',6,'58333.000000','0.000000',NULL,'14000.000000','0.000000',NULL,NULL,NULL,NULL,NULL,NULL,NULL,NULL,NULL,'\0',1,'2012-07-19 16:14:31','2012-07-19 16:14:31',1,'0.000000'),(29,3,NULL,'2012-11-18',7,'58333.000000','0.000000',NULL,'14000.000000','0.000000',NULL,NULL,NULL,NULL,NULL,NULL,NULL,NULL,NULL,'\0',1,'2012-07-19 16:14:31','2012-07-19 16:14:31',1,'0.000000'),(30,3,NULL,'2012-12-18',8,'58333.000000','0.000000',NULL,'14000.000000','0.000000',NULL,NULL,NULL,NULL,NULL,NULL,NULL,NULL,NULL,'\0',1,'2012-07-19 16:14:31','2012-07-19 16:14:31',1,'0.000000'),(31,3,NULL,'2013-01-18',9,'58333.000000','0.000000',NULL,'14000.000000','0.000000',NULL,NULL,NULL,NULL,NULL,NULL,NULL,NULL,NULL,'\0',1,'2012-07-19 16:14:31','2012-07-19 16:14:31',1,'0.000000'),(32,3,NULL,'2013-02-18',10,'58333.000000','0.000000',NULL,'14000.000000','0.000000',NULL,NULL,NULL,NULL,NULL,NULL,NULL,NULL,NULL,'\0',1,'2012-07-19 16:14:31','2012-07-19 16:14:31',1,'0.000000'),(33,3,NULL,'2013-03-18',11,'58333.000000','0.000000',NULL,'14000.000000','0.000000',NULL,NULL,NULL,NULL,NULL,NULL,NULL,NULL,NULL,'\0',1,'2012-07-19 16:14:31','2012-07-19 16:14:31',1,'0.000000'),(34,3,NULL,'2013-04-18',12,'58337.000000','0.000000',NULL,'14000.000000','0.000000',NULL,NULL,NULL,NULL,NULL,NULL,NULL,NULL,NULL,'\0',1,'2012-07-19 16:14:31','2012-07-19 16:14:31',1,'0.000000'),(35,4,NULL,'2012-05-18',1,'58333.000000','0.000000',NULL,'8750.000000','0.000000',NULL,NULL,NULL,NULL,NULL,NULL,NULL,NULL,NULL,'\0',1,'2012-07-19 17:07:53','2012-07-19 17:07:53',1,'0.000000'),(36,4,NULL,'2012-06-18',2,'58333.000000','0.000000',NULL,'8750.000000','0.000000',NULL,NULL,NULL,NULL,NULL,NULL,NULL,NULL,NULL,'\0',1,'2012-07-19 17:07:53','2012-07-19 17:07:53',1,'0.000000'),(37,4,NULL,'2012-07-18',3,'58333.000000','0.000000',NULL,'8750.000000','0.000000',NULL,NULL,NULL,NULL,NULL,NULL,NULL,NULL,NULL,'\0',1,'2012-07-19 17:07:53','2012-07-19 17:07:53',1,'0.000000'),(38,4,NULL,'2012-08-18',4,'58333.000000','0.000000',NULL,'8750.000000','0.000000',NULL,NULL,NULL,NULL,NULL,NULL,NULL,NULL,NULL,'\0',1,'2012-07-19 17:07:53','2012-07-19 17:07:53',1,'0.000000'),(39,4,NULL,'2012-09-18',5,'58333.000000','0.000000',NULL,'8750.000000','0.000000',NULL,NULL,NULL,NULL,NULL,NULL,NULL,NULL,NULL,'\0',1,'2012-07-19 17:07:53','2012-07-19 17:07:53',1,'0.000000'),(40,4,NULL,'2012-10-18',6,'58333.000000','0.000000',NULL,'8750.000000','0.000000',NULL,NULL,NULL,NULL,NULL,NULL,NULL,NULL,NULL,'\0',1,'2012-07-19 17:07:53','2012-07-19 17:07:53',1,'0.000000'),(41,4,NULL,'2012-11-18',7,'58333.000000','0.000000',NULL,'8750.000000','0.000000',NULL,NULL,NULL,NULL,NULL,NULL,NULL,NULL,NULL,'\0',1,'2012-07-19 17:07:53','2012-07-19 17:07:53',1,'0.000000'),(42,4,NULL,'2012-12-18',8,'58333.000000','0.000000',NULL,'8750.000000','0.000000',NULL,NULL,NULL,NULL,NULL,NULL,NULL,NULL,NULL,'\0',1,'2012-07-19 17:07:53','2012-07-19 17:07:53',1,'0.000000'),(43,4,NULL,'2013-01-18',9,'58333.000000','0.000000',NULL,'8750.000000','0.000000',NULL,NULL,NULL,NULL,NULL,NULL,NULL,NULL,NULL,'\0',1,'2012-07-19 17:07:53','2012-07-19 17:07:53',1,'0.000000'),(44,4,NULL,'2013-02-18',10,'58333.000000','0.000000',NULL,'8750.000000','0.000000',NULL,NULL,NULL,NULL,NULL,NULL,NULL,NULL,NULL,'\0',1,'2012-07-19 17:07:53','2012-07-19 17:07:53',1,'0.000000'),(45,4,NULL,'2013-03-18',11,'58333.000000','0.000000',NULL,'8750.000000','0.000000',NULL,NULL,NULL,NULL,NULL,NULL,NULL,NULL,NULL,'\0',1,'2012-07-19 17:07:53','2012-07-19 17:07:53',1,'0.000000'),(46,4,NULL,'2013-04-18',12,'58337.000000','0.000000',NULL,'8750.000000','0.000000',NULL,NULL,NULL,NULL,NULL,NULL,NULL,NULL,NULL,'\0',1,'2012-07-19 17:07:53','2012-07-19 17:07:53',1,'0.000000'),(47,5,NULL,'2012-05-18',1,'58333.000000','58333.000000',NULL,'8750.000000','8750.000000',NULL,NULL,NULL,NULL,NULL,NULL,NULL,NULL,NULL,'',1,'2012-07-19 17:54:17','2012-09-21 22:34:07',1,'0.000000'),(48,5,NULL,'2012-06-18',2,'58333.000000','58333.000000',NULL,'8750.000000','8750.000000',NULL,NULL,NULL,NULL,NULL,NULL,NULL,NULL,NULL,'',1,'2012-07-19 17:54:17','2012-11-27 16:17:37',1,'0.000000'),(49,5,NULL,'2012-07-18',3,'58333.000000','0.000000',NULL,'8750.000000','0.000000',NULL,NULL,NULL,NULL,NULL,NULL,NULL,NULL,NULL,'\0',1,'2012-07-19 17:54:17','2012-11-27 16:18:13',1,'8750.000000'),(50,5,NULL,'2012-08-18',4,'58333.000000','0.000000',NULL,'8750.000000','0.000000',NULL,NULL,NULL,NULL,NULL,NULL,NULL,NULL,NULL,'\0',1,'2012-07-19 17:54:17','2012-07-19 17:54:17',1,'0.000000'),(51,5,NULL,'2012-09-18',5,'58333.000000','0.000000',NULL,'8750.000000','0.000000',NULL,NULL,NULL,NULL,NULL,NULL,NULL,NULL,NULL,'\0',1,'2012-07-19 17:54:17','2012-07-19 17:54:17',1,'0.000000'),(52,5,NULL,'2012-10-18',6,'58333.000000','0.000000',NULL,'8750.000000','0.000000',NULL,NULL,NULL,NULL,NULL,NULL,NULL,NULL,NULL,'\0',1,'2012-07-19 17:54:17','2012-07-19 17:54:17',1,'0.000000'),(53,5,NULL,'2012-11-18',7,'58333.000000','0.000000',NULL,'8750.000000','0.000000',NULL,NULL,NULL,NULL,NULL,NULL,NULL,NULL,NULL,'\0',1,'2012-07-19 17:54:17','2012-07-19 17:54:17',1,'0.000000'),(54,5,NULL,'2012-12-18',8,'58333.000000','0.000000',NULL,'8750.000000','0.000000',NULL,NULL,NULL,NULL,NULL,NULL,NULL,NULL,NULL,'\0',1,'2012-07-19 17:54:17','2012-07-19 17:54:17',1,'0.000000'),(55,5,NULL,'2013-01-18',9,'58333.000000','0.000000',NULL,'8750.000000','0.000000',NULL,NULL,NULL,NULL,NULL,NULL,NULL,NULL,NULL,'\0',1,'2012-07-19 17:54:17','2012-07-19 17:54:17',1,'0.000000'),(56,5,NULL,'2013-02-18',10,'58333.000000','0.000000',NULL,'8750.000000','0.000000',NULL,NULL,NULL,NULL,NULL,NULL,NULL,NULL,NULL,'\0',1,'2012-07-19 17:54:17','2012-07-19 17:54:17',1,'0.000000'),(57,5,NULL,'2013-03-18',11,'58333.000000','0.000000',NULL,'8750.000000','0.000000',NULL,NULL,NULL,NULL,NULL,NULL,NULL,NULL,NULL,'\0',1,'2012-07-19 17:54:17','2012-07-19 17:54:17',1,'0.000000'),(58,5,NULL,'2013-04-18',12,'58337.000000','0.000000',NULL,'8750.000000','0.000000',NULL,NULL,NULL,NULL,NULL,NULL,NULL,NULL,NULL,'\0',1,'2012-07-19 17:54:17','2012-07-19 17:54:17',1,'0.000000'),(59,6,NULL,'2014-07-20',1,'100000.000000','0.000000',NULL,'42000.000000','0.000000',NULL,NULL,NULL,NULL,NULL,NULL,NULL,NULL,NULL,'\0',1,'2012-07-20 04:54:55','2012-07-20 04:54:55',1,'0.000000'),(62,9,NULL,'2013-07-22',1,'23256.000000','0.000000',NULL,'7500.000000','0.000000',NULL,NULL,NULL,NULL,NULL,NULL,NULL,NULL,NULL,'\0',1,'2012-07-22 09:09:24','2012-07-22 09:09:24',1,'0.000000'),(63,9,NULL,'2014-07-22',2,'26744.000000','0.000000',NULL,'4012.000000','0.000000',NULL,NULL,NULL,NULL,NULL,NULL,NULL,NULL,NULL,'\0',1,'2012-07-22 09:09:24','2012-07-22 09:09:24',1,'0.000000'),(64,10,NULL,'2012-08-23',1,'9238.000000','0.000000',NULL,'1750.000000','0.000000',NULL,NULL,NULL,NULL,NULL,NULL,NULL,NULL,NULL,'\0',5,'2012-07-23 04:51:37','2012-07-23 04:51:37',5,'0.000000'),(65,10,NULL,'2012-09-23',2,'9400.000000','0.000000',NULL,'1588.000000','0.000000',NULL,NULL,NULL,NULL,NULL,NULL,NULL,NULL,NULL,'\0',5,'2012-07-23 04:51:37','2012-07-23 04:51:37',5,'0.000000'),(66,10,NULL,'2012-10-23',3,'9564.000000','0.000000',NULL,'1424.000000','0.000000',NULL,NULL,NULL,NULL,NULL,NULL,NULL,NULL,NULL,'\0',5,'2012-07-23 04:51:37','2012-07-23 04:51:37',5,'0.000000'),(67,10,NULL,'2012-11-23',4,'9732.000000','0.000000',NULL,'1256.000000','0.000000',NULL,NULL,NULL,NULL,NULL,NULL,NULL,NULL,NULL,'\0',5,'2012-07-23 04:51:37','2012-07-23 04:51:37',5,'0.000000'),(68,10,NULL,'2012-12-23',5,'9902.000000','0.000000',NULL,'1086.000000','0.000000',NULL,NULL,NULL,NULL,NULL,NULL,NULL,NULL,NULL,'\0',5,'2012-07-23 04:51:37','2012-07-23 04:51:37',5,'0.000000'),(69,10,NULL,'2013-01-23',6,'10075.000000','0.000000',NULL,'913.000000','0.000000',NULL,NULL,NULL,NULL,NULL,NULL,NULL,NULL,NULL,'\0',5,'2012-07-23 04:51:37','2012-07-23 04:51:37',5,'0.000000'),(70,10,NULL,'2013-02-23',7,'10251.000000','0.000000',NULL,'737.000000','0.000000',NULL,NULL,NULL,NULL,NULL,NULL,NULL,NULL,NULL,'\0',5,'2012-07-23 04:51:37','2012-07-23 04:51:37',5,'0.000000'),(71,10,NULL,'2013-03-23',8,'10431.000000','0.000000',NULL,'557.000000','0.000000',NULL,NULL,NULL,NULL,NULL,NULL,NULL,NULL,NULL,'\0',5,'2012-07-23 04:51:37','2012-07-23 04:51:37',5,'0.000000'),(72,10,NULL,'2013-04-23',9,'10613.000000','0.000000',NULL,'375.000000','0.000000',NULL,NULL,NULL,NULL,NULL,NULL,NULL,NULL,NULL,'\0',5,'2012-07-23 04:51:37','2012-07-23 04:51:37',5,'0.000000'),(73,10,NULL,'2013-05-23',10,'10794.000000','0.000000',NULL,'189.000000','0.000000',NULL,NULL,NULL,NULL,NULL,NULL,NULL,NULL,NULL,'\0',5,'2012-07-23 04:51:37','2012-07-23 04:51:37',5,'0.000000'),(74,11,NULL,'2012-08-04',1,'100000.000000','100000.000000',NULL,'21000.000000','21000.000000',NULL,NULL,NULL,NULL,NULL,NULL,NULL,NULL,NULL,'',1,'2012-07-31 12:53:53','2012-07-31 12:54:51',1,'0.000000'),(75,12,NULL,'2012-08-09',1,'9819.000000','9819.000000',NULL,'404.000000','404.000000',NULL,NULL,NULL,NULL,NULL,NULL,NULL,NULL,NULL,'',1,'2012-08-02 04:15:22','2012-08-02 04:15:56',1,'0.000000'),(76,12,NULL,'2012-08-16',2,'9859.000000','0.000000',NULL,'364.000000','0.000000',NULL,NULL,NULL,NULL,NULL,NULL,NULL,NULL,NULL,'\0',1,'2012-08-02 04:15:22','2012-08-02 04:15:22',1,'0.000000'),(77,12,NULL,'2012-08-23',3,'9899.000000','0.000000',NULL,'324.000000','0.000000',NULL,NULL,NULL,NULL,NULL,NULL,NULL,NULL,NULL,'\0',1,'2012-08-02 04:15:22','2012-08-02 04:15:22',1,'0.000000'),(78,12,NULL,'2012-08-30',4,'9939.000000','0.000000',NULL,'284.000000','0.000000',NULL,NULL,NULL,NULL,NULL,NULL,NULL,NULL,NULL,'\0',1,'2012-08-02 04:15:22','2012-08-02 04:15:22',1,'0.000000'),(79,12,NULL,'2012-09-06',5,'9979.000000','0.000000',NULL,'244.000000','0.000000',NULL,NULL,NULL,NULL,NULL,NULL,NULL,NULL,NULL,'\0',1,'2012-08-02 04:15:22','2012-08-02 04:15:22',1,'0.000000'),(80,12,NULL,'2012-09-13',6,'10019.000000','0.000000',NULL,'204.000000','0.000000',NULL,NULL,NULL,NULL,NULL,NULL,NULL,NULL,NULL,'\0',1,'2012-08-02 04:15:22','2012-08-02 04:15:22',1,'0.000000'),(81,12,NULL,'2012-09-20',7,'10059.000000','0.000000',NULL,'164.000000','0.000000',NULL,NULL,NULL,NULL,NULL,NULL,NULL,NULL,NULL,'\0',1,'2012-08-02 04:15:22','2012-08-02 04:15:22',1,'0.000000'),(82,12,NULL,'2012-09-27',8,'10100.000000','0.000000',NULL,'123.000000','0.000000',NULL,NULL,NULL,NULL,NULL,NULL,NULL,NULL,NULL,'\0',1,'2012-08-02 04:15:22','2012-08-02 04:15:22',1,'0.000000'),(83,12,NULL,'2012-10-04',9,'10141.000000','0.000000',NULL,'82.000000','0.000000',NULL,NULL,NULL,NULL,NULL,NULL,NULL,NULL,NULL,'\0',1,'2012-08-02 04:15:22','2012-08-02 04:15:22',1,'0.000000'),(84,12,NULL,'2012-10-11',10,'10186.000000','0.000000',NULL,'42.000000','0.000000',NULL,NULL,NULL,NULL,NULL,NULL,NULL,NULL,NULL,'\0',1,'2012-08-02 04:15:22','2012-08-02 04:15:22',1,'0.000000'),(87,13,NULL,'2013-08-02',1,'25000.000000','2500.000000',NULL,'7500.000000','7500.000000',NULL,NULL,NULL,NULL,NULL,NULL,NULL,NULL,NULL,'\0',1,'2012-08-03 21:40:08','2012-08-07 07:43:47',1,'0.000000'),(88,13,NULL,'2014-08-02',2,'25000.000000','0.000000',NULL,'7500.000000','0.000000',NULL,NULL,NULL,NULL,NULL,NULL,NULL,NULL,NULL,'\0',1,'2012-08-03 21:40:08','2012-08-07 07:43:47',1,'0.000000'),(141,14,NULL,'2012-08-09',1,'962.000000','156.000000',NULL,'144.000000','144.000000',NULL,NULL,NULL,NULL,NULL,NULL,NULL,NULL,NULL,'\0',1,'2012-08-03 21:46:11','2012-08-03 21:47:27',1,'0.000000'),(142,14,NULL,'2012-08-16',2,'962.000000','0.000000',NULL,'144.000000','0.000000',NULL,NULL,NULL,NULL,NULL,NULL,NULL,NULL,NULL,'\0',1,'2012-08-03 21:46:11','2012-08-03 21:46:11',1,'0.000000'),(143,14,NULL,'2012-08-23',3,'962.000000','0.000000',NULL,'144.000000','0.000000',NULL,NULL,NULL,NULL,NULL,NULL,NULL,NULL,NULL,'\0',1,'2012-08-03 21:46:11','2012-08-03 21:46:11',1,'0.000000'),(144,14,NULL,'2012-08-30',4,'962.000000','0.000000',NULL,'144.000000','0.000000',NULL,NULL,NULL,NULL,NULL,NULL,NULL,NULL,NULL,'\0',1,'2012-08-03 21:46:11','2012-08-03 21:46:11',1,'0.000000'),(145,14,NULL,'2012-09-06',5,'962.000000','0.000000',NULL,'144.000000','0.000000',NULL,NULL,NULL,NULL,NULL,NULL,NULL,NULL,NULL,'\0',1,'2012-08-03 21:46:11','2012-08-03 21:46:11',1,'0.000000'),(146,14,NULL,'2012-09-13',6,'962.000000','0.000000',NULL,'144.000000','0.000000',NULL,NULL,NULL,NULL,NULL,NULL,NULL,NULL,NULL,'\0',1,'2012-08-03 21:46:11','2012-08-03 21:46:11',1,'0.000000'),(147,14,NULL,'2012-09-20',7,'962.000000','0.000000',NULL,'144.000000','0.000000',NULL,NULL,NULL,NULL,NULL,NULL,NULL,NULL,NULL,'\0',1,'2012-08-03 21:46:11','2012-08-03 21:46:11',1,'0.000000'),(148,14,NULL,'2012-09-27',8,'962.000000','0.000000',NULL,'144.000000','0.000000',NULL,NULL,NULL,NULL,NULL,NULL,NULL,NULL,NULL,'\0',1,'2012-08-03 21:46:11','2012-08-03 21:46:11',1,'0.000000'),(149,14,NULL,'2012-10-04',9,'962.000000','0.000000',NULL,'144.000000','0.000000',NULL,NULL,NULL,NULL,NULL,NULL,NULL,NULL,NULL,'\0',1,'2012-08-03 21:46:11','2012-08-03 21:46:11',1,'0.000000'),(150,14,NULL,'2012-10-11',10,'962.000000','0.000000',NULL,'144.000000','0.000000',NULL,NULL,NULL,NULL,NULL,NULL,NULL,NULL,NULL,'\0',1,'2012-08-03 21:46:11','2012-08-03 21:46:11',1,'0.000000'),(151,14,NULL,'2012-10-18',11,'962.000000','0.000000',NULL,'144.000000','0.000000',NULL,NULL,NULL,NULL,NULL,NULL,NULL,NULL,NULL,'\0',1,'2012-08-03 21:46:11','2012-08-03 21:46:11',1,'0.000000'),(152,14,NULL,'2012-10-25',12,'962.000000','0.000000',NULL,'144.000000','0.000000',NULL,NULL,NULL,NULL,NULL,NULL,NULL,NULL,NULL,'\0',1,'2012-08-03 21:46:11','2012-08-03 21:46:11',1,'0.000000'),(153,14,NULL,'2012-11-01',13,'962.000000','0.000000',NULL,'144.000000','0.000000',NULL,NULL,NULL,NULL,NULL,NULL,NULL,NULL,NULL,'\0',1,'2012-08-03 21:46:11','2012-08-03 21:46:11',1,'0.000000'),(154,14,NULL,'2012-11-08',14,'962.000000','0.000000',NULL,'144.000000','0.000000',NULL,NULL,NULL,NULL,NULL,NULL,NULL,NULL,NULL,'\0',1,'2012-08-03 21:46:11','2012-08-03 21:46:11',1,'0.000000'),(155,14,NULL,'2012-11-15',15,'962.000000','0.000000',NULL,'144.000000','0.000000',NULL,NULL,NULL,NULL,NULL,NULL,NULL,NULL,NULL,'\0',1,'2012-08-03 21:46:11','2012-08-03 21:46:11',1,'0.000000'),(156,14,NULL,'2012-11-22',16,'962.000000','0.000000',NULL,'144.000000','0.000000',NULL,NULL,NULL,NULL,NULL,NULL,NULL,NULL,NULL,'\0',1,'2012-08-03 21:46:11','2012-08-03 21:46:11',1,'0.000000'),(157,14,NULL,'2012-11-29',17,'962.000000','0.000000',NULL,'144.000000','0.000000',NULL,NULL,NULL,NULL,NULL,NULL,NULL,NULL,NULL,'\0',1,'2012-08-03 21:46:11','2012-08-03 21:46:11',1,'0.000000'),(158,14,NULL,'2012-12-06',18,'962.000000','0.000000',NULL,'144.000000','0.000000',NULL,NULL,NULL,NULL,NULL,NULL,NULL,NULL,NULL,'\0',1,'2012-08-03 21:46:11','2012-08-03 21:46:11',1,'0.000000'),(159,14,NULL,'2012-12-13',19,'962.000000','0.000000',NULL,'144.000000','0.000000',NULL,NULL,NULL,NULL,NULL,NULL,NULL,NULL,NULL,'\0',1,'2012-08-03 21:46:11','2012-08-03 21:46:11',1,'0.000000'),(160,14,NULL,'2012-12-20',20,'962.000000','0.000000',NULL,'144.000000','0.000000',NULL,NULL,NULL,NULL,NULL,NULL,NULL,NULL,NULL,'\0',1,'2012-08-03 21:46:11','2012-08-03 21:46:11',1,'0.000000'),(161,14,NULL,'2012-12-27',21,'962.000000','0.000000',NULL,'144.000000','0.000000',NULL,NULL,NULL,NULL,NULL,NULL,NULL,NULL,NULL,'\0',1,'2012-08-03 21:46:11','2012-08-03 21:46:11',1,'0.000000'),(162,14,NULL,'2013-01-03',22,'962.000000','0.000000',NULL,'144.000000','0.000000',NULL,NULL,NULL,NULL,NULL,NULL,NULL,NULL,NULL,'\0',1,'2012-08-03 21:46:11','2012-08-03 21:46:11',1,'0.000000'),(163,14,NULL,'2013-01-10',23,'962.000000','0.000000',NULL,'144.000000','0.000000',NULL,NULL,NULL,NULL,NULL,NULL,NULL,NULL,NULL,'\0',1,'2012-08-03 21:46:11','2012-08-03 21:46:11',1,'0.000000'),(164,14,NULL,'2013-01-17',24,'962.000000','0.000000',NULL,'144.000000','0.000000',NULL,NULL,NULL,NULL,NULL,NULL,NULL,NULL,NULL,'\0',1,'2012-08-03 21:46:11','2012-08-03 21:46:11',1,'0.000000'),(165,14,NULL,'2013-01-24',25,'962.000000','0.000000',NULL,'144.000000','0.000000',NULL,NULL,NULL,NULL,NULL,NULL,NULL,NULL,NULL,'\0',1,'2012-08-03 21:46:11','2012-08-03 21:46:11',1,'0.000000'),(166,14,NULL,'2013-01-31',26,'962.000000','0.000000',NULL,'144.000000','0.000000',NULL,NULL,NULL,NULL,NULL,NULL,NULL,NULL,NULL,'\0',1,'2012-08-03 21:46:11','2012-08-03 21:46:11',1,'0.000000'),(167,14,NULL,'2013-02-07',27,'962.000000','0.000000',NULL,'144.000000','0.000000',NULL,NULL,NULL,NULL,NULL,NULL,NULL,NULL,NULL,'\0',1,'2012-08-03 21:46:11','2012-08-03 21:46:11',1,'0.000000'),(168,14,NULL,'2013-02-14',28,'962.000000','0.000000',NULL,'144.000000','0.000000',NULL,NULL,NULL,NULL,NULL,NULL,NULL,NULL,NULL,'\0',1,'2012-08-03 21:46:11','2012-08-03 21:46:11',1,'0.000000'),(169,14,NULL,'2013-02-21',29,'962.000000','0.000000',NULL,'144.000000','0.000000',NULL,NULL,NULL,NULL,NULL,NULL,NULL,NULL,NULL,'\0',1,'2012-08-03 21:46:11','2012-08-03 21:46:11',1,'0.000000'),(170,14,NULL,'2013-02-28',30,'962.000000','0.000000',NULL,'144.000000','0.000000',NULL,NULL,NULL,NULL,NULL,NULL,NULL,NULL,NULL,'\0',1,'2012-08-03 21:46:11','2012-08-03 21:46:11',1,'0.000000'),(171,14,NULL,'2013-03-07',31,'962.000000','0.000000',NULL,'144.000000','0.000000',NULL,NULL,NULL,NULL,NULL,NULL,NULL,NULL,NULL,'\0',1,'2012-08-03 21:46:11','2012-08-03 21:46:11',1,'0.000000'),(172,14,NULL,'2013-03-14',32,'962.000000','0.000000',NULL,'144.000000','0.000000',NULL,NULL,NULL,NULL,NULL,NULL,NULL,NULL,NULL,'\0',1,'2012-08-03 21:46:11','2012-08-03 21:46:11',1,'0.000000'),(173,14,NULL,'2013-03-21',33,'962.000000','0.000000',NULL,'144.000000','0.000000',NULL,NULL,NULL,NULL,NULL,NULL,NULL,NULL,NULL,'\0',1,'2012-08-03 21:46:11','2012-08-03 21:46:11',1,'0.000000'),(174,14,NULL,'2013-03-28',34,'962.000000','0.000000',NULL,'144.000000','0.000000',NULL,NULL,NULL,NULL,NULL,NULL,NULL,NULL,NULL,'\0',1,'2012-08-03 21:46:11','2012-08-03 21:46:11',1,'0.000000'),(175,14,NULL,'2013-04-04',35,'962.000000','0.000000',NULL,'144.000000','0.000000',NULL,NULL,NULL,NULL,NULL,NULL,NULL,NULL,NULL,'\0',1,'2012-08-03 21:46:11','2012-08-03 21:46:11',1,'0.000000'),(176,14,NULL,'2013-04-11',36,'962.000000','0.000000',NULL,'144.000000','0.000000',NULL,NULL,NULL,NULL,NULL,NULL,NULL,NULL,NULL,'\0',1,'2012-08-03 21:46:11','2012-08-03 21:46:11',1,'0.000000'),(177,14,NULL,'2013-04-18',37,'962.000000','0.000000',NULL,'144.000000','0.000000',NULL,NULL,NULL,NULL,NULL,NULL,NULL,NULL,NULL,'\0',1,'2012-08-03 21:46:11','2012-08-03 21:46:11',1,'0.000000'),(178,14,NULL,'2013-04-25',38,'962.000000','0.000000',NULL,'144.000000','0.000000',NULL,NULL,NULL,NULL,NULL,NULL,NULL,NULL,NULL,'\0',1,'2012-08-03 21:46:11','2012-08-03 21:46:11',1,'0.000000'),(179,14,NULL,'2013-05-02',39,'962.000000','0.000000',NULL,'144.000000','0.000000',NULL,NULL,NULL,NULL,NULL,NULL,NULL,NULL,NULL,'\0',1,'2012-08-03 21:46:11','2012-08-03 21:46:11',1,'0.000000'),(180,14,NULL,'2013-05-09',40,'962.000000','0.000000',NULL,'144.000000','0.000000',NULL,NULL,NULL,NULL,NULL,NULL,NULL,NULL,NULL,'\0',1,'2012-08-03 21:46:11','2012-08-03 21:46:11',1,'0.000000'),(181,14,NULL,'2013-05-16',41,'962.000000','0.000000',NULL,'144.000000','0.000000',NULL,NULL,NULL,NULL,NULL,NULL,NULL,NULL,NULL,'\0',1,'2012-08-03 21:46:11','2012-08-03 21:46:11',1,'0.000000'),(182,14,NULL,'2013-05-23',42,'962.000000','0.000000',NULL,'144.000000','0.000000',NULL,NULL,NULL,NULL,NULL,NULL,NULL,NULL,NULL,'\0',1,'2012-08-03 21:46:11','2012-08-03 21:46:11',1,'0.000000'),(183,14,NULL,'2013-05-30',43,'962.000000','0.000000',NULL,'144.000000','0.000000',NULL,NULL,NULL,NULL,NULL,NULL,NULL,NULL,NULL,'\0',1,'2012-08-03 21:46:11','2012-08-03 21:46:11',1,'0.000000'),(184,14,NULL,'2013-06-06',44,'962.000000','0.000000',NULL,'144.000000','0.000000',NULL,NULL,NULL,NULL,NULL,NULL,NULL,NULL,NULL,'\0',1,'2012-08-03 21:46:11','2012-08-03 21:46:11',1,'0.000000'),(185,14,NULL,'2013-06-13',45,'962.000000','0.000000',NULL,'144.000000','0.000000',NULL,NULL,NULL,NULL,NULL,NULL,NULL,NULL,NULL,'\0',1,'2012-08-03 21:46:11','2012-08-03 21:46:11',1,'0.000000'),(186,14,NULL,'2013-06-20',46,'962.000000','0.000000',NULL,'144.000000','0.000000',NULL,NULL,NULL,NULL,NULL,NULL,NULL,NULL,NULL,'\0',1,'2012-08-03 21:46:11','2012-08-03 21:46:11',1,'0.000000'),(187,14,NULL,'2013-06-27',47,'962.000000','0.000000',NULL,'144.000000','0.000000',NULL,NULL,NULL,NULL,NULL,NULL,NULL,NULL,NULL,'\0',1,'2012-08-03 21:46:11','2012-08-03 21:46:11',1,'0.000000'),(188,14,NULL,'2013-07-04',48,'962.000000','0.000000',NULL,'144.000000','0.000000',NULL,NULL,NULL,NULL,NULL,NULL,NULL,NULL,NULL,'\0',1,'2012-08-03 21:46:11','2012-08-03 21:46:11',1,'0.000000'),(189,14,NULL,'2013-07-11',49,'962.000000','0.000000',NULL,'144.000000','0.000000',NULL,NULL,NULL,NULL,NULL,NULL,NULL,NULL,NULL,'\0',1,'2012-08-03 21:46:11','2012-08-03 21:46:11',1,'0.000000'),(190,14,NULL,'2013-07-18',50,'962.000000','0.000000',NULL,'144.000000','0.000000',NULL,NULL,NULL,NULL,NULL,NULL,NULL,NULL,NULL,'\0',1,'2012-08-03 21:46:11','2012-08-03 21:46:11',1,'0.000000'),(191,14,NULL,'2013-07-25',51,'962.000000','0.000000',NULL,'144.000000','0.000000',NULL,NULL,NULL,NULL,NULL,NULL,NULL,NULL,NULL,'\0',1,'2012-08-03 21:46:11','2012-08-03 21:46:11',1,'0.000000'),(192,14,NULL,'2013-08-01',52,'938.000000','0.000000',NULL,'144.000000','0.000000',NULL,NULL,NULL,NULL,NULL,NULL,NULL,NULL,NULL,'\0',1,'2012-08-03 21:46:11','2012-08-03 21:46:11',1,'0.000000'),(193,15,NULL,'2011-08-10',1,'481.000000','481.000000',NULL,'144.000000','144.000000',NULL,NULL,NULL,NULL,NULL,NULL,NULL,NULL,NULL,'',1,'2012-08-03 21:48:47','2012-08-03 21:49:35',1,'0.000000'),(194,15,NULL,'2011-08-17',2,'481.000000','481.000000',NULL,'144.000000','144.000000',NULL,NULL,NULL,NULL,NULL,NULL,NULL,NULL,NULL,'',1,'2012-08-03 21:48:47','2012-08-03 21:49:35',1,'0.000000'),(195,15,NULL,'2011-08-24',3,'481.000000','106.000000',NULL,'144.000000','144.000000',NULL,NULL,NULL,NULL,NULL,NULL,NULL,NULL,NULL,'\0',1,'2012-08-03 21:48:47','2012-08-03 21:49:35',1,'0.000000'),(196,15,NULL,'2011-08-31',4,'481.000000','0.000000',NULL,'144.000000','0.000000',NULL,NULL,NULL,NULL,NULL,NULL,NULL,NULL,NULL,'\0',1,'2012-08-03 21:48:47','2012-08-03 21:48:47',1,'0.000000'),(197,15,NULL,'2011-09-07',5,'481.000000','0.000000',NULL,'144.000000','0.000000',NULL,NULL,NULL,NULL,NULL,NULL,NULL,NULL,NULL,'\0',1,'2012-08-03 21:48:47','2012-08-03 21:48:47',1,'0.000000'),(198,15,NULL,'2011-09-14',6,'481.000000','0.000000',NULL,'144.000000','0.000000',NULL,NULL,NULL,NULL,NULL,NULL,NULL,NULL,NULL,'\0',1,'2012-08-03 21:48:47','2012-08-03 21:48:47',1,'0.000000'),(199,15,NULL,'2011-09-21',7,'481.000000','0.000000',NULL,'144.000000','0.000000',NULL,NULL,NULL,NULL,NULL,NULL,NULL,NULL,NULL,'\0',1,'2012-08-03 21:48:47','2012-08-03 21:48:47',1,'0.000000'),(200,15,NULL,'2011-09-28',8,'481.000000','0.000000',NULL,'144.000000','0.000000',NULL,NULL,NULL,NULL,NULL,NULL,NULL,NULL,NULL,'\0',1,'2012-08-03 21:48:47','2012-08-03 21:48:47',1,'0.000000'),(201,15,NULL,'2011-10-05',9,'481.000000','0.000000',NULL,'144.000000','0.000000',NULL,NULL,NULL,NULL,NULL,NULL,NULL,NULL,NULL,'\0',1,'2012-08-03 21:48:47','2012-08-03 21:48:47',1,'0.000000'),(202,15,NULL,'2011-10-12',10,'481.000000','0.000000',NULL,'144.000000','0.000000',NULL,NULL,NULL,NULL,NULL,NULL,NULL,NULL,NULL,'\0',1,'2012-08-03 21:48:47','2012-08-03 21:48:47',1,'0.000000'),(203,15,NULL,'2011-10-19',11,'481.000000','0.000000',NULL,'144.000000','0.000000',NULL,NULL,NULL,NULL,NULL,NULL,NULL,NULL,NULL,'\0',1,'2012-08-03 21:48:47','2012-08-03 21:48:47',1,'0.000000'),(204,15,NULL,'2011-10-26',12,'481.000000','0.000000',NULL,'144.000000','0.000000',NULL,NULL,NULL,NULL,NULL,NULL,NULL,NULL,NULL,'\0',1,'2012-08-03 21:48:47','2012-08-03 21:48:47',1,'0.000000'),(205,15,NULL,'2011-11-02',13,'481.000000','0.000000',NULL,'144.000000','0.000000',NULL,NULL,NULL,NULL,NULL,NULL,NULL,NULL,NULL,'\0',1,'2012-08-03 21:48:47','2012-08-03 21:48:47',1,'0.000000'),(206,15,NULL,'2011-11-09',14,'481.000000','0.000000',NULL,'144.000000','0.000000',NULL,NULL,NULL,NULL,NULL,NULL,NULL,NULL,NULL,'\0',1,'2012-08-03 21:48:47','2012-08-03 21:48:47',1,'0.000000'),(207,15,NULL,'2011-11-16',15,'481.000000','0.000000',NULL,'144.000000','0.000000',NULL,NULL,NULL,NULL,NULL,NULL,NULL,NULL,NULL,'\0',1,'2012-08-03 21:48:47','2012-08-03 21:48:47',1,'0.000000'),(208,15,NULL,'2011-11-23',16,'481.000000','0.000000',NULL,'144.000000','0.000000',NULL,NULL,NULL,NULL,NULL,NULL,NULL,NULL,NULL,'\0',1,'2012-08-03 21:48:47','2012-08-03 21:48:47',1,'0.000000'),(209,15,NULL,'2011-11-30',17,'481.000000','0.000000',NULL,'144.000000','0.000000',NULL,NULL,NULL,NULL,NULL,NULL,NULL,NULL,NULL,'\0',1,'2012-08-03 21:48:47','2012-08-03 21:48:47',1,'0.000000'),(210,15,NULL,'2011-12-07',18,'481.000000','0.000000',NULL,'144.000000','0.000000',NULL,NULL,NULL,NULL,NULL,NULL,NULL,NULL,NULL,'\0',1,'2012-08-03 21:48:47','2012-08-03 21:48:47',1,'0.000000'),(211,15,NULL,'2011-12-14',19,'481.000000','0.000000',NULL,'144.000000','0.000000',NULL,NULL,NULL,NULL,NULL,NULL,NULL,NULL,NULL,'\0',1,'2012-08-03 21:48:47','2012-08-03 21:48:47',1,'0.000000'),(212,15,NULL,'2011-12-21',20,'481.000000','0.000000',NULL,'144.000000','0.000000',NULL,NULL,NULL,NULL,NULL,NULL,NULL,NULL,NULL,'\0',1,'2012-08-03 21:48:47','2012-08-03 21:48:47',1,'0.000000'),(213,15,NULL,'2011-12-28',21,'481.000000','0.000000',NULL,'144.000000','0.000000',NULL,NULL,NULL,NULL,NULL,NULL,NULL,NULL,NULL,'\0',1,'2012-08-03 21:48:47','2012-08-03 21:48:47',1,'0.000000'),(214,15,NULL,'2012-01-04',22,'481.000000','0.000000',NULL,'144.000000','0.000000',NULL,NULL,NULL,NULL,NULL,NULL,NULL,NULL,NULL,'\0',1,'2012-08-03 21:48:47','2012-08-03 21:48:47',1,'0.000000'),(215,15,NULL,'2012-01-11',23,'481.000000','0.000000',NULL,'144.000000','0.000000',NULL,NULL,NULL,NULL,NULL,NULL,NULL,NULL,NULL,'\0',1,'2012-08-03 21:48:47','2012-08-03 21:48:47',1,'0.000000'),(216,15,NULL,'2012-01-18',24,'481.000000','0.000000',NULL,'144.000000','0.000000',NULL,NULL,NULL,NULL,NULL,NULL,NULL,NULL,NULL,'\0',1,'2012-08-03 21:48:47','2012-08-03 21:48:47',1,'0.000000'),(217,15,NULL,'2012-01-25',25,'481.000000','0.000000',NULL,'144.000000','0.000000',NULL,NULL,NULL,NULL,NULL,NULL,NULL,NULL,NULL,'\0',1,'2012-08-03 21:48:47','2012-08-03 21:48:47',1,'0.000000'),(218,15,NULL,'2012-02-01',26,'481.000000','0.000000',NULL,'144.000000','0.000000',NULL,NULL,NULL,NULL,NULL,NULL,NULL,NULL,NULL,'\0',1,'2012-08-03 21:48:47','2012-08-03 21:48:47',1,'0.000000'),(219,15,NULL,'2012-02-08',27,'481.000000','0.000000',NULL,'144.000000','0.000000',NULL,NULL,NULL,NULL,NULL,NULL,NULL,NULL,NULL,'\0',1,'2012-08-03 21:48:47','2012-08-03 21:48:47',1,'0.000000'),(220,15,NULL,'2012-02-15',28,'481.000000','0.000000',NULL,'144.000000','0.000000',NULL,NULL,NULL,NULL,NULL,NULL,NULL,NULL,NULL,'\0',1,'2012-08-03 21:48:47','2012-08-03 21:48:47',1,'0.000000'),(221,15,NULL,'2012-02-22',29,'481.000000','0.000000',NULL,'144.000000','0.000000',NULL,NULL,NULL,NULL,NULL,NULL,NULL,NULL,NULL,'\0',1,'2012-08-03 21:48:47','2012-08-03 21:48:47',1,'0.000000'),(222,15,NULL,'2012-02-29',30,'481.000000','0.000000',NULL,'144.000000','0.000000',NULL,NULL,NULL,NULL,NULL,NULL,NULL,NULL,NULL,'\0',1,'2012-08-03 21:48:47','2012-08-03 21:48:47',1,'0.000000'),(223,15,NULL,'2012-03-07',31,'481.000000','0.000000',NULL,'144.000000','0.000000',NULL,NULL,NULL,NULL,NULL,NULL,NULL,NULL,NULL,'\0',1,'2012-08-03 21:48:47','2012-08-03 21:48:47',1,'0.000000'),(224,15,NULL,'2012-03-14',32,'481.000000','0.000000',NULL,'144.000000','0.000000',NULL,NULL,NULL,NULL,NULL,NULL,NULL,NULL,NULL,'\0',1,'2012-08-03 21:48:47','2012-08-03 21:48:47',1,'0.000000'),(225,15,NULL,'2012-03-21',33,'481.000000','0.000000',NULL,'144.000000','0.000000',NULL,NULL,NULL,NULL,NULL,NULL,NULL,NULL,NULL,'\0',1,'2012-08-03 21:48:47','2012-08-03 21:48:47',1,'0.000000'),(226,15,NULL,'2012-03-28',34,'481.000000','0.000000',NULL,'144.000000','0.000000',NULL,NULL,NULL,NULL,NULL,NULL,NULL,NULL,NULL,'\0',1,'2012-08-03 21:48:47','2012-08-03 21:48:47',1,'0.000000'),(227,15,NULL,'2012-04-04',35,'481.000000','0.000000',NULL,'144.000000','0.000000',NULL,NULL,NULL,NULL,NULL,NULL,NULL,NULL,NULL,'\0',1,'2012-08-03 21:48:47','2012-08-03 21:48:47',1,'0.000000'),(228,15,NULL,'2012-04-11',36,'481.000000','0.000000',NULL,'144.000000','0.000000',NULL,NULL,NULL,NULL,NULL,NULL,NULL,NULL,NULL,'\0',1,'2012-08-03 21:48:47','2012-08-03 21:48:47',1,'0.000000'),(229,15,NULL,'2012-04-18',37,'481.000000','0.000000',NULL,'144.000000','0.000000',NULL,NULL,NULL,NULL,NULL,NULL,NULL,NULL,NULL,'\0',1,'2012-08-03 21:48:47','2012-08-03 21:48:47',1,'0.000000'),(230,15,NULL,'2012-04-25',38,'481.000000','0.000000',NULL,'144.000000','0.000000',NULL,NULL,NULL,NULL,NULL,NULL,NULL,NULL,NULL,'\0',1,'2012-08-03 21:48:47','2012-08-03 21:48:47',1,'0.000000'),(231,15,NULL,'2012-05-02',39,'481.000000','0.000000',NULL,'144.000000','0.000000',NULL,NULL,NULL,NULL,NULL,NULL,NULL,NULL,NULL,'\0',1,'2012-08-03 21:48:47','2012-08-03 21:48:47',1,'0.000000'),(232,15,NULL,'2012-05-09',40,'481.000000','0.000000',NULL,'144.000000','0.000000',NULL,NULL,NULL,NULL,NULL,NULL,NULL,NULL,NULL,'\0',1,'2012-08-03 21:48:47','2012-08-03 21:48:47',1,'0.000000'),(233,15,NULL,'2012-05-16',41,'481.000000','0.000000',NULL,'144.000000','0.000000',NULL,NULL,NULL,NULL,NULL,NULL,NULL,NULL,NULL,'\0',1,'2012-08-03 21:48:47','2012-08-03 21:48:47',1,'0.000000'),(234,15,NULL,'2012-05-23',42,'481.000000','0.000000',NULL,'144.000000','0.000000',NULL,NULL,NULL,NULL,NULL,NULL,NULL,NULL,NULL,'\0',1,'2012-08-03 21:48:47','2012-08-03 21:48:47',1,'0.000000'),(235,15,NULL,'2012-05-30',43,'481.000000','0.000000',NULL,'144.000000','0.000000',NULL,NULL,NULL,NULL,NULL,NULL,NULL,NULL,NULL,'\0',1,'2012-08-03 21:48:47','2012-08-03 21:48:47',1,'0.000000'),(236,15,NULL,'2012-06-06',44,'481.000000','0.000000',NULL,'144.000000','0.000000',NULL,NULL,NULL,NULL,NULL,NULL,NULL,NULL,NULL,'\0',1,'2012-08-03 21:48:47','2012-08-03 21:48:47',1,'0.000000'),(237,15,NULL,'2012-06-13',45,'481.000000','0.000000',NULL,'144.000000','0.000000',NULL,NULL,NULL,NULL,NULL,NULL,NULL,NULL,NULL,'\0',1,'2012-08-03 21:48:47','2012-08-03 21:48:47',1,'0.000000'),(238,15,NULL,'2012-06-20',46,'481.000000','0.000000',NULL,'144.000000','0.000000',NULL,NULL,NULL,NULL,NULL,NULL,NULL,NULL,NULL,'\0',1,'2012-08-03 21:48:47','2012-08-03 21:48:47',1,'0.000000'),(239,15,NULL,'2012-06-27',47,'481.000000','0.000000',NULL,'144.000000','0.000000',NULL,NULL,NULL,NULL,NULL,NULL,NULL,NULL,NULL,'\0',1,'2012-08-03 21:48:47','2012-08-03 21:48:47',1,'0.000000'),(240,15,NULL,'2012-07-04',48,'481.000000','0.000000',NULL,'144.000000','0.000000',NULL,NULL,NULL,NULL,NULL,NULL,NULL,NULL,NULL,'\0',1,'2012-08-03 21:48:47','2012-08-03 21:48:47',1,'0.000000'),(241,15,NULL,'2012-07-11',49,'481.000000','0.000000',NULL,'144.000000','0.000000',NULL,NULL,NULL,NULL,NULL,NULL,NULL,NULL,NULL,'\0',1,'2012-08-03 21:48:47','2012-08-03 21:48:47',1,'0.000000'),(242,15,NULL,'2012-07-18',50,'481.000000','0.000000',NULL,'144.000000','0.000000',NULL,NULL,NULL,NULL,NULL,NULL,NULL,NULL,NULL,'\0',1,'2012-08-03 21:48:47','2012-08-03 21:48:47',1,'0.000000'),(243,15,NULL,'2012-07-25',51,'481.000000','0.000000',NULL,'144.000000','0.000000',NULL,NULL,NULL,NULL,NULL,NULL,NULL,NULL,NULL,'\0',1,'2012-08-03 21:48:47','2012-08-03 21:48:47',1,'0.000000'),(244,15,NULL,'2012-08-01',52,'481.000000','0.000000',NULL,'144.000000','0.000000',NULL,NULL,NULL,NULL,NULL,NULL,NULL,NULL,NULL,'\0',1,'2012-08-03 21:48:47','2012-08-03 21:48:47',1,'0.000000'),(245,15,NULL,'2012-08-08',53,'481.000000','0.000000',NULL,'144.000000','0.000000',NULL,NULL,NULL,NULL,NULL,NULL,NULL,NULL,NULL,'\0',1,'2012-08-03 21:48:47','2012-08-03 21:48:47',1,'0.000000'),(246,15,NULL,'2012-08-15',54,'481.000000','0.000000',NULL,'144.000000','0.000000',NULL,NULL,NULL,NULL,NULL,NULL,NULL,NULL,NULL,'\0',1,'2012-08-03 21:48:47','2012-08-03 21:48:47',1,'0.000000'),(247,15,NULL,'2012-08-22',55,'481.000000','0.000000',NULL,'144.000000','0.000000',NULL,NULL,NULL,NULL,NULL,NULL,NULL,NULL,NULL,'\0',1,'2012-08-03 21:48:47','2012-08-03 21:48:47',1,'0.000000'),(248,15,NULL,'2012-08-29',56,'481.000000','0.000000',NULL,'144.000000','0.000000',NULL,NULL,NULL,NULL,NULL,NULL,NULL,NULL,NULL,'\0',1,'2012-08-03 21:48:47','2012-08-03 21:48:47',1,'0.000000'),(249,15,NULL,'2012-09-05',57,'481.000000','0.000000',NULL,'144.000000','0.000000',NULL,NULL,NULL,NULL,NULL,NULL,NULL,NULL,NULL,'\0',1,'2012-08-03 21:48:47','2012-08-03 21:48:47',1,'0.000000'),(250,15,NULL,'2012-09-12',58,'481.000000','0.000000',NULL,'144.000000','0.000000',NULL,NULL,NULL,NULL,NULL,NULL,NULL,NULL,NULL,'\0',1,'2012-08-03 21:48:47','2012-08-03 21:48:47',1,'0.000000'),(251,15,NULL,'2012-09-19',59,'481.000000','0.000000',NULL,'144.000000','0.000000',NULL,NULL,NULL,NULL,NULL,NULL,NULL,NULL,NULL,'\0',1,'2012-08-03 21:48:47','2012-08-03 21:48:47',1,'0.000000'),(252,15,NULL,'2012-09-26',60,'481.000000','0.000000',NULL,'144.000000','0.000000',NULL,NULL,NULL,NULL,NULL,NULL,NULL,NULL,NULL,'\0',1,'2012-08-03 21:48:47','2012-08-03 21:48:47',1,'0.000000'),(253,15,NULL,'2012-10-03',61,'481.000000','0.000000',NULL,'144.000000','0.000000',NULL,NULL,NULL,NULL,NULL,NULL,NULL,NULL,NULL,'\0',1,'2012-08-03 21:48:47','2012-08-03 21:48:47',1,'0.000000'),(254,15,NULL,'2012-10-10',62,'481.000000','0.000000',NULL,'144.000000','0.000000',NULL,NULL,NULL,NULL,NULL,NULL,NULL,NULL,NULL,'\0',1,'2012-08-03 21:48:47','2012-08-03 21:48:47',1,'0.000000'),(255,15,NULL,'2012-10-17',63,'481.000000','0.000000',NULL,'144.000000','0.000000',NULL,NULL,NULL,NULL,NULL,NULL,NULL,NULL,NULL,'\0',1,'2012-08-03 21:48:47','2012-08-03 21:48:47',1,'0.000000'),(256,15,NULL,'2012-10-24',64,'481.000000','0.000000',NULL,'144.000000','0.000000',NULL,NULL,NULL,NULL,NULL,NULL,NULL,NULL,NULL,'\0',1,'2012-08-03 21:48:47','2012-08-03 21:48:47',1,'0.000000'),(257,15,NULL,'2012-10-31',65,'481.000000','0.000000',NULL,'144.000000','0.000000',NULL,NULL,NULL,NULL,NULL,NULL,NULL,NULL,NULL,'\0',1,'2012-08-03 21:48:47','2012-08-03 21:48:47',1,'0.000000'),(258,15,NULL,'2012-11-07',66,'481.000000','0.000000',NULL,'144.000000','0.000000',NULL,NULL,NULL,NULL,NULL,NULL,NULL,NULL,NULL,'\0',1,'2012-08-03 21:48:47','2012-08-03 21:48:47',1,'0.000000'),(259,15,NULL,'2012-11-14',67,'481.000000','0.000000',NULL,'144.000000','0.000000',NULL,NULL,NULL,NULL,NULL,NULL,NULL,NULL,NULL,'\0',1,'2012-08-03 21:48:47','2012-08-03 21:48:47',1,'0.000000'),(260,15,NULL,'2012-11-21',68,'481.000000','0.000000',NULL,'144.000000','0.000000',NULL,NULL,NULL,NULL,NULL,NULL,NULL,NULL,NULL,'\0',1,'2012-08-03 21:48:47','2012-08-03 21:48:47',1,'0.000000'),(261,15,NULL,'2012-11-28',69,'481.000000','0.000000',NULL,'144.000000','0.000000',NULL,NULL,NULL,NULL,NULL,NULL,NULL,NULL,NULL,'\0',1,'2012-08-03 21:48:47','2012-08-03 21:48:47',1,'0.000000'),(262,15,NULL,'2012-12-05',70,'481.000000','0.000000',NULL,'144.000000','0.000000',NULL,NULL,NULL,NULL,NULL,NULL,NULL,NULL,NULL,'\0',1,'2012-08-03 21:48:47','2012-08-03 21:48:47',1,'0.000000'),(263,15,NULL,'2012-12-12',71,'481.000000','0.000000',NULL,'144.000000','0.000000',NULL,NULL,NULL,NULL,NULL,NULL,NULL,NULL,NULL,'\0',1,'2012-08-03 21:48:47','2012-08-03 21:48:47',1,'0.000000'),(264,15,NULL,'2012-12-19',72,'481.000000','0.000000',NULL,'144.000000','0.000000',NULL,NULL,NULL,NULL,NULL,NULL,NULL,NULL,NULL,'\0',1,'2012-08-03 21:48:47','2012-08-03 21:48:47',1,'0.000000'),(265,15,NULL,'2012-12-26',73,'481.000000','0.000000',NULL,'144.000000','0.000000',NULL,NULL,NULL,NULL,NULL,NULL,NULL,NULL,NULL,'\0',1,'2012-08-03 21:48:47','2012-08-03 21:48:47',1,'0.000000'),(266,15,NULL,'2013-01-02',74,'481.000000','0.000000',NULL,'144.000000','0.000000',NULL,NULL,NULL,NULL,NULL,NULL,NULL,NULL,NULL,'\0',1,'2012-08-03 21:48:47','2012-08-03 21:48:47',1,'0.000000'),(267,15,NULL,'2013-01-09',75,'481.000000','0.000000',NULL,'144.000000','0.000000',NULL,NULL,NULL,NULL,NULL,NULL,NULL,NULL,NULL,'\0',1,'2012-08-03 21:48:47','2012-08-03 21:48:47',1,'0.000000'),(268,15,NULL,'2013-01-16',76,'481.000000','0.000000',NULL,'144.000000','0.000000',NULL,NULL,NULL,NULL,NULL,NULL,NULL,NULL,NULL,'\0',1,'2012-08-03 21:48:47','2012-08-03 21:48:47',1,'0.000000'),(269,15,NULL,'2013-01-23',77,'481.000000','0.000000',NULL,'144.000000','0.000000',NULL,NULL,NULL,NULL,NULL,NULL,NULL,NULL,NULL,'\0',1,'2012-08-03 21:48:47','2012-08-03 21:48:47',1,'0.000000'),(270,15,NULL,'2013-01-30',78,'481.000000','0.000000',NULL,'144.000000','0.000000',NULL,NULL,NULL,NULL,NULL,NULL,NULL,NULL,NULL,'\0',1,'2012-08-03 21:48:47','2012-08-03 21:48:47',1,'0.000000'),(271,15,NULL,'2013-02-06',79,'481.000000','0.000000',NULL,'144.000000','0.000000',NULL,NULL,NULL,NULL,NULL,NULL,NULL,NULL,NULL,'\0',1,'2012-08-03 21:48:47','2012-08-03 21:48:47',1,'0.000000'),(272,15,NULL,'2013-02-13',80,'481.000000','0.000000',NULL,'144.000000','0.000000',NULL,NULL,NULL,NULL,NULL,NULL,NULL,NULL,NULL,'\0',1,'2012-08-03 21:48:47','2012-08-03 21:48:47',1,'0.000000'),(273,15,NULL,'2013-02-20',81,'481.000000','0.000000',NULL,'144.000000','0.000000',NULL,NULL,NULL,NULL,NULL,NULL,NULL,NULL,NULL,'\0',1,'2012-08-03 21:48:47','2012-08-03 21:48:47',1,'0.000000'),(274,15,NULL,'2013-02-27',82,'481.000000','0.000000',NULL,'144.000000','0.000000',NULL,NULL,NULL,NULL,NULL,NULL,NULL,NULL,NULL,'\0',1,'2012-08-03 21:48:47','2012-08-03 21:48:47',1,'0.000000'),(275,15,NULL,'2013-03-06',83,'481.000000','0.000000',NULL,'144.000000','0.000000',NULL,NULL,NULL,NULL,NULL,NULL,NULL,NULL,NULL,'\0',1,'2012-08-03 21:48:47','2012-08-03 21:48:47',1,'0.000000'),(276,15,NULL,'2013-03-13',84,'481.000000','0.000000',NULL,'144.000000','0.000000',NULL,NULL,NULL,NULL,NULL,NULL,NULL,NULL,NULL,'\0',1,'2012-08-03 21:48:47','2012-08-03 21:48:47',1,'0.000000'),(277,15,NULL,'2013-03-20',85,'481.000000','0.000000',NULL,'144.000000','0.000000',NULL,NULL,NULL,NULL,NULL,NULL,NULL,NULL,NULL,'\0',1,'2012-08-03 21:48:47','2012-08-03 21:48:47',1,'0.000000'),(278,15,NULL,'2013-03-27',86,'481.000000','0.000000',NULL,'144.000000','0.000000',NULL,NULL,NULL,NULL,NULL,NULL,NULL,NULL,NULL,'\0',1,'2012-08-03 21:48:47','2012-08-03 21:48:47',1,'0.000000'),(279,15,NULL,'2013-04-03',87,'481.000000','0.000000',NULL,'144.000000','0.000000',NULL,NULL,NULL,NULL,NULL,NULL,NULL,NULL,NULL,'\0',1,'2012-08-03 21:48:47','2012-08-03 21:48:47',1,'0.000000'),(280,15,NULL,'2013-04-10',88,'481.000000','0.000000',NULL,'144.000000','0.000000',NULL,NULL,NULL,NULL,NULL,NULL,NULL,NULL,NULL,'\0',1,'2012-08-03 21:48:47','2012-08-03 21:48:47',1,'0.000000'),(281,15,NULL,'2013-04-17',89,'481.000000','0.000000',NULL,'144.000000','0.000000',NULL,NULL,NULL,NULL,NULL,NULL,NULL,NULL,NULL,'\0',1,'2012-08-03 21:48:47','2012-08-03 21:48:47',1,'0.000000'),(282,15,NULL,'2013-04-24',90,'481.000000','0.000000',NULL,'144.000000','0.000000',NULL,NULL,NULL,NULL,NULL,NULL,NULL,NULL,NULL,'\0',1,'2012-08-03 21:48:47','2012-08-03 21:48:47',1,'0.000000'),(283,15,NULL,'2013-05-01',91,'481.000000','0.000000',NULL,'144.000000','0.000000',NULL,NULL,NULL,NULL,NULL,NULL,NULL,NULL,NULL,'\0',1,'2012-08-03 21:48:47','2012-08-03 21:48:47',1,'0.000000'),(284,15,NULL,'2013-05-08',92,'481.000000','0.000000',NULL,'144.000000','0.000000',NULL,NULL,NULL,NULL,NULL,NULL,NULL,NULL,NULL,'\0',1,'2012-08-03 21:48:47','2012-08-03 21:48:47',1,'0.000000'),(285,15,NULL,'2013-05-15',93,'481.000000','0.000000',NULL,'144.000000','0.000000',NULL,NULL,NULL,NULL,NULL,NULL,NULL,NULL,NULL,'\0',1,'2012-08-03 21:48:47','2012-08-03 21:48:47',1,'0.000000'),(286,15,NULL,'2013-05-22',94,'481.000000','0.000000',NULL,'144.000000','0.000000',NULL,NULL,NULL,NULL,NULL,NULL,NULL,NULL,NULL,'\0',1,'2012-08-03 21:48:47','2012-08-03 21:48:47',1,'0.000000'),(287,15,NULL,'2013-05-29',95,'481.000000','0.000000',NULL,'144.000000','0.000000',NULL,NULL,NULL,NULL,NULL,NULL,NULL,NULL,NULL,'\0',1,'2012-08-03 21:48:47','2012-08-03 21:48:47',1,'0.000000'),(288,15,NULL,'2013-06-05',96,'481.000000','0.000000',NULL,'144.000000','0.000000',NULL,NULL,NULL,NULL,NULL,NULL,NULL,NULL,NULL,'\0',1,'2012-08-03 21:48:47','2012-08-03 21:48:47',1,'0.000000'),(289,15,NULL,'2013-06-12',97,'481.000000','0.000000',NULL,'144.000000','0.000000',NULL,NULL,NULL,NULL,NULL,NULL,NULL,NULL,NULL,'\0',1,'2012-08-03 21:48:47','2012-08-03 21:48:47',1,'0.000000'),(290,15,NULL,'2013-06-19',98,'481.000000','0.000000',NULL,'144.000000','0.000000',NULL,NULL,NULL,NULL,NULL,NULL,NULL,NULL,NULL,'\0',1,'2012-08-03 21:48:47','2012-08-03 21:48:47',1,'0.000000'),(291,15,NULL,'2013-06-26',99,'481.000000','0.000000',NULL,'144.000000','0.000000',NULL,NULL,NULL,NULL,NULL,NULL,NULL,NULL,NULL,'\0',1,'2012-08-03 21:48:47','2012-08-03 21:48:47',1,'0.000000'),(292,15,NULL,'2013-07-03',100,'481.000000','0.000000',NULL,'144.000000','0.000000',NULL,NULL,NULL,NULL,NULL,NULL,NULL,NULL,NULL,'\0',1,'2012-08-03 21:48:47','2012-08-03 21:48:47',1,'0.000000'),(293,15,NULL,'2013-07-10',101,'481.000000','0.000000',NULL,'144.000000','0.000000',NULL,NULL,NULL,NULL,NULL,NULL,NULL,NULL,NULL,'\0',1,'2012-08-03 21:48:47','2012-08-03 21:48:47',1,'0.000000'),(294,15,NULL,'2013-07-17',102,'481.000000','0.000000',NULL,'144.000000','0.000000',NULL,NULL,NULL,NULL,NULL,NULL,NULL,NULL,NULL,'\0',1,'2012-08-03 21:48:47','2012-08-03 21:48:47',1,'0.000000'),(295,15,NULL,'2013-07-24',103,'481.000000','0.000000',NULL,'144.000000','0.000000',NULL,NULL,NULL,NULL,NULL,NULL,NULL,NULL,NULL,'\0',1,'2012-08-03 21:48:47','2012-08-03 21:48:47',1,'0.000000'),(296,15,NULL,'2013-07-31',104,'457.000000','0.000000',NULL,'144.000000','0.000000',NULL,NULL,NULL,NULL,NULL,NULL,NULL,NULL,NULL,'\0',1,'2012-08-03 21:48:47','2012-08-03 21:48:47',1,'0.000000'),(297,16,NULL,'2011-08-10',1,'3018.000000','449.000000',NULL,'231.000000','231.000000',NULL,NULL,NULL,NULL,NULL,NULL,NULL,NULL,NULL,'\0',1,'2012-08-03 22:14:10','2012-08-03 22:15:14',1,'0.000000'),(298,16,NULL,'2011-08-17',2,'3032.000000','0.000000',NULL,'217.000000','217.000000',NULL,NULL,NULL,NULL,NULL,NULL,NULL,NULL,NULL,'\0',1,'2012-08-03 22:14:10','2012-08-03 22:15:14',1,'0.000000'),(299,16,NULL,'2011-08-24',3,'3046.000000','0.000000',NULL,'203.000000','203.000000',NULL,NULL,NULL,NULL,NULL,NULL,NULL,NULL,NULL,'\0',1,'2012-08-03 22:14:10','2012-08-03 22:15:14',1,'0.000000'),(300,16,NULL,'2011-08-31',4,'3060.000000','0.000000',NULL,'189.000000','0.000000',NULL,NULL,NULL,NULL,NULL,NULL,NULL,NULL,NULL,'\0',1,'2012-08-03 22:14:10','2012-08-03 22:14:10',1,'0.000000'),(301,16,NULL,'2011-09-07',5,'3074.000000','0.000000',NULL,'175.000000','0.000000',NULL,NULL,NULL,NULL,NULL,NULL,NULL,NULL,NULL,'\0',1,'2012-08-03 22:14:10','2012-08-03 22:14:10',1,'0.000000'),(302,16,NULL,'2011-09-14',6,'3089.000000','0.000000',NULL,'160.000000','0.000000',NULL,NULL,NULL,NULL,NULL,NULL,NULL,NULL,NULL,'\0',1,'2012-08-03 22:14:10','2012-08-03 22:14:10',1,'0.000000'),(303,16,NULL,'2011-09-21',7,'3103.000000','0.000000',NULL,'146.000000','0.000000',NULL,NULL,NULL,NULL,NULL,NULL,NULL,NULL,NULL,'\0',1,'2012-08-03 22:14:10','2012-08-03 22:14:10',1,'0.000000'),(304,16,NULL,'2011-09-28',8,'3117.000000','0.000000',NULL,'132.000000','0.000000',NULL,NULL,NULL,NULL,NULL,NULL,NULL,NULL,NULL,'\0',1,'2012-08-03 22:14:10','2012-08-03 22:14:10',1,'0.000000'),(305,16,NULL,'2011-10-05',9,'3131.000000','0.000000',NULL,'118.000000','0.000000',NULL,NULL,NULL,NULL,NULL,NULL,NULL,NULL,NULL,'\0',1,'2012-08-03 22:14:10','2012-08-03 22:14:10',1,'0.000000'),(306,16,NULL,'2011-10-12',10,'3146.000000','0.000000',NULL,'103.000000','0.000000',NULL,NULL,NULL,NULL,NULL,NULL,NULL,NULL,NULL,'\0',1,'2012-08-03 22:14:10','2012-08-03 22:14:10',1,'0.000000'),(307,16,NULL,'2011-10-19',11,'3160.000000','0.000000',NULL,'89.000000','0.000000',NULL,NULL,NULL,NULL,NULL,NULL,NULL,NULL,NULL,'\0',1,'2012-08-03 22:14:10','2012-08-03 22:14:10',1,'0.000000'),(308,16,NULL,'2011-10-26',12,'3175.000000','0.000000',NULL,'74.000000','0.000000',NULL,NULL,NULL,NULL,NULL,NULL,NULL,NULL,NULL,'\0',1,'2012-08-03 22:14:10','2012-08-03 22:14:10',1,'0.000000'),(309,16,NULL,'2011-11-02',13,'3190.000000','0.000000',NULL,'59.000000','0.000000',NULL,NULL,NULL,NULL,NULL,NULL,NULL,NULL,NULL,'\0',1,'2012-08-03 22:14:10','2012-08-03 22:14:10',1,'0.000000'),(310,16,NULL,'2011-11-09',14,'3204.000000','0.000000',NULL,'45.000000','0.000000',NULL,NULL,NULL,NULL,NULL,NULL,NULL,NULL,NULL,'\0',1,'2012-08-03 22:14:10','2012-08-03 22:14:10',1,'0.000000'),(311,16,NULL,'2011-11-16',15,'3219.000000','0.000000',NULL,'30.000000','0.000000',NULL,NULL,NULL,NULL,NULL,NULL,NULL,NULL,NULL,'\0',1,'2012-08-03 22:14:10','2012-08-03 22:14:10',1,'0.000000'),(312,16,NULL,'2011-11-23',16,'3236.000000','0.000000',NULL,'13.000000','0.000000',NULL,NULL,NULL,NULL,NULL,NULL,NULL,NULL,NULL,'\0',1,'2012-08-03 22:14:10','2012-08-03 22:14:10',1,'0.000000'),(313,17,NULL,'2011-08-10',1,'413.000000','0.000000',NULL,'144.000000','144.000000',NULL,NULL,NULL,NULL,NULL,NULL,NULL,NULL,NULL,'\0',1,'2012-08-03 22:16:56','2012-08-03 22:17:42',1,'0.000000'),(314,17,NULL,'2011-08-17',2,'414.000000','0.000000',NULL,'143.000000','143.000000',NULL,NULL,NULL,NULL,NULL,NULL,NULL,NULL,NULL,'\0',1,'2012-08-03 22:16:56','2012-08-03 22:17:42',1,'0.000000'),(315,17,NULL,'2011-08-24',3,'415.000000','0.000000',NULL,'142.000000','142.000000',NULL,NULL,NULL,NULL,NULL,NULL,NULL,NULL,NULL,'\0',1,'2012-08-03 22:16:56','2012-08-03 22:18:29',1,'0.000000'),(316,17,NULL,'2011-08-31',4,'416.000000','0.000000',NULL,'141.000000','141.000000',NULL,NULL,NULL,NULL,NULL,NULL,NULL,NULL,NULL,'\0',1,'2012-08-03 22:16:56','2012-08-03 22:18:29',1,'0.000000'),(317,17,NULL,'2011-09-07',5,'418.000000','0.000000',NULL,'139.000000','139.000000',NULL,NULL,NULL,NULL,NULL,NULL,NULL,NULL,NULL,'\0',1,'2012-08-03 22:16:56','2012-08-03 22:18:29',1,'0.000000'),(318,17,NULL,'2011-09-14',6,'419.000000','0.000000',NULL,'138.000000','138.000000',NULL,NULL,NULL,NULL,NULL,NULL,NULL,NULL,NULL,'\0',1,'2012-08-03 22:16:56','2012-08-03 22:18:29',1,'0.000000'),(319,17,NULL,'2011-09-21',7,'420.000000','0.000000',NULL,'137.000000','137.000000',NULL,NULL,NULL,NULL,NULL,NULL,NULL,NULL,NULL,'\0',1,'2012-08-03 22:16:56','2012-08-03 22:18:29',1,'0.000000'),(320,17,NULL,'2011-09-28',8,'421.000000','0.000000',NULL,'136.000000','136.000000',NULL,NULL,NULL,NULL,NULL,NULL,NULL,NULL,NULL,'\0',1,'2012-08-03 22:16:56','2012-08-03 22:18:29',1,'0.000000'),(321,17,NULL,'2011-10-05',9,'422.000000','0.000000',NULL,'135.000000','135.000000',NULL,NULL,NULL,NULL,NULL,NULL,NULL,NULL,NULL,'\0',1,'2012-08-03 22:16:56','2012-08-03 22:18:29',1,'0.000000'),(322,17,NULL,'2011-10-12',10,'424.000000','0.000000',NULL,'133.000000','45.000000',NULL,NULL,NULL,NULL,NULL,NULL,NULL,NULL,NULL,'\0',1,'2012-08-03 22:16:56','2012-08-03 22:18:29',1,'0.000000'),(323,17,NULL,'2011-10-19',11,'425.000000','0.000000',NULL,'132.000000','0.000000',NULL,NULL,NULL,NULL,NULL,NULL,NULL,NULL,NULL,'\0',1,'2012-08-03 22:16:56','2012-08-03 22:16:56',1,'0.000000'),(324,17,NULL,'2011-10-26',12,'426.000000','0.000000',NULL,'131.000000','0.000000',NULL,NULL,NULL,NULL,NULL,NULL,NULL,NULL,NULL,'\0',1,'2012-08-03 22:16:56','2012-08-03 22:16:56',1,'0.000000'),(325,17,NULL,'2011-11-02',13,'427.000000','0.000000',NULL,'130.000000','0.000000',NULL,NULL,NULL,NULL,NULL,NULL,NULL,NULL,NULL,'\0',1,'2012-08-03 22:16:56','2012-08-03 22:16:56',1,'0.000000'),(326,17,NULL,'2011-11-09',14,'429.000000','0.000000',NULL,'128.000000','0.000000',NULL,NULL,NULL,NULL,NULL,NULL,NULL,NULL,NULL,'\0',1,'2012-08-03 22:16:56','2012-08-03 22:16:56',1,'0.000000'),(327,17,NULL,'2011-11-16',15,'430.000000','0.000000',NULL,'127.000000','0.000000',NULL,NULL,NULL,NULL,NULL,NULL,NULL,NULL,NULL,'\0',1,'2012-08-03 22:16:56','2012-08-03 22:16:56',1,'0.000000'),(328,17,NULL,'2011-11-23',16,'431.000000','0.000000',NULL,'126.000000','0.000000',NULL,NULL,NULL,NULL,NULL,NULL,NULL,NULL,NULL,'\0',1,'2012-08-03 22:16:56','2012-08-03 22:16:56',1,'0.000000'),(329,17,NULL,'2011-11-30',17,'432.000000','0.000000',NULL,'125.000000','0.000000',NULL,NULL,NULL,NULL,NULL,NULL,NULL,NULL,NULL,'\0',1,'2012-08-03 22:16:56','2012-08-03 22:16:56',1,'0.000000'),(330,17,NULL,'2011-12-07',18,'433.000000','0.000000',NULL,'124.000000','0.000000',NULL,NULL,NULL,NULL,NULL,NULL,NULL,NULL,NULL,'\0',1,'2012-08-03 22:16:56','2012-08-03 22:16:56',1,'0.000000'),(331,17,NULL,'2011-12-14',19,'435.000000','0.000000',NULL,'122.000000','0.000000',NULL,NULL,NULL,NULL,NULL,NULL,NULL,NULL,NULL,'\0',1,'2012-08-03 22:16:56','2012-08-03 22:16:56',1,'0.000000'),(332,17,NULL,'2011-12-21',20,'436.000000','0.000000',NULL,'121.000000','0.000000',NULL,NULL,NULL,NULL,NULL,NULL,NULL,NULL,NULL,'\0',1,'2012-08-03 22:16:56','2012-08-03 22:16:56',1,'0.000000'),(333,17,NULL,'2011-12-28',21,'437.000000','0.000000',NULL,'120.000000','0.000000',NULL,NULL,NULL,NULL,NULL,NULL,NULL,NULL,NULL,'\0',1,'2012-08-03 22:16:56','2012-08-03 22:16:56',1,'0.000000'),(334,17,NULL,'2012-01-04',22,'439.000000','0.000000',NULL,'118.000000','0.000000',NULL,NULL,NULL,NULL,NULL,NULL,NULL,NULL,NULL,'\0',1,'2012-08-03 22:16:56','2012-08-03 22:16:56',1,'0.000000'),(335,17,NULL,'2012-01-11',23,'440.000000','0.000000',NULL,'117.000000','0.000000',NULL,NULL,NULL,NULL,NULL,NULL,NULL,NULL,NULL,'\0',1,'2012-08-03 22:16:56','2012-08-03 22:16:56',1,'0.000000'),(336,17,NULL,'2012-01-18',24,'441.000000','0.000000',NULL,'116.000000','0.000000',NULL,NULL,NULL,NULL,NULL,NULL,NULL,NULL,NULL,'\0',1,'2012-08-03 22:16:56','2012-08-03 22:16:56',1,'0.000000'),(337,17,NULL,'2012-01-25',25,'442.000000','0.000000',NULL,'115.000000','0.000000',NULL,NULL,NULL,NULL,NULL,NULL,NULL,NULL,NULL,'\0',1,'2012-08-03 22:16:56','2012-08-03 22:16:56',1,'0.000000'),(338,17,NULL,'2012-02-01',26,'444.000000','0.000000',NULL,'113.000000','0.000000',NULL,NULL,NULL,NULL,NULL,NULL,NULL,NULL,NULL,'\0',1,'2012-08-03 22:16:56','2012-08-03 22:16:56',1,'0.000000'),(339,17,NULL,'2012-02-08',27,'445.000000','0.000000',NULL,'112.000000','0.000000',NULL,NULL,NULL,NULL,NULL,NULL,NULL,NULL,NULL,'\0',1,'2012-08-03 22:16:56','2012-08-03 22:16:56',1,'0.000000'),(340,17,NULL,'2012-02-15',28,'446.000000','0.000000',NULL,'111.000000','0.000000',NULL,NULL,NULL,NULL,NULL,NULL,NULL,NULL,NULL,'\0',1,'2012-08-03 22:16:56','2012-08-03 22:16:56',1,'0.000000'),(341,17,NULL,'2012-02-22',29,'447.000000','0.000000',NULL,'110.000000','0.000000',NULL,NULL,NULL,NULL,NULL,NULL,NULL,NULL,NULL,'\0',1,'2012-08-03 22:16:56','2012-08-03 22:16:56',1,'0.000000'),(342,17,NULL,'2012-02-29',30,'449.000000','0.000000',NULL,'108.000000','0.000000',NULL,NULL,NULL,NULL,NULL,NULL,NULL,NULL,NULL,'\0',1,'2012-08-03 22:16:56','2012-08-03 22:16:56',1,'0.000000'),(343,17,NULL,'2012-03-07',31,'450.000000','0.000000',NULL,'107.000000','0.000000',NULL,NULL,NULL,NULL,NULL,NULL,NULL,NULL,NULL,'\0',1,'2012-08-03 22:16:56','2012-08-03 22:16:56',1,'0.000000'),(344,17,NULL,'2012-03-14',32,'451.000000','0.000000',NULL,'106.000000','0.000000',NULL,NULL,NULL,NULL,NULL,NULL,NULL,NULL,NULL,'\0',1,'2012-08-03 22:16:56','2012-08-03 22:16:56',1,'0.000000'),(345,17,NULL,'2012-03-21',33,'453.000000','0.000000',NULL,'104.000000','0.000000',NULL,NULL,NULL,NULL,NULL,NULL,NULL,NULL,NULL,'\0',1,'2012-08-03 22:16:56','2012-08-03 22:16:56',1,'0.000000'),(346,17,NULL,'2012-03-28',34,'454.000000','0.000000',NULL,'103.000000','0.000000',NULL,NULL,NULL,NULL,NULL,NULL,NULL,NULL,NULL,'\0',1,'2012-08-03 22:16:56','2012-08-03 22:16:56',1,'0.000000'),(347,17,NULL,'2012-04-04',35,'455.000000','0.000000',NULL,'102.000000','0.000000',NULL,NULL,NULL,NULL,NULL,NULL,NULL,NULL,NULL,'\0',1,'2012-08-03 22:16:56','2012-08-03 22:16:56',1,'0.000000'),(348,17,NULL,'2012-04-11',36,'457.000000','0.000000',NULL,'100.000000','0.000000',NULL,NULL,NULL,NULL,NULL,NULL,NULL,NULL,NULL,'\0',1,'2012-08-03 22:16:56','2012-08-03 22:16:56',1,'0.000000'),(349,17,NULL,'2012-04-18',37,'458.000000','0.000000',NULL,'99.000000','0.000000',NULL,NULL,NULL,NULL,NULL,NULL,NULL,NULL,NULL,'\0',1,'2012-08-03 22:16:56','2012-08-03 22:16:56',1,'0.000000'),(350,17,NULL,'2012-04-25',38,'459.000000','0.000000',NULL,'98.000000','0.000000',NULL,NULL,NULL,NULL,NULL,NULL,NULL,NULL,NULL,'\0',1,'2012-08-03 22:16:56','2012-08-03 22:16:56',1,'0.000000'),(351,17,NULL,'2012-05-02',39,'461.000000','0.000000',NULL,'96.000000','0.000000',NULL,NULL,NULL,NULL,NULL,NULL,NULL,NULL,NULL,'\0',1,'2012-08-03 22:16:56','2012-08-03 22:16:56',1,'0.000000'),(352,17,NULL,'2012-05-09',40,'462.000000','0.000000',NULL,'95.000000','0.000000',NULL,NULL,NULL,NULL,NULL,NULL,NULL,NULL,NULL,'\0',1,'2012-08-03 22:16:56','2012-08-03 22:16:56',1,'0.000000'),(353,17,NULL,'2012-05-16',41,'463.000000','0.000000',NULL,'94.000000','0.000000',NULL,NULL,NULL,NULL,NULL,NULL,NULL,NULL,NULL,'\0',1,'2012-08-03 22:16:56','2012-08-03 22:16:56',1,'0.000000'),(354,17,NULL,'2012-05-23',42,'465.000000','0.000000',NULL,'92.000000','0.000000',NULL,NULL,NULL,NULL,NULL,NULL,NULL,NULL,NULL,'\0',1,'2012-08-03 22:16:56','2012-08-03 22:16:56',1,'0.000000'),(355,17,NULL,'2012-05-30',43,'466.000000','0.000000',NULL,'91.000000','0.000000',NULL,NULL,NULL,NULL,NULL,NULL,NULL,NULL,NULL,'\0',1,'2012-08-03 22:16:56','2012-08-03 22:16:56',1,'0.000000'),(356,17,NULL,'2012-06-06',44,'467.000000','0.000000',NULL,'90.000000','0.000000',NULL,NULL,NULL,NULL,NULL,NULL,NULL,NULL,NULL,'\0',1,'2012-08-03 22:16:56','2012-08-03 22:16:56',1,'0.000000'),(357,17,NULL,'2012-06-13',45,'469.000000','0.000000',NULL,'88.000000','0.000000',NULL,NULL,NULL,NULL,NULL,NULL,NULL,NULL,NULL,'\0',1,'2012-08-03 22:16:56','2012-08-03 22:16:56',1,'0.000000'),(358,17,NULL,'2012-06-20',46,'470.000000','0.000000',NULL,'87.000000','0.000000',NULL,NULL,NULL,NULL,NULL,NULL,NULL,NULL,NULL,'\0',1,'2012-08-03 22:16:56','2012-08-03 22:16:56',1,'0.000000'),(359,17,NULL,'2012-06-27',47,'471.000000','0.000000',NULL,'86.000000','0.000000',NULL,NULL,NULL,NULL,NULL,NULL,NULL,NULL,NULL,'\0',1,'2012-08-03 22:16:56','2012-08-03 22:16:56',1,'0.000000'),(360,17,NULL,'2012-07-04',48,'473.000000','0.000000',NULL,'84.000000','0.000000',NULL,NULL,NULL,NULL,NULL,NULL,NULL,NULL,NULL,'\0',1,'2012-08-03 22:16:56','2012-08-03 22:16:56',1,'0.000000'),(361,17,NULL,'2012-07-11',49,'474.000000','0.000000',NULL,'83.000000','0.000000',NULL,NULL,NULL,NULL,NULL,NULL,NULL,NULL,NULL,'\0',1,'2012-08-03 22:16:56','2012-08-03 22:16:56',1,'0.000000'),(362,17,NULL,'2012-07-18',50,'475.000000','0.000000',NULL,'82.000000','0.000000',NULL,NULL,NULL,NULL,NULL,NULL,NULL,NULL,NULL,'\0',1,'2012-08-03 22:16:56','2012-08-03 22:16:56',1,'0.000000'),(363,17,NULL,'2012-07-25',51,'477.000000','0.000000',NULL,'80.000000','0.000000',NULL,NULL,NULL,NULL,NULL,NULL,NULL,NULL,NULL,'\0',1,'2012-08-03 22:16:56','2012-08-03 22:16:56',1,'0.000000'),(364,17,NULL,'2012-08-01',52,'478.000000','0.000000',NULL,'79.000000','0.000000',NULL,NULL,NULL,NULL,NULL,NULL,NULL,NULL,NULL,'\0',1,'2012-08-03 22:16:56','2012-08-03 22:16:56',1,'0.000000'),(365,17,NULL,'2012-08-08',53,'479.000000','0.000000',NULL,'78.000000','0.000000',NULL,NULL,NULL,NULL,NULL,NULL,NULL,NULL,NULL,'\0',1,'2012-08-03 22:16:56','2012-08-03 22:16:56',1,'0.000000'),(366,17,NULL,'2012-08-15',54,'481.000000','0.000000',NULL,'76.000000','0.000000',NULL,NULL,NULL,NULL,NULL,NULL,NULL,NULL,NULL,'\0',1,'2012-08-03 22:16:56','2012-08-03 22:16:56',1,'0.000000'),(367,17,NULL,'2012-08-22',55,'482.000000','0.000000',NULL,'75.000000','0.000000',NULL,NULL,NULL,NULL,NULL,NULL,NULL,NULL,NULL,'\0',1,'2012-08-03 22:16:56','2012-08-03 22:16:56',1,'0.000000'),(368,17,NULL,'2012-08-29',56,'484.000000','0.000000',NULL,'73.000000','0.000000',NULL,NULL,NULL,NULL,NULL,NULL,NULL,NULL,NULL,'\0',1,'2012-08-03 22:16:56','2012-08-03 22:16:56',1,'0.000000'),(369,17,NULL,'2012-09-05',57,'485.000000','0.000000',NULL,'72.000000','0.000000',NULL,NULL,NULL,NULL,NULL,NULL,NULL,NULL,NULL,'\0',1,'2012-08-03 22:16:56','2012-08-03 22:16:56',1,'0.000000'),(370,17,NULL,'2012-09-12',58,'486.000000','0.000000',NULL,'71.000000','0.000000',NULL,NULL,NULL,NULL,NULL,NULL,NULL,NULL,NULL,'\0',1,'2012-08-03 22:16:56','2012-08-03 22:16:56',1,'0.000000'),(371,17,NULL,'2012-09-19',59,'488.000000','0.000000',NULL,'69.000000','0.000000',NULL,NULL,NULL,NULL,NULL,NULL,NULL,NULL,NULL,'\0',1,'2012-08-03 22:16:56','2012-08-03 22:16:56',1,'0.000000'),(372,17,NULL,'2012-09-26',60,'489.000000','0.000000',NULL,'68.000000','0.000000',NULL,NULL,NULL,NULL,NULL,NULL,NULL,NULL,NULL,'\0',1,'2012-08-03 22:16:56','2012-08-03 22:16:56',1,'0.000000'),(373,17,NULL,'2012-10-03',61,'491.000000','0.000000',NULL,'66.000000','0.000000',NULL,NULL,NULL,NULL,NULL,NULL,NULL,NULL,NULL,'\0',1,'2012-08-03 22:16:56','2012-08-03 22:16:56',1,'0.000000'),(374,17,NULL,'2012-10-10',62,'492.000000','0.000000',NULL,'65.000000','0.000000',NULL,NULL,NULL,NULL,NULL,NULL,NULL,NULL,NULL,'\0',1,'2012-08-03 22:16:56','2012-08-03 22:16:56',1,'0.000000'),(375,17,NULL,'2012-10-17',63,'493.000000','0.000000',NULL,'64.000000','0.000000',NULL,NULL,NULL,NULL,NULL,NULL,NULL,NULL,NULL,'\0',1,'2012-08-03 22:16:56','2012-08-03 22:16:56',1,'0.000000'),(376,17,NULL,'2012-10-24',64,'495.000000','0.000000',NULL,'62.000000','0.000000',NULL,NULL,NULL,NULL,NULL,NULL,NULL,NULL,NULL,'\0',1,'2012-08-03 22:16:56','2012-08-03 22:16:56',1,'0.000000'),(377,17,NULL,'2012-10-31',65,'496.000000','0.000000',NULL,'61.000000','0.000000',NULL,NULL,NULL,NULL,NULL,NULL,NULL,NULL,NULL,'\0',1,'2012-08-03 22:16:56','2012-08-03 22:16:56',1,'0.000000'),(378,17,NULL,'2012-11-07',66,'498.000000','0.000000',NULL,'59.000000','0.000000',NULL,NULL,NULL,NULL,NULL,NULL,NULL,NULL,NULL,'\0',1,'2012-08-03 22:16:56','2012-08-03 22:16:56',1,'0.000000'),(379,17,NULL,'2012-11-14',67,'499.000000','0.000000',NULL,'58.000000','0.000000',NULL,NULL,NULL,NULL,NULL,NULL,NULL,NULL,NULL,'\0',1,'2012-08-03 22:16:56','2012-08-03 22:16:56',1,'0.000000'),(380,17,NULL,'2012-11-21',68,'501.000000','0.000000',NULL,'56.000000','0.000000',NULL,NULL,NULL,NULL,NULL,NULL,NULL,NULL,NULL,'\0',1,'2012-08-03 22:16:56','2012-08-03 22:16:56',1,'0.000000'),(381,17,NULL,'2012-11-28',69,'502.000000','0.000000',NULL,'55.000000','0.000000',NULL,NULL,NULL,NULL,NULL,NULL,NULL,NULL,NULL,'\0',1,'2012-08-03 22:16:56','2012-08-03 22:16:56',1,'0.000000'),(382,17,NULL,'2012-12-05',70,'504.000000','0.000000',NULL,'53.000000','0.000000',NULL,NULL,NULL,NULL,NULL,NULL,NULL,NULL,NULL,'\0',1,'2012-08-03 22:16:56','2012-08-03 22:16:56',1,'0.000000'),(383,17,NULL,'2012-12-12',71,'505.000000','0.000000',NULL,'52.000000','0.000000',NULL,NULL,NULL,NULL,NULL,NULL,NULL,NULL,NULL,'\0',1,'2012-08-03 22:16:56','2012-08-03 22:16:56',1,'0.000000'),(384,17,NULL,'2012-12-19',72,'506.000000','0.000000',NULL,'51.000000','0.000000',NULL,NULL,NULL,NULL,NULL,NULL,NULL,NULL,NULL,'\0',1,'2012-08-03 22:16:56','2012-08-03 22:16:56',1,'0.000000'),(385,17,NULL,'2012-12-26',73,'508.000000','0.000000',NULL,'49.000000','0.000000',NULL,NULL,NULL,NULL,NULL,NULL,NULL,NULL,NULL,'\0',1,'2012-08-03 22:16:56','2012-08-03 22:16:56',1,'0.000000'),(386,17,NULL,'2013-01-02',74,'509.000000','0.000000',NULL,'48.000000','0.000000',NULL,NULL,NULL,NULL,NULL,NULL,NULL,NULL,NULL,'\0',1,'2012-08-03 22:16:56','2012-08-03 22:16:56',1,'0.000000'),(387,17,NULL,'2013-01-09',75,'511.000000','0.000000',NULL,'46.000000','0.000000',NULL,NULL,NULL,NULL,NULL,NULL,NULL,NULL,NULL,'\0',1,'2012-08-03 22:16:56','2012-08-03 22:16:56',1,'0.000000'),(388,17,NULL,'2013-01-16',76,'512.000000','0.000000',NULL,'45.000000','0.000000',NULL,NULL,NULL,NULL,NULL,NULL,NULL,NULL,NULL,'\0',1,'2012-08-03 22:16:56','2012-08-03 22:16:56',1,'0.000000'),(389,17,NULL,'2013-01-23',77,'514.000000','0.000000',NULL,'43.000000','0.000000',NULL,NULL,NULL,NULL,NULL,NULL,NULL,NULL,NULL,'\0',1,'2012-08-03 22:16:56','2012-08-03 22:16:56',1,'0.000000'),(390,17,NULL,'2013-01-30',78,'515.000000','0.000000',NULL,'42.000000','0.000000',NULL,NULL,NULL,NULL,NULL,NULL,NULL,NULL,NULL,'\0',1,'2012-08-03 22:16:56','2012-08-03 22:16:56',1,'0.000000'),(391,17,NULL,'2013-02-06',79,'517.000000','0.000000',NULL,'40.000000','0.000000',NULL,NULL,NULL,NULL,NULL,NULL,NULL,NULL,NULL,'\0',1,'2012-08-03 22:16:56','2012-08-03 22:16:56',1,'0.000000'),(392,17,NULL,'2013-02-13',80,'518.000000','0.000000',NULL,'39.000000','0.000000',NULL,NULL,NULL,NULL,NULL,NULL,NULL,NULL,NULL,'\0',1,'2012-08-03 22:16:56','2012-08-03 22:16:56',1,'0.000000'),(393,17,NULL,'2013-02-20',81,'520.000000','0.000000',NULL,'37.000000','0.000000',NULL,NULL,NULL,NULL,NULL,NULL,NULL,NULL,NULL,'\0',1,'2012-08-03 22:16:56','2012-08-03 22:16:56',1,'0.000000'),(394,17,NULL,'2013-02-27',82,'521.000000','0.000000',NULL,'36.000000','0.000000',NULL,NULL,NULL,NULL,NULL,NULL,NULL,NULL,NULL,'\0',1,'2012-08-03 22:16:56','2012-08-03 22:16:56',1,'0.000000'),(395,17,NULL,'2013-03-06',83,'523.000000','0.000000',NULL,'34.000000','0.000000',NULL,NULL,NULL,NULL,NULL,NULL,NULL,NULL,NULL,'\0',1,'2012-08-03 22:16:56','2012-08-03 22:16:56',1,'0.000000'),(396,17,NULL,'2013-03-13',84,'524.000000','0.000000',NULL,'33.000000','0.000000',NULL,NULL,NULL,NULL,NULL,NULL,NULL,NULL,NULL,'\0',1,'2012-08-03 22:16:56','2012-08-03 22:16:56',1,'0.000000'),(397,17,NULL,'2013-03-20',85,'526.000000','0.000000',NULL,'31.000000','0.000000',NULL,NULL,NULL,NULL,NULL,NULL,NULL,NULL,NULL,'\0',1,'2012-08-03 22:16:56','2012-08-03 22:16:56',1,'0.000000'),(398,17,NULL,'2013-03-27',86,'527.000000','0.000000',NULL,'30.000000','0.000000',NULL,NULL,NULL,NULL,NULL,NULL,NULL,NULL,NULL,'\0',1,'2012-08-03 22:16:56','2012-08-03 22:16:56',1,'0.000000'),(399,17,NULL,'2013-04-03',87,'529.000000','0.000000',NULL,'28.000000','0.000000',NULL,NULL,NULL,NULL,NULL,NULL,NULL,NULL,NULL,'\0',1,'2012-08-03 22:16:56','2012-08-03 22:16:56',1,'0.000000'),(400,17,NULL,'2013-04-10',88,'530.000000','0.000000',NULL,'27.000000','0.000000',NULL,NULL,NULL,NULL,NULL,NULL,NULL,NULL,NULL,'\0',1,'2012-08-03 22:16:56','2012-08-03 22:16:56',1,'0.000000'),(401,17,NULL,'2013-04-17',89,'532.000000','0.000000',NULL,'25.000000','0.000000',NULL,NULL,NULL,NULL,NULL,NULL,NULL,NULL,NULL,'\0',1,'2012-08-03 22:16:56','2012-08-03 22:16:56',1,'0.000000'),(402,17,NULL,'2013-04-24',90,'533.000000','0.000000',NULL,'24.000000','0.000000',NULL,NULL,NULL,NULL,NULL,NULL,NULL,NULL,NULL,'\0',1,'2012-08-03 22:16:56','2012-08-03 22:16:56',1,'0.000000'),(403,17,NULL,'2013-05-01',91,'535.000000','0.000000',NULL,'22.000000','0.000000',NULL,NULL,NULL,NULL,NULL,NULL,NULL,NULL,NULL,'\0',1,'2012-08-03 22:16:56','2012-08-03 22:16:56',1,'0.000000'),(404,17,NULL,'2013-05-08',92,'536.000000','0.000000',NULL,'21.000000','0.000000',NULL,NULL,NULL,NULL,NULL,NULL,NULL,NULL,NULL,'\0',1,'2012-08-03 22:16:56','2012-08-03 22:16:56',1,'0.000000'),(405,17,NULL,'2013-05-15',93,'538.000000','0.000000',NULL,'19.000000','0.000000',NULL,NULL,NULL,NULL,NULL,NULL,NULL,NULL,NULL,'\0',1,'2012-08-03 22:16:56','2012-08-03 22:16:56',1,'0.000000'),(406,17,NULL,'2013-05-22',94,'540.000000','0.000000',NULL,'17.000000','0.000000',NULL,NULL,NULL,NULL,NULL,NULL,NULL,NULL,NULL,'\0',1,'2012-08-03 22:16:56','2012-08-03 22:16:56',1,'0.000000'),(407,17,NULL,'2013-05-29',95,'541.000000','0.000000',NULL,'16.000000','0.000000',NULL,NULL,NULL,NULL,NULL,NULL,NULL,NULL,NULL,'\0',1,'2012-08-03 22:16:56','2012-08-03 22:16:56',1,'0.000000'),(408,17,NULL,'2013-06-05',96,'543.000000','0.000000',NULL,'14.000000','0.000000',NULL,NULL,NULL,NULL,NULL,NULL,NULL,NULL,NULL,'\0',1,'2012-08-03 22:16:56','2012-08-03 22:16:56',1,'0.000000'),(409,17,NULL,'2013-06-12',97,'544.000000','0.000000',NULL,'13.000000','0.000000',NULL,NULL,NULL,NULL,NULL,NULL,NULL,NULL,NULL,'\0',1,'2012-08-03 22:16:56','2012-08-03 22:16:56',1,'0.000000'),(410,17,NULL,'2013-06-19',98,'546.000000','0.000000',NULL,'11.000000','0.000000',NULL,NULL,NULL,NULL,NULL,NULL,NULL,NULL,NULL,'\0',1,'2012-08-03 22:16:56','2012-08-03 22:16:56',1,'0.000000'),(411,17,NULL,'2013-06-26',99,'547.000000','0.000000',NULL,'10.000000','0.000000',NULL,NULL,NULL,NULL,NULL,NULL,NULL,NULL,NULL,'\0',1,'2012-08-03 22:16:56','2012-08-03 22:16:56',1,'0.000000'),(412,17,NULL,'2013-07-03',100,'549.000000','0.000000',NULL,'8.000000','0.000000',NULL,NULL,NULL,NULL,NULL,NULL,NULL,NULL,NULL,'\0',1,'2012-08-03 22:16:56','2012-08-03 22:16:56',1,'0.000000'),(413,17,NULL,'2013-07-10',101,'551.000000','0.000000',NULL,'6.000000','0.000000',NULL,NULL,NULL,NULL,NULL,NULL,NULL,NULL,NULL,'\0',1,'2012-08-03 22:16:56','2012-08-03 22:16:56',1,'0.000000'),(414,17,NULL,'2013-07-17',102,'552.000000','0.000000',NULL,'5.000000','0.000000',NULL,NULL,NULL,NULL,NULL,NULL,NULL,NULL,NULL,'\0',1,'2012-08-03 22:16:56','2012-08-03 22:16:56',1,'0.000000'),(415,17,NULL,'2013-07-24',103,'554.000000','0.000000',NULL,'3.000000','0.000000',NULL,NULL,NULL,NULL,NULL,NULL,NULL,NULL,NULL,'\0',1,'2012-08-03 22:16:56','2012-08-03 22:16:56',1,'0.000000'),(416,17,NULL,'2013-07-31',104,'575.000000','0.000000',NULL,'0.000000','0.000000',NULL,NULL,NULL,NULL,NULL,NULL,NULL,NULL,NULL,'\0',1,'2012-08-03 22:16:56','2012-08-03 22:16:56',1,'0.000000'),(417,18,NULL,'2011-08-10',1,'481.000000','0.000000',NULL,'144.000000','144.000000',NULL,NULL,NULL,NULL,NULL,NULL,NULL,NULL,NULL,'\0',1,'2012-08-03 22:20:59','2012-08-07 08:11:48',1,'0.000000'),(418,18,NULL,'2011-08-17',2,'481.000000','0.000000',NULL,'144.000000','144.000000',NULL,NULL,NULL,NULL,NULL,NULL,NULL,NULL,NULL,'\0',1,'2012-08-03 22:20:59','2012-08-07 08:11:48',1,'0.000000'),(419,18,NULL,'2011-08-24',3,'481.000000','0.000000',NULL,'144.000000','144.000000',NULL,NULL,NULL,NULL,NULL,NULL,NULL,NULL,NULL,'\0',1,'2012-08-03 22:20:59','2012-08-07 08:11:48',1,'0.000000'),(420,18,NULL,'2011-08-31',4,'481.000000','0.000000',NULL,'144.000000','144.000000',NULL,NULL,NULL,NULL,NULL,NULL,NULL,NULL,NULL,'\0',1,'2012-08-03 22:20:59','2012-08-07 08:11:48',1,'0.000000'),(421,18,NULL,'2011-09-07',5,'481.000000','0.000000',NULL,'144.000000','144.000000',NULL,NULL,NULL,NULL,NULL,NULL,NULL,NULL,NULL,'\0',1,'2012-08-03 22:20:59','2012-08-07 08:11:48',1,'0.000000'),(422,18,NULL,'2011-09-14',6,'481.000000','0.000000',NULL,'144.000000','144.000000',NULL,NULL,NULL,NULL,NULL,NULL,NULL,NULL,NULL,'\0',1,'2012-08-03 22:20:59','2012-08-07 08:11:48',1,'0.000000'),(423,18,NULL,'2011-09-21',7,'481.000000','0.000000',NULL,'144.000000','136.000000',NULL,NULL,NULL,NULL,NULL,NULL,NULL,NULL,NULL,'\0',1,'2012-08-03 22:20:59','2012-08-07 08:11:48',1,'0.000000'),(424,18,NULL,'2011-09-28',8,'481.000000','0.000000',NULL,'144.000000','0.000000',NULL,NULL,NULL,NULL,NULL,NULL,NULL,NULL,NULL,'\0',1,'2012-08-03 22:20:59','2012-08-07 08:11:48',1,'0.000000'),(425,18,NULL,'2011-10-05',9,'481.000000','0.000000',NULL,'144.000000','0.000000',NULL,NULL,NULL,NULL,NULL,NULL,NULL,NULL,NULL,'\0',1,'2012-08-03 22:20:59','2012-08-07 08:11:48',1,'0.000000'),(426,18,NULL,'2011-10-12',10,'481.000000','0.000000',NULL,'144.000000','0.000000',NULL,NULL,NULL,NULL,NULL,NULL,NULL,NULL,NULL,'\0',1,'2012-08-03 22:20:59','2012-08-07 08:11:48',1,'0.000000'),(427,18,NULL,'2011-10-19',11,'481.000000','0.000000',NULL,'144.000000','0.000000',NULL,NULL,NULL,NULL,NULL,NULL,NULL,NULL,NULL,'\0',1,'2012-08-03 22:20:59','2012-08-07 08:11:48',1,'0.000000'),(428,18,NULL,'2011-10-26',12,'481.000000','0.000000',NULL,'144.000000','0.000000',NULL,NULL,NULL,NULL,NULL,NULL,NULL,NULL,NULL,'\0',1,'2012-08-03 22:20:59','2012-08-07 08:11:48',1,'0.000000'),(429,18,NULL,'2011-11-02',13,'481.000000','0.000000',NULL,'144.000000','0.000000',NULL,NULL,NULL,NULL,NULL,NULL,NULL,NULL,NULL,'\0',1,'2012-08-03 22:20:59','2012-08-07 08:11:48',1,'0.000000'),(430,18,NULL,'2011-11-09',14,'481.000000','0.000000',NULL,'144.000000','0.000000',NULL,NULL,NULL,NULL,NULL,NULL,NULL,NULL,NULL,'\0',1,'2012-08-03 22:20:59','2012-08-07 08:11:48',1,'0.000000'),(431,18,NULL,'2011-11-16',15,'481.000000','0.000000',NULL,'144.000000','0.000000',NULL,NULL,NULL,NULL,NULL,NULL,NULL,NULL,NULL,'\0',1,'2012-08-03 22:20:59','2012-08-07 08:11:48',1,'0.000000'),(432,18,NULL,'2011-11-23',16,'481.000000','0.000000',NULL,'144.000000','0.000000',NULL,NULL,NULL,NULL,NULL,NULL,NULL,NULL,NULL,'\0',1,'2012-08-03 22:20:59','2012-08-07 08:11:48',1,'0.000000'),(433,18,NULL,'2011-11-30',17,'481.000000','0.000000',NULL,'144.000000','0.000000',NULL,NULL,NULL,NULL,NULL,NULL,NULL,NULL,NULL,'\0',1,'2012-08-03 22:20:59','2012-08-07 08:11:48',1,'0.000000'),(434,18,NULL,'2011-12-07',18,'481.000000','0.000000',NULL,'144.000000','0.000000',NULL,NULL,NULL,NULL,NULL,NULL,NULL,NULL,NULL,'\0',1,'2012-08-03 22:20:59','2012-08-07 08:11:48',1,'0.000000'),(435,18,NULL,'2011-12-14',19,'481.000000','0.000000',NULL,'144.000000','0.000000',NULL,NULL,NULL,NULL,NULL,NULL,NULL,NULL,NULL,'\0',1,'2012-08-03 22:20:59','2012-08-07 08:11:48',1,'0.000000'),(436,18,NULL,'2011-12-21',20,'481.000000','0.000000',NULL,'144.000000','0.000000',NULL,NULL,NULL,NULL,NULL,NULL,NULL,NULL,NULL,'\0',1,'2012-08-03 22:20:59','2012-08-07 08:11:48',1,'0.000000'),(437,18,NULL,'2011-12-28',21,'481.000000','0.000000',NULL,'144.000000','0.000000',NULL,NULL,NULL,NULL,NULL,NULL,NULL,NULL,NULL,'\0',1,'2012-08-03 22:20:59','2012-08-07 08:11:48',1,'0.000000'),(438,18,NULL,'2012-01-04',22,'481.000000','0.000000',NULL,'144.000000','0.000000',NULL,NULL,NULL,NULL,NULL,NULL,NULL,NULL,NULL,'\0',1,'2012-08-03 22:20:59','2012-08-07 08:11:48',1,'0.000000'),(439,18,NULL,'2012-01-11',23,'481.000000','0.000000',NULL,'144.000000','0.000000',NULL,NULL,NULL,NULL,NULL,NULL,NULL,NULL,NULL,'\0',1,'2012-08-03 22:20:59','2012-08-07 08:11:48',1,'0.000000'),(440,18,NULL,'2012-01-18',24,'481.000000','0.000000',NULL,'144.000000','0.000000',NULL,NULL,NULL,NULL,NULL,NULL,NULL,NULL,NULL,'\0',1,'2012-08-03 22:20:59','2012-08-07 08:11:48',1,'0.000000'),(441,18,NULL,'2012-01-25',25,'481.000000','0.000000',NULL,'144.000000','0.000000',NULL,NULL,NULL,NULL,NULL,NULL,NULL,NULL,NULL,'\0',1,'2012-08-03 22:20:59','2012-08-07 08:11:48',1,'0.000000'),(442,18,NULL,'2012-02-01',26,'481.000000','0.000000',NULL,'144.000000','0.000000',NULL,NULL,NULL,NULL,NULL,NULL,NULL,NULL,NULL,'\0',1,'2012-08-03 22:20:59','2012-08-07 08:11:48',1,'0.000000'),(443,18,NULL,'2012-02-08',27,'481.000000','0.000000',NULL,'144.000000','0.000000',NULL,NULL,NULL,NULL,NULL,NULL,NULL,NULL,NULL,'\0',1,'2012-08-03 22:20:59','2012-08-07 08:11:48',1,'0.000000'),(444,18,NULL,'2012-02-15',28,'481.000000','0.000000',NULL,'144.000000','0.000000',NULL,NULL,NULL,NULL,NULL,NULL,NULL,NULL,NULL,'\0',1,'2012-08-03 22:20:59','2012-08-07 08:11:48',1,'0.000000'),(445,18,NULL,'2012-02-22',29,'481.000000','0.000000',NULL,'144.000000','0.000000',NULL,NULL,NULL,NULL,NULL,NULL,NULL,NULL,NULL,'\0',1,'2012-08-03 22:20:59','2012-08-07 08:11:48',1,'0.000000'),(446,18,NULL,'2012-02-29',30,'481.000000','0.000000',NULL,'144.000000','0.000000',NULL,NULL,NULL,NULL,NULL,NULL,NULL,NULL,NULL,'\0',1,'2012-08-03 22:20:59','2012-08-07 08:11:48',1,'0.000000'),(447,18,NULL,'2012-03-07',31,'481.000000','0.000000',NULL,'144.000000','0.000000',NULL,NULL,NULL,NULL,NULL,NULL,NULL,NULL,NULL,'\0',1,'2012-08-03 22:20:59','2012-08-07 08:11:48',1,'0.000000'),(448,18,NULL,'2012-03-14',32,'481.000000','0.000000',NULL,'144.000000','0.000000',NULL,NULL,NULL,NULL,NULL,NULL,NULL,NULL,NULL,'\0',1,'2012-08-03 22:20:59','2012-08-07 08:11:48',1,'0.000000'),(449,18,NULL,'2012-03-21',33,'481.000000','0.000000',NULL,'144.000000','0.000000',NULL,NULL,NULL,NULL,NULL,NULL,NULL,NULL,NULL,'\0',1,'2012-08-03 22:20:59','2012-08-07 08:11:48',1,'0.000000'),(450,18,NULL,'2012-03-28',34,'481.000000','0.000000',NULL,'144.000000','0.000000',NULL,NULL,NULL,NULL,NULL,NULL,NULL,NULL,NULL,'\0',1,'2012-08-03 22:20:59','2012-08-07 08:11:48',1,'0.000000'),(451,18,NULL,'2012-04-04',35,'481.000000','0.000000',NULL,'144.000000','0.000000',NULL,NULL,NULL,NULL,NULL,NULL,NULL,NULL,NULL,'\0',1,'2012-08-03 22:20:59','2012-08-07 08:11:48',1,'0.000000'),(452,18,NULL,'2012-04-11',36,'481.000000','0.000000',NULL,'144.000000','0.000000',NULL,NULL,NULL,NULL,NULL,NULL,NULL,NULL,NULL,'\0',1,'2012-08-03 22:20:59','2012-08-07 08:11:48',1,'0.000000'),(453,18,NULL,'2012-04-18',37,'481.000000','0.000000',NULL,'144.000000','0.000000',NULL,NULL,NULL,NULL,NULL,NULL,NULL,NULL,NULL,'\0',1,'2012-08-03 22:20:59','2012-08-07 08:11:48',1,'0.000000'),(454,18,NULL,'2012-04-25',38,'481.000000','0.000000',NULL,'144.000000','0.000000',NULL,NULL,NULL,NULL,NULL,NULL,NULL,NULL,NULL,'\0',1,'2012-08-03 22:20:59','2012-08-07 08:11:48',1,'0.000000'),(455,18,NULL,'2012-05-02',39,'481.000000','0.000000',NULL,'144.000000','0.000000',NULL,NULL,NULL,NULL,NULL,NULL,NULL,NULL,NULL,'\0',1,'2012-08-03 22:20:59','2012-08-07 08:11:48',1,'0.000000'),(456,18,NULL,'2012-05-09',40,'481.000000','0.000000',NULL,'144.000000','0.000000',NULL,NULL,NULL,NULL,NULL,NULL,NULL,NULL,NULL,'\0',1,'2012-08-03 22:20:59','2012-08-07 08:11:48',1,'0.000000'),(457,18,NULL,'2012-05-16',41,'481.000000','0.000000',NULL,'144.000000','0.000000',NULL,NULL,NULL,NULL,NULL,NULL,NULL,NULL,NULL,'\0',1,'2012-08-03 22:20:59','2012-08-07 08:11:48',1,'0.000000'),(458,18,NULL,'2012-05-23',42,'481.000000','0.000000',NULL,'144.000000','0.000000',NULL,NULL,NULL,NULL,NULL,NULL,NULL,NULL,NULL,'\0',1,'2012-08-03 22:20:59','2012-08-07 08:11:48',1,'0.000000'),(459,18,NULL,'2012-05-30',43,'481.000000','0.000000',NULL,'144.000000','0.000000',NULL,NULL,NULL,NULL,NULL,NULL,NULL,NULL,NULL,'\0',1,'2012-08-03 22:20:59','2012-08-07 08:11:48',1,'0.000000'),(460,18,NULL,'2012-06-06',44,'481.000000','0.000000',NULL,'144.000000','0.000000',NULL,NULL,NULL,NULL,NULL,NULL,NULL,NULL,NULL,'\0',1,'2012-08-03 22:20:59','2012-08-07 08:11:48',1,'0.000000'),(461,18,NULL,'2012-06-13',45,'481.000000','0.000000',NULL,'144.000000','0.000000',NULL,NULL,NULL,NULL,NULL,NULL,NULL,NULL,NULL,'\0',1,'2012-08-03 22:20:59','2012-08-07 08:11:48',1,'0.000000'),(462,18,NULL,'2012-06-20',46,'481.000000','0.000000',NULL,'144.000000','0.000000',NULL,NULL,NULL,NULL,NULL,NULL,NULL,NULL,NULL,'\0',1,'2012-08-03 22:20:59','2012-08-07 08:11:48',1,'0.000000'),(463,18,NULL,'2012-06-27',47,'481.000000','0.000000',NULL,'144.000000','0.000000',NULL,NULL,NULL,NULL,NULL,NULL,NULL,NULL,NULL,'\0',1,'2012-08-03 22:20:59','2012-08-07 08:11:48',1,'0.000000'),(464,18,NULL,'2012-07-04',48,'481.000000','0.000000',NULL,'144.000000','0.000000',NULL,NULL,NULL,NULL,NULL,NULL,NULL,NULL,NULL,'\0',1,'2012-08-03 22:20:59','2012-08-07 08:11:48',1,'0.000000'),(465,18,NULL,'2012-07-11',49,'481.000000','0.000000',NULL,'144.000000','0.000000',NULL,NULL,NULL,NULL,NULL,NULL,NULL,NULL,NULL,'\0',1,'2012-08-03 22:20:59','2012-08-07 08:11:48',1,'0.000000'),(466,18,NULL,'2012-07-18',50,'481.000000','0.000000',NULL,'144.000000','0.000000',NULL,NULL,NULL,NULL,NULL,NULL,NULL,NULL,NULL,'\0',1,'2012-08-03 22:20:59','2012-08-07 08:11:48',1,'0.000000'),(467,18,NULL,'2012-07-25',51,'481.000000','0.000000',NULL,'144.000000','0.000000',NULL,NULL,NULL,NULL,NULL,NULL,NULL,NULL,NULL,'\0',1,'2012-08-03 22:20:59','2012-08-07 08:11:48',1,'0.000000'),(468,18,NULL,'2012-08-01',52,'481.000000','0.000000',NULL,'144.000000','0.000000',NULL,NULL,NULL,NULL,NULL,NULL,NULL,NULL,NULL,'\0',1,'2012-08-03 22:20:59','2012-08-07 08:11:48',1,'0.000000'),(469,18,NULL,'2012-08-08',53,'481.000000','0.000000',NULL,'144.000000','0.000000',NULL,NULL,NULL,NULL,NULL,NULL,NULL,NULL,NULL,'\0',1,'2012-08-03 22:20:59','2012-08-07 08:11:48',1,'0.000000'),(470,18,NULL,'2012-08-15',54,'481.000000','0.000000',NULL,'144.000000','0.000000',NULL,NULL,NULL,NULL,NULL,NULL,NULL,NULL,NULL,'\0',1,'2012-08-03 22:20:59','2012-08-07 08:10:31',1,'0.000000'),(471,18,NULL,'2012-08-22',55,'481.000000','0.000000',NULL,'144.000000','0.000000',NULL,NULL,NULL,NULL,NULL,NULL,NULL,NULL,NULL,'\0',1,'2012-08-03 22:20:59','2012-08-07 08:10:31',1,'0.000000'),(472,18,NULL,'2012-08-29',56,'481.000000','0.000000',NULL,'144.000000','0.000000',NULL,NULL,NULL,NULL,NULL,NULL,NULL,NULL,NULL,'\0',1,'2012-08-03 22:20:59','2012-08-07 08:10:31',1,'0.000000'),(473,18,NULL,'2012-09-05',57,'481.000000','0.000000',NULL,'144.000000','0.000000',NULL,NULL,NULL,NULL,NULL,NULL,NULL,NULL,NULL,'\0',1,'2012-08-03 22:20:59','2012-08-07 08:10:31',1,'0.000000'),(474,18,NULL,'2012-09-12',58,'481.000000','0.000000',NULL,'144.000000','0.000000',NULL,NULL,NULL,NULL,NULL,NULL,NULL,NULL,NULL,'\0',1,'2012-08-03 22:20:59','2012-08-07 08:10:31',1,'0.000000'),(475,18,NULL,'2012-09-19',59,'481.000000','0.000000',NULL,'144.000000','0.000000',NULL,NULL,NULL,NULL,NULL,NULL,NULL,NULL,NULL,'\0',1,'2012-08-03 22:20:59','2012-08-07 08:10:31',1,'0.000000'),(476,18,NULL,'2012-09-26',60,'481.000000','0.000000',NULL,'144.000000','0.000000',NULL,NULL,NULL,NULL,NULL,NULL,NULL,NULL,NULL,'\0',1,'2012-08-03 22:20:59','2012-08-07 08:10:31',1,'0.000000'),(477,18,NULL,'2012-10-03',61,'481.000000','0.000000',NULL,'144.000000','0.000000',NULL,NULL,NULL,NULL,NULL,NULL,NULL,NULL,NULL,'\0',1,'2012-08-03 22:20:59','2012-08-07 08:10:31',1,'0.000000'),(478,18,NULL,'2012-10-10',62,'481.000000','0.000000',NULL,'144.000000','0.000000',NULL,NULL,NULL,NULL,NULL,NULL,NULL,NULL,NULL,'\0',1,'2012-08-03 22:20:59','2012-08-07 08:10:31',1,'0.000000'),(479,18,NULL,'2012-10-17',63,'481.000000','0.000000',NULL,'144.000000','0.000000',NULL,NULL,NULL,NULL,NULL,NULL,NULL,NULL,NULL,'\0',1,'2012-08-03 22:20:59','2012-08-07 08:10:31',1,'0.000000'),(480,18,NULL,'2012-10-24',64,'481.000000','0.000000',NULL,'144.000000','0.000000',NULL,NULL,NULL,NULL,NULL,NULL,NULL,NULL,NULL,'\0',1,'2012-08-03 22:20:59','2012-08-07 08:10:31',1,'0.000000'),(481,18,NULL,'2012-10-31',65,'481.000000','0.000000',NULL,'144.000000','0.000000',NULL,NULL,NULL,NULL,NULL,NULL,NULL,NULL,NULL,'\0',1,'2012-08-03 22:20:59','2012-08-07 08:10:31',1,'0.000000'),(482,18,NULL,'2012-11-07',66,'481.000000','0.000000',NULL,'144.000000','0.000000',NULL,NULL,NULL,NULL,NULL,NULL,NULL,NULL,NULL,'\0',1,'2012-08-03 22:20:59','2012-08-07 08:10:31',1,'0.000000'),(483,18,NULL,'2012-11-14',67,'481.000000','0.000000',NULL,'144.000000','0.000000',NULL,NULL,NULL,NULL,NULL,NULL,NULL,NULL,NULL,'\0',1,'2012-08-03 22:20:59','2012-08-07 08:10:31',1,'0.000000'),(484,18,NULL,'2012-11-21',68,'481.000000','0.000000',NULL,'144.000000','0.000000',NULL,NULL,NULL,NULL,NULL,NULL,NULL,NULL,NULL,'\0',1,'2012-08-03 22:20:59','2012-08-07 08:10:31',1,'0.000000'),(485,18,NULL,'2012-11-28',69,'481.000000','0.000000',NULL,'144.000000','0.000000',NULL,NULL,NULL,NULL,NULL,NULL,NULL,NULL,NULL,'\0',1,'2012-08-03 22:20:59','2012-08-07 08:10:31',1,'0.000000'),(486,18,NULL,'2012-12-05',70,'481.000000','0.000000',NULL,'144.000000','0.000000',NULL,NULL,NULL,NULL,NULL,NULL,NULL,NULL,NULL,'\0',1,'2012-08-03 22:20:59','2012-08-07 08:10:31',1,'0.000000'),(487,18,NULL,'2012-12-12',71,'481.000000','0.000000',NULL,'144.000000','0.000000',NULL,NULL,NULL,NULL,NULL,NULL,NULL,NULL,NULL,'\0',1,'2012-08-03 22:20:59','2012-08-07 08:10:31',1,'0.000000'),(488,18,NULL,'2012-12-19',72,'481.000000','0.000000',NULL,'144.000000','0.000000',NULL,NULL,NULL,NULL,NULL,NULL,NULL,NULL,NULL,'\0',1,'2012-08-03 22:20:59','2012-08-07 08:10:31',1,'0.000000'),(489,18,NULL,'2012-12-26',73,'481.000000','0.000000',NULL,'144.000000','0.000000',NULL,NULL,NULL,NULL,NULL,NULL,NULL,NULL,NULL,'\0',1,'2012-08-03 22:20:59','2012-08-07 08:10:31',1,'0.000000'),(490,18,NULL,'2013-01-02',74,'481.000000','0.000000',NULL,'144.000000','0.000000',NULL,NULL,NULL,NULL,NULL,NULL,NULL,NULL,NULL,'\0',1,'2012-08-03 22:20:59','2012-08-07 08:10:31',1,'0.000000'),(491,18,NULL,'2013-01-09',75,'481.000000','0.000000',NULL,'144.000000','0.000000',NULL,NULL,NULL,NULL,NULL,NULL,NULL,NULL,NULL,'\0',1,'2012-08-03 22:20:59','2012-08-07 08:10:31',1,'0.000000'),(492,18,NULL,'2013-01-16',76,'481.000000','0.000000',NULL,'144.000000','0.000000',NULL,NULL,NULL,NULL,NULL,NULL,NULL,NULL,NULL,'\0',1,'2012-08-03 22:20:59','2012-08-07 08:10:31',1,'0.000000'),(493,18,NULL,'2013-01-23',77,'481.000000','0.000000',NULL,'144.000000','0.000000',NULL,NULL,NULL,NULL,NULL,NULL,NULL,NULL,NULL,'\0',1,'2012-08-03 22:20:59','2012-08-07 08:10:31',1,'0.000000'),(494,18,NULL,'2013-01-30',78,'481.000000','0.000000',NULL,'144.000000','0.000000',NULL,NULL,NULL,NULL,NULL,NULL,NULL,NULL,NULL,'\0',1,'2012-08-03 22:20:59','2012-08-07 08:10:31',1,'0.000000'),(495,18,NULL,'2013-02-06',79,'481.000000','0.000000',NULL,'144.000000','0.000000',NULL,NULL,NULL,NULL,NULL,NULL,NULL,NULL,NULL,'\0',1,'2012-08-03 22:20:59','2012-08-07 08:10:31',1,'0.000000'),(496,18,NULL,'2013-02-13',80,'481.000000','0.000000',NULL,'144.000000','0.000000',NULL,NULL,NULL,NULL,NULL,NULL,NULL,NULL,NULL,'\0',1,'2012-08-03 22:20:59','2012-08-07 08:10:31',1,'0.000000'),(497,18,NULL,'2013-02-20',81,'481.000000','0.000000',NULL,'144.000000','0.000000',NULL,NULL,NULL,NULL,NULL,NULL,NULL,NULL,NULL,'\0',1,'2012-08-03 22:20:59','2012-08-07 08:10:31',1,'0.000000'),(498,18,NULL,'2013-02-27',82,'481.000000','0.000000',NULL,'144.000000','0.000000',NULL,NULL,NULL,NULL,NULL,NULL,NULL,NULL,NULL,'\0',1,'2012-08-03 22:20:59','2012-08-07 08:10:31',1,'0.000000'),(499,18,NULL,'2013-03-06',83,'481.000000','0.000000',NULL,'144.000000','0.000000',NULL,NULL,NULL,NULL,NULL,NULL,NULL,NULL,NULL,'\0',1,'2012-08-03 22:20:59','2012-08-07 08:10:31',1,'0.000000'),(500,18,NULL,'2013-03-13',84,'481.000000','0.000000',NULL,'144.000000','0.000000',NULL,NULL,NULL,NULL,NULL,NULL,NULL,NULL,NULL,'\0',1,'2012-08-03 22:20:59','2012-08-07 08:10:31',1,'0.000000'),(501,18,NULL,'2013-03-20',85,'481.000000','0.000000',NULL,'144.000000','0.000000',NULL,NULL,NULL,NULL,NULL,NULL,NULL,NULL,NULL,'\0',1,'2012-08-03 22:20:59','2012-08-07 08:10:31',1,'0.000000'),(502,18,NULL,'2013-03-27',86,'481.000000','0.000000',NULL,'144.000000','0.000000',NULL,NULL,NULL,NULL,NULL,NULL,NULL,NULL,NULL,'\0',1,'2012-08-03 22:20:59','2012-08-07 08:10:31',1,'0.000000'),(503,18,NULL,'2013-04-03',87,'481.000000','0.000000',NULL,'144.000000','0.000000',NULL,NULL,NULL,NULL,NULL,NULL,NULL,NULL,NULL,'\0',1,'2012-08-03 22:20:59','2012-08-07 08:10:31',1,'0.000000'),(504,18,NULL,'2013-04-10',88,'481.000000','0.000000',NULL,'144.000000','0.000000',NULL,NULL,NULL,NULL,NULL,NULL,NULL,NULL,NULL,'\0',1,'2012-08-03 22:20:59','2012-08-07 08:10:31',1,'0.000000'),(505,18,NULL,'2013-04-17',89,'481.000000','0.000000',NULL,'144.000000','0.000000',NULL,NULL,NULL,NULL,NULL,NULL,NULL,NULL,NULL,'\0',1,'2012-08-03 22:20:59','2012-08-07 08:10:31',1,'0.000000'),(506,18,NULL,'2013-04-24',90,'481.000000','0.000000',NULL,'144.000000','0.000000',NULL,NULL,NULL,NULL,NULL,NULL,NULL,NULL,NULL,'\0',1,'2012-08-03 22:20:59','2012-08-03 22:20:59',1,'0.000000'),(507,18,NULL,'2013-05-01',91,'481.000000','0.000000',NULL,'144.000000','0.000000',NULL,NULL,NULL,NULL,NULL,NULL,NULL,NULL,NULL,'\0',1,'2012-08-03 22:20:59','2012-08-03 22:20:59',1,'0.000000'),(508,18,NULL,'2013-05-08',92,'481.000000','0.000000',NULL,'144.000000','0.000000',NULL,NULL,NULL,NULL,NULL,NULL,NULL,NULL,NULL,'\0',1,'2012-08-03 22:20:59','2012-08-03 22:20:59',1,'0.000000'),(509,18,NULL,'2013-05-15',93,'481.000000','0.000000',NULL,'144.000000','0.000000',NULL,NULL,NULL,NULL,NULL,NULL,NULL,NULL,NULL,'\0',1,'2012-08-03 22:20:59','2012-08-03 22:20:59',1,'0.000000'),(510,18,NULL,'2013-05-22',94,'481.000000','0.000000',NULL,'144.000000','0.000000',NULL,NULL,NULL,NULL,NULL,NULL,NULL,NULL,NULL,'\0',1,'2012-08-03 22:20:59','2012-08-03 22:20:59',1,'0.000000'),(511,18,NULL,'2013-05-29',95,'481.000000','0.000000',NULL,'144.000000','0.000000',NULL,NULL,NULL,NULL,NULL,NULL,NULL,NULL,NULL,'\0',1,'2012-08-03 22:20:59','2012-08-03 22:20:59',1,'0.000000'),(512,18,NULL,'2013-06-05',96,'481.000000','0.000000',NULL,'144.000000','0.000000',NULL,NULL,NULL,NULL,NULL,NULL,NULL,NULL,NULL,'\0',1,'2012-08-03 22:20:59','2012-08-03 22:20:59',1,'0.000000'),(513,18,NULL,'2013-06-12',97,'481.000000','0.000000',NULL,'144.000000','0.000000',NULL,NULL,NULL,NULL,NULL,NULL,NULL,NULL,NULL,'\0',1,'2012-08-03 22:20:59','2012-08-03 22:20:59',1,'0.000000'),(514,18,NULL,'2013-06-19',98,'481.000000','0.000000',NULL,'144.000000','0.000000',NULL,NULL,NULL,NULL,NULL,NULL,NULL,NULL,NULL,'\0',1,'2012-08-03 22:20:59','2012-08-03 22:20:59',1,'0.000000'),(515,18,NULL,'2013-06-26',99,'481.000000','0.000000',NULL,'144.000000','0.000000',NULL,NULL,NULL,NULL,NULL,NULL,NULL,NULL,NULL,'\0',1,'2012-08-03 22:20:59','2012-08-03 22:20:59',1,'0.000000'),(516,18,NULL,'2013-07-03',100,'481.000000','0.000000',NULL,'144.000000','0.000000',NULL,NULL,NULL,NULL,NULL,NULL,NULL,NULL,NULL,'\0',1,'2012-08-03 22:20:59','2012-08-03 22:20:59',1,'0.000000'),(517,18,NULL,'2013-07-10',101,'481.000000','0.000000',NULL,'144.000000','0.000000',NULL,NULL,NULL,NULL,NULL,NULL,NULL,NULL,NULL,'\0',1,'2012-08-03 22:20:59','2012-08-03 22:20:59',1,'0.000000'),(518,18,NULL,'2013-07-17',102,'481.000000','0.000000',NULL,'144.000000','0.000000',NULL,NULL,NULL,NULL,NULL,NULL,NULL,NULL,NULL,'\0',1,'2012-08-03 22:20:59','2012-08-03 22:20:59',1,'0.000000'),(519,18,NULL,'2013-07-24',103,'481.000000','0.000000',NULL,'144.000000','0.000000',NULL,NULL,NULL,NULL,NULL,NULL,NULL,NULL,NULL,'\0',1,'2012-08-03 22:20:59','2012-08-03 22:20:59',1,'0.000000'),(520,18,NULL,'2013-07-31',104,'457.000000','0.000000',NULL,'144.000000','0.000000',NULL,NULL,NULL,NULL,NULL,NULL,NULL,NULL,NULL,'\0',1,'2012-08-03 22:20:59','2012-08-03 22:20:59',1,'0.000000'),(521,19,NULL,'2011-08-10',1,'481.000000','0.000000',NULL,'144.000000','144.000000',NULL,NULL,NULL,NULL,NULL,NULL,NULL,NULL,NULL,'\0',1,'2012-08-03 22:30:37','2012-08-03 22:31:46',1,'0.000000'),(522,19,NULL,'2011-08-17',2,'481.000000','0.000000',NULL,'144.000000','144.000000',NULL,NULL,NULL,NULL,NULL,NULL,NULL,NULL,NULL,'\0',1,'2012-08-03 22:30:37','2012-08-03 22:31:46',1,'0.000000'),(523,19,NULL,'2011-08-24',3,'481.000000','0.000000',NULL,'144.000000','144.000000',NULL,NULL,NULL,NULL,NULL,NULL,NULL,NULL,NULL,'\0',1,'2012-08-03 22:30:37','2012-08-03 22:31:46',1,'0.000000'),(524,19,NULL,'2011-08-31',4,'481.000000','0.000000',NULL,'144.000000','144.000000',NULL,NULL,NULL,NULL,NULL,NULL,NULL,NULL,NULL,'\0',1,'2012-08-03 22:30:37','2012-08-03 22:31:46',1,'0.000000'),(525,19,NULL,'2011-09-07',5,'481.000000','0.000000',NULL,'144.000000','144.000000',NULL,NULL,NULL,NULL,NULL,NULL,NULL,NULL,NULL,'\0',1,'2012-08-03 22:30:37','2012-08-03 22:31:46',1,'0.000000'),(526,19,NULL,'2011-09-14',6,'481.000000','0.000000',NULL,'144.000000','144.000000',NULL,NULL,NULL,NULL,NULL,NULL,NULL,NULL,NULL,'\0',1,'2012-08-03 22:30:37','2012-08-03 22:31:46',1,'0.000000'),(527,19,NULL,'2011-09-21',7,'481.000000','0.000000',NULL,'144.000000','144.000000',NULL,NULL,NULL,NULL,NULL,NULL,NULL,NULL,NULL,'\0',1,'2012-08-03 22:30:37','2012-08-03 22:31:46',1,'0.000000'),(528,19,NULL,'2011-09-28',8,'481.000000','0.000000',NULL,'144.000000','144.000000',NULL,NULL,NULL,NULL,NULL,NULL,NULL,NULL,NULL,'\0',1,'2012-08-03 22:30:37','2012-08-03 22:31:46',1,'0.000000'),(529,19,NULL,'2011-10-05',9,'481.000000','0.000000',NULL,'144.000000','144.000000',NULL,NULL,NULL,NULL,NULL,NULL,NULL,NULL,NULL,'\0',1,'2012-08-03 22:30:37','2012-08-03 22:31:46',1,'0.000000'),(530,19,NULL,'2011-10-12',10,'481.000000','0.000000',NULL,'144.000000','144.000000',NULL,NULL,NULL,NULL,NULL,NULL,NULL,NULL,NULL,'\0',1,'2012-08-03 22:30:37','2012-08-03 22:31:46',1,'0.000000'),(531,19,NULL,'2011-10-19',11,'481.000000','0.000000',NULL,'144.000000','144.000000',NULL,NULL,NULL,NULL,NULL,NULL,NULL,NULL,NULL,'\0',1,'2012-08-03 22:30:37','2012-08-03 22:31:46',1,'0.000000'),(532,19,NULL,'2011-10-26',12,'481.000000','0.000000',NULL,'144.000000','144.000000',NULL,NULL,NULL,NULL,NULL,NULL,NULL,NULL,NULL,'\0',1,'2012-08-03 22:30:37','2012-08-03 22:31:46',1,'0.000000'),(533,19,NULL,'2011-11-02',13,'481.000000','0.000000',NULL,'144.000000','144.000000',NULL,NULL,NULL,NULL,NULL,NULL,NULL,NULL,NULL,'\0',1,'2012-08-03 22:30:37','2012-08-03 22:31:46',1,'0.000000'),(534,19,NULL,'2011-11-09',14,'481.000000','0.000000',NULL,'144.000000','144.000000',NULL,NULL,NULL,NULL,NULL,NULL,NULL,NULL,NULL,'\0',1,'2012-08-03 22:30:37','2012-08-03 22:31:46',1,'0.000000'),(535,19,NULL,'2011-11-16',15,'481.000000','0.000000',NULL,'144.000000','144.000000',NULL,NULL,NULL,NULL,NULL,NULL,NULL,NULL,NULL,'\0',1,'2012-08-03 22:30:37','2012-08-03 22:31:46',1,'0.000000'),(536,19,NULL,'2011-11-23',16,'481.000000','0.000000',NULL,'144.000000','144.000000',NULL,NULL,NULL,NULL,NULL,NULL,NULL,NULL,NULL,'\0',1,'2012-08-03 22:30:37','2012-08-03 22:31:46',1,'0.000000'),(537,19,NULL,'2011-11-30',17,'481.000000','0.000000',NULL,'144.000000','144.000000',NULL,NULL,NULL,NULL,NULL,NULL,NULL,NULL,NULL,'\0',1,'2012-08-03 22:30:37','2012-08-03 22:31:46',1,'0.000000'),(538,19,NULL,'2011-12-07',18,'481.000000','0.000000',NULL,'144.000000','144.000000',NULL,NULL,NULL,NULL,NULL,NULL,NULL,NULL,NULL,'\0',1,'2012-08-03 22:30:37','2012-08-03 22:31:46',1,'0.000000'),(539,19,NULL,'2011-12-14',19,'481.000000','0.000000',NULL,'144.000000','144.000000',NULL,NULL,NULL,NULL,NULL,NULL,NULL,NULL,NULL,'\0',1,'2012-08-03 22:30:37','2012-08-03 22:31:46',1,'0.000000'),(540,19,NULL,'2011-12-21',20,'481.000000','0.000000',NULL,'144.000000','144.000000',NULL,NULL,NULL,NULL,NULL,NULL,NULL,NULL,NULL,'\0',1,'2012-08-03 22:30:37','2012-08-03 22:31:46',1,'0.000000'),(541,19,NULL,'2011-12-28',21,'481.000000','0.000000',NULL,'144.000000','120.000000',NULL,NULL,NULL,NULL,NULL,NULL,NULL,NULL,NULL,'\0',1,'2012-08-03 22:30:37','2012-08-03 22:31:46',1,'0.000000'),(542,19,NULL,'2012-01-04',22,'481.000000','0.000000',NULL,'144.000000','0.000000',NULL,NULL,NULL,NULL,NULL,NULL,NULL,NULL,NULL,'\0',1,'2012-08-03 22:30:37','2012-08-03 22:30:37',1,'0.000000'),(543,19,NULL,'2012-01-11',23,'481.000000','0.000000',NULL,'144.000000','0.000000',NULL,NULL,NULL,NULL,NULL,NULL,NULL,NULL,NULL,'\0',1,'2012-08-03 22:30:37','2012-08-03 22:30:37',1,'0.000000'),(544,19,NULL,'2012-01-18',24,'481.000000','0.000000',NULL,'144.000000','0.000000',NULL,NULL,NULL,NULL,NULL,NULL,NULL,NULL,NULL,'\0',1,'2012-08-03 22:30:37','2012-08-03 22:30:37',1,'0.000000'),(545,19,NULL,'2012-01-25',25,'481.000000','0.000000',NULL,'144.000000','0.000000',NULL,NULL,NULL,NULL,NULL,NULL,NULL,NULL,NULL,'\0',1,'2012-08-03 22:30:37','2012-08-03 22:30:37',1,'0.000000'),(546,19,NULL,'2012-02-01',26,'481.000000','0.000000',NULL,'144.000000','0.000000',NULL,NULL,NULL,NULL,NULL,NULL,NULL,NULL,NULL,'\0',1,'2012-08-03 22:30:37','2012-08-03 22:30:37',1,'0.000000'),(547,19,NULL,'2012-02-08',27,'481.000000','0.000000',NULL,'144.000000','0.000000',NULL,NULL,NULL,NULL,NULL,NULL,NULL,NULL,NULL,'\0',1,'2012-08-03 22:30:37','2012-08-03 22:30:37',1,'0.000000'),(548,19,NULL,'2012-02-15',28,'481.000000','0.000000',NULL,'144.000000','0.000000',NULL,NULL,NULL,NULL,NULL,NULL,NULL,NULL,NULL,'\0',1,'2012-08-03 22:30:37','2012-08-03 22:30:37',1,'0.000000'),(549,19,NULL,'2012-02-22',29,'481.000000','0.000000',NULL,'144.000000','0.000000',NULL,NULL,NULL,NULL,NULL,NULL,NULL,NULL,NULL,'\0',1,'2012-08-03 22:30:37','2012-08-03 22:30:37',1,'0.000000'),(550,19,NULL,'2012-02-29',30,'481.000000','0.000000',NULL,'144.000000','0.000000',NULL,NULL,NULL,NULL,NULL,NULL,NULL,NULL,NULL,'\0',1,'2012-08-03 22:30:37','2012-08-03 22:30:37',1,'0.000000'),(551,19,NULL,'2012-03-07',31,'481.000000','0.000000',NULL,'144.000000','0.000000',NULL,NULL,NULL,NULL,NULL,NULL,NULL,NULL,NULL,'\0',1,'2012-08-03 22:30:37','2012-08-03 22:30:37',1,'0.000000'),(552,19,NULL,'2012-03-14',32,'481.000000','0.000000',NULL,'144.000000','0.000000',NULL,NULL,NULL,NULL,NULL,NULL,NULL,NULL,NULL,'\0',1,'2012-08-03 22:30:37','2012-08-03 22:30:37',1,'0.000000'),(553,19,NULL,'2012-03-21',33,'481.000000','0.000000',NULL,'144.000000','0.000000',NULL,NULL,NULL,NULL,NULL,NULL,NULL,NULL,NULL,'\0',1,'2012-08-03 22:30:37','2012-08-03 22:30:37',1,'0.000000'),(554,19,NULL,'2012-03-28',34,'481.000000','0.000000',NULL,'144.000000','0.000000',NULL,NULL,NULL,NULL,NULL,NULL,NULL,NULL,NULL,'\0',1,'2012-08-03 22:30:37','2012-08-03 22:30:37',1,'0.000000'),(555,19,NULL,'2012-04-04',35,'481.000000','0.000000',NULL,'144.000000','0.000000',NULL,NULL,NULL,NULL,NULL,NULL,NULL,NULL,NULL,'\0',1,'2012-08-03 22:30:37','2012-08-03 22:30:37',1,'0.000000'),(556,19,NULL,'2012-04-11',36,'481.000000','0.000000',NULL,'144.000000','0.000000',NULL,NULL,NULL,NULL,NULL,NULL,NULL,NULL,NULL,'\0',1,'2012-08-03 22:30:37','2012-08-03 22:30:37',1,'0.000000'),(557,19,NULL,'2012-04-18',37,'481.000000','0.000000',NULL,'144.000000','0.000000',NULL,NULL,NULL,NULL,NULL,NULL,NULL,NULL,NULL,'\0',1,'2012-08-03 22:30:37','2012-08-03 22:30:37',1,'0.000000'),(558,19,NULL,'2012-04-25',38,'481.000000','0.000000',NULL,'144.000000','0.000000',NULL,NULL,NULL,NULL,NULL,NULL,NULL,NULL,NULL,'\0',1,'2012-08-03 22:30:37','2012-08-03 22:30:37',1,'0.000000'),(559,19,NULL,'2012-05-02',39,'481.000000','0.000000',NULL,'144.000000','0.000000',NULL,NULL,NULL,NULL,NULL,NULL,NULL,NULL,NULL,'\0',1,'2012-08-03 22:30:37','2012-08-03 22:30:37',1,'0.000000'),(560,19,NULL,'2012-05-09',40,'481.000000','0.000000',NULL,'144.000000','0.000000',NULL,NULL,NULL,NULL,NULL,NULL,NULL,NULL,NULL,'\0',1,'2012-08-03 22:30:37','2012-08-03 22:30:37',1,'0.000000'),(561,19,NULL,'2012-05-16',41,'481.000000','0.000000',NULL,'144.000000','0.000000',NULL,NULL,NULL,NULL,NULL,NULL,NULL,NULL,NULL,'\0',1,'2012-08-03 22:30:37','2012-08-03 22:30:37',1,'0.000000'),(562,19,NULL,'2012-05-23',42,'481.000000','0.000000',NULL,'144.000000','0.000000',NULL,NULL,NULL,NULL,NULL,NULL,NULL,NULL,NULL,'\0',1,'2012-08-03 22:30:37','2012-08-03 22:30:37',1,'0.000000'),(563,19,NULL,'2012-05-30',43,'481.000000','0.000000',NULL,'144.000000','0.000000',NULL,NULL,NULL,NULL,NULL,NULL,NULL,NULL,NULL,'\0',1,'2012-08-03 22:30:37','2012-08-03 22:30:37',1,'0.000000'),(564,19,NULL,'2012-06-06',44,'481.000000','0.000000',NULL,'144.000000','0.000000',NULL,NULL,NULL,NULL,NULL,NULL,NULL,NULL,NULL,'\0',1,'2012-08-03 22:30:37','2012-08-03 22:30:37',1,'0.000000'),(565,19,NULL,'2012-06-13',45,'481.000000','0.000000',NULL,'144.000000','0.000000',NULL,NULL,NULL,NULL,NULL,NULL,NULL,NULL,NULL,'\0',1,'2012-08-03 22:30:37','2012-08-03 22:30:37',1,'0.000000'),(566,19,NULL,'2012-06-20',46,'481.000000','0.000000',NULL,'144.000000','0.000000',NULL,NULL,NULL,NULL,NULL,NULL,NULL,NULL,NULL,'\0',1,'2012-08-03 22:30:37','2012-08-03 22:30:37',1,'0.000000'),(567,19,NULL,'2012-06-27',47,'481.000000','0.000000',NULL,'144.000000','0.000000',NULL,NULL,NULL,NULL,NULL,NULL,NULL,NULL,NULL,'\0',1,'2012-08-03 22:30:37','2012-08-03 22:30:37',1,'0.000000'),(568,19,NULL,'2012-07-04',48,'481.000000','0.000000',NULL,'144.000000','0.000000',NULL,NULL,NULL,NULL,NULL,NULL,NULL,NULL,NULL,'\0',1,'2012-08-03 22:30:37','2012-08-03 22:30:37',1,'0.000000'),(569,19,NULL,'2012-07-11',49,'481.000000','0.000000',NULL,'144.000000','0.000000',NULL,NULL,NULL,NULL,NULL,NULL,NULL,NULL,NULL,'\0',1,'2012-08-03 22:30:37','2012-08-03 22:30:37',1,'0.000000'),(570,19,NULL,'2012-07-18',50,'481.000000','0.000000',NULL,'144.000000','0.000000',NULL,NULL,NULL,NULL,NULL,NULL,NULL,NULL,NULL,'\0',1,'2012-08-03 22:30:37','2012-08-03 22:30:37',1,'0.000000'),(571,19,NULL,'2012-07-25',51,'481.000000','0.000000',NULL,'144.000000','0.000000',NULL,NULL,NULL,NULL,NULL,NULL,NULL,NULL,NULL,'\0',1,'2012-08-03 22:30:37','2012-08-03 22:30:37',1,'0.000000'),(572,19,NULL,'2012-08-01',52,'481.000000','0.000000',NULL,'144.000000','0.000000',NULL,NULL,NULL,NULL,NULL,NULL,NULL,NULL,NULL,'\0',1,'2012-08-03 22:30:37','2012-08-03 22:30:37',1,'0.000000'),(573,19,NULL,'2012-08-08',53,'481.000000','0.000000',NULL,'144.000000','0.000000',NULL,NULL,NULL,NULL,NULL,NULL,NULL,NULL,NULL,'\0',1,'2012-08-03 22:30:37','2012-08-03 22:30:37',1,'0.000000'),(574,19,NULL,'2012-08-15',54,'481.000000','0.000000',NULL,'144.000000','0.000000',NULL,NULL,NULL,NULL,NULL,NULL,NULL,NULL,NULL,'\0',1,'2012-08-03 22:30:37','2012-08-03 22:30:37',1,'0.000000'),(575,19,NULL,'2012-08-22',55,'481.000000','0.000000',NULL,'144.000000','0.000000',NULL,NULL,NULL,NULL,NULL,NULL,NULL,NULL,NULL,'\0',1,'2012-08-03 22:30:37','2012-08-03 22:30:37',1,'0.000000'),(576,19,NULL,'2012-08-29',56,'481.000000','0.000000',NULL,'144.000000','0.000000',NULL,NULL,NULL,NULL,NULL,NULL,NULL,NULL,NULL,'\0',1,'2012-08-03 22:30:37','2012-08-03 22:30:37',1,'0.000000'),(577,19,NULL,'2012-09-05',57,'481.000000','0.000000',NULL,'144.000000','0.000000',NULL,NULL,NULL,NULL,NULL,NULL,NULL,NULL,NULL,'\0',1,'2012-08-03 22:30:37','2012-08-03 22:30:37',1,'0.000000'),(578,19,NULL,'2012-09-12',58,'481.000000','0.000000',NULL,'144.000000','0.000000',NULL,NULL,NULL,NULL,NULL,NULL,NULL,NULL,NULL,'\0',1,'2012-08-03 22:30:37','2012-08-03 22:30:37',1,'0.000000'),(579,19,NULL,'2012-09-19',59,'481.000000','0.000000',NULL,'144.000000','0.000000',NULL,NULL,NULL,NULL,NULL,NULL,NULL,NULL,NULL,'\0',1,'2012-08-03 22:30:37','2012-08-03 22:30:37',1,'0.000000'),(580,19,NULL,'2012-09-26',60,'481.000000','0.000000',NULL,'144.000000','0.000000',NULL,NULL,NULL,NULL,NULL,NULL,NULL,NULL,NULL,'\0',1,'2012-08-03 22:30:37','2012-08-03 22:30:37',1,'0.000000'),(581,19,NULL,'2012-10-03',61,'481.000000','0.000000',NULL,'144.000000','0.000000',NULL,NULL,NULL,NULL,NULL,NULL,NULL,NULL,NULL,'\0',1,'2012-08-03 22:30:37','2012-08-03 22:30:37',1,'0.000000'),(582,19,NULL,'2012-10-10',62,'481.000000','0.000000',NULL,'144.000000','0.000000',NULL,NULL,NULL,NULL,NULL,NULL,NULL,NULL,NULL,'\0',1,'2012-08-03 22:30:37','2012-08-03 22:30:37',1,'0.000000'),(583,19,NULL,'2012-10-17',63,'481.000000','0.000000',NULL,'144.000000','0.000000',NULL,NULL,NULL,NULL,NULL,NULL,NULL,NULL,NULL,'\0',1,'2012-08-03 22:30:37','2012-08-03 22:30:37',1,'0.000000'),(584,19,NULL,'2012-10-24',64,'481.000000','0.000000',NULL,'144.000000','0.000000',NULL,NULL,NULL,NULL,NULL,NULL,NULL,NULL,NULL,'\0',1,'2012-08-03 22:30:37','2012-08-03 22:30:37',1,'0.000000'),(585,19,NULL,'2012-10-31',65,'481.000000','0.000000',NULL,'144.000000','0.000000',NULL,NULL,NULL,NULL,NULL,NULL,NULL,NULL,NULL,'\0',1,'2012-08-03 22:30:37','2012-08-03 22:30:37',1,'0.000000'),(586,19,NULL,'2012-11-07',66,'481.000000','0.000000',NULL,'144.000000','0.000000',NULL,NULL,NULL,NULL,NULL,NULL,NULL,NULL,NULL,'\0',1,'2012-08-03 22:30:37','2012-08-03 22:30:37',1,'0.000000'),(587,19,NULL,'2012-11-14',67,'481.000000','0.000000',NULL,'144.000000','0.000000',NULL,NULL,NULL,NULL,NULL,NULL,NULL,NULL,NULL,'\0',1,'2012-08-03 22:30:37','2012-08-03 22:30:37',1,'0.000000'),(588,19,NULL,'2012-11-21',68,'481.000000','0.000000',NULL,'144.000000','0.000000',NULL,NULL,NULL,NULL,NULL,NULL,NULL,NULL,NULL,'\0',1,'2012-08-03 22:30:37','2012-08-03 22:30:37',1,'0.000000'),(589,19,NULL,'2012-11-28',69,'481.000000','0.000000',NULL,'144.000000','0.000000',NULL,NULL,NULL,NULL,NULL,NULL,NULL,NULL,NULL,'\0',1,'2012-08-03 22:30:37','2012-08-03 22:30:37',1,'0.000000'),(590,19,NULL,'2012-12-05',70,'481.000000','0.000000',NULL,'144.000000','0.000000',NULL,NULL,NULL,NULL,NULL,NULL,NULL,NULL,NULL,'\0',1,'2012-08-03 22:30:37','2012-08-03 22:30:37',1,'0.000000'),(591,19,NULL,'2012-12-12',71,'481.000000','0.000000',NULL,'144.000000','0.000000',NULL,NULL,NULL,NULL,NULL,NULL,NULL,NULL,NULL,'\0',1,'2012-08-03 22:30:37','2012-08-03 22:30:37',1,'0.000000'),(592,19,NULL,'2012-12-19',72,'481.000000','0.000000',NULL,'144.000000','0.000000',NULL,NULL,NULL,NULL,NULL,NULL,NULL,NULL,NULL,'\0',1,'2012-08-03 22:30:37','2012-08-03 22:30:37',1,'0.000000'),(593,19,NULL,'2012-12-26',73,'481.000000','0.000000',NULL,'144.000000','0.000000',NULL,NULL,NULL,NULL,NULL,NULL,NULL,NULL,NULL,'\0',1,'2012-08-03 22:30:37','2012-08-03 22:30:37',1,'0.000000'),(594,19,NULL,'2013-01-02',74,'481.000000','0.000000',NULL,'144.000000','0.000000',NULL,NULL,NULL,NULL,NULL,NULL,NULL,NULL,NULL,'\0',1,'2012-08-03 22:30:37','2012-08-03 22:30:37',1,'0.000000'),(595,19,NULL,'2013-01-09',75,'481.000000','0.000000',NULL,'144.000000','0.000000',NULL,NULL,NULL,NULL,NULL,NULL,NULL,NULL,NULL,'\0',1,'2012-08-03 22:30:37','2012-08-03 22:30:37',1,'0.000000'),(596,19,NULL,'2013-01-16',76,'481.000000','0.000000',NULL,'144.000000','0.000000',NULL,NULL,NULL,NULL,NULL,NULL,NULL,NULL,NULL,'\0',1,'2012-08-03 22:30:37','2012-08-03 22:30:37',1,'0.000000'),(597,19,NULL,'2013-01-23',77,'481.000000','0.000000',NULL,'144.000000','0.000000',NULL,NULL,NULL,NULL,NULL,NULL,NULL,NULL,NULL,'\0',1,'2012-08-03 22:30:37','2012-08-03 22:30:37',1,'0.000000'),(598,19,NULL,'2013-01-30',78,'481.000000','0.000000',NULL,'144.000000','0.000000',NULL,NULL,NULL,NULL,NULL,NULL,NULL,NULL,NULL,'\0',1,'2012-08-03 22:30:37','2012-08-03 22:30:37',1,'0.000000'),(599,19,NULL,'2013-02-06',79,'481.000000','0.000000',NULL,'144.000000','0.000000',NULL,NULL,NULL,NULL,NULL,NULL,NULL,NULL,NULL,'\0',1,'2012-08-03 22:30:37','2012-08-03 22:30:37',1,'0.000000'),(600,19,NULL,'2013-02-13',80,'481.000000','0.000000',NULL,'144.000000','0.000000',NULL,NULL,NULL,NULL,NULL,NULL,NULL,NULL,NULL,'\0',1,'2012-08-03 22:30:37','2012-08-03 22:30:37',1,'0.000000'),(601,19,NULL,'2013-02-20',81,'481.000000','0.000000',NULL,'144.000000','0.000000',NULL,NULL,NULL,NULL,NULL,NULL,NULL,NULL,NULL,'\0',1,'2012-08-03 22:30:37','2012-08-03 22:30:37',1,'0.000000'),(602,19,NULL,'2013-02-27',82,'481.000000','0.000000',NULL,'144.000000','0.000000',NULL,NULL,NULL,NULL,NULL,NULL,NULL,NULL,NULL,'\0',1,'2012-08-03 22:30:37','2012-08-03 22:30:37',1,'0.000000'),(603,19,NULL,'2013-03-06',83,'481.000000','0.000000',NULL,'144.000000','0.000000',NULL,NULL,NULL,NULL,NULL,NULL,NULL,NULL,NULL,'\0',1,'2012-08-03 22:30:37','2012-08-03 22:30:37',1,'0.000000'),(604,19,NULL,'2013-03-13',84,'481.000000','0.000000',NULL,'144.000000','0.000000',NULL,NULL,NULL,NULL,NULL,NULL,NULL,NULL,NULL,'\0',1,'2012-08-03 22:30:37','2012-08-03 22:30:37',1,'0.000000'),(605,19,NULL,'2013-03-20',85,'481.000000','0.000000',NULL,'144.000000','0.000000',NULL,NULL,NULL,NULL,NULL,NULL,NULL,NULL,NULL,'\0',1,'2012-08-03 22:30:37','2012-08-03 22:30:37',1,'0.000000'),(606,19,NULL,'2013-03-27',86,'481.000000','0.000000',NULL,'144.000000','0.000000',NULL,NULL,NULL,NULL,NULL,NULL,NULL,NULL,NULL,'\0',1,'2012-08-03 22:30:37','2012-08-03 22:30:37',1,'0.000000'),(607,19,NULL,'2013-04-03',87,'481.000000','0.000000',NULL,'144.000000','0.000000',NULL,NULL,NULL,NULL,NULL,NULL,NULL,NULL,NULL,'\0',1,'2012-08-03 22:30:37','2012-08-03 22:30:37',1,'0.000000'),(608,19,NULL,'2013-04-10',88,'481.000000','0.000000',NULL,'144.000000','0.000000',NULL,NULL,NULL,NULL,NULL,NULL,NULL,NULL,NULL,'\0',1,'2012-08-03 22:30:37','2012-08-03 22:30:37',1,'0.000000'),(609,19,NULL,'2013-04-17',89,'481.000000','0.000000',NULL,'144.000000','0.000000',NULL,NULL,NULL,NULL,NULL,NULL,NULL,NULL,NULL,'\0',1,'2012-08-03 22:30:37','2012-08-03 22:30:37',1,'0.000000'),(610,19,NULL,'2013-04-24',90,'481.000000','0.000000',NULL,'144.000000','0.000000',NULL,NULL,NULL,NULL,NULL,NULL,NULL,NULL,NULL,'\0',1,'2012-08-03 22:30:37','2012-08-03 22:30:37',1,'0.000000'),(611,19,NULL,'2013-05-01',91,'481.000000','0.000000',NULL,'144.000000','0.000000',NULL,NULL,NULL,NULL,NULL,NULL,NULL,NULL,NULL,'\0',1,'2012-08-03 22:30:37','2012-08-03 22:30:37',1,'0.000000'),(612,19,NULL,'2013-05-08',92,'481.000000','0.000000',NULL,'144.000000','0.000000',NULL,NULL,NULL,NULL,NULL,NULL,NULL,NULL,NULL,'\0',1,'2012-08-03 22:30:37','2012-08-03 22:30:37',1,'0.000000'),(613,19,NULL,'2013-05-15',93,'481.000000','0.000000',NULL,'144.000000','0.000000',NULL,NULL,NULL,NULL,NULL,NULL,NULL,NULL,NULL,'\0',1,'2012-08-03 22:30:37','2012-08-03 22:30:37',1,'0.000000'),(614,19,NULL,'2013-05-22',94,'481.000000','0.000000',NULL,'144.000000','0.000000',NULL,NULL,NULL,NULL,NULL,NULL,NULL,NULL,NULL,'\0',1,'2012-08-03 22:30:37','2012-08-03 22:30:37',1,'0.000000'),(615,19,NULL,'2013-05-29',95,'481.000000','0.000000',NULL,'144.000000','0.000000',NULL,NULL,NULL,NULL,NULL,NULL,NULL,NULL,NULL,'\0',1,'2012-08-03 22:30:37','2012-08-03 22:30:37',1,'0.000000'),(616,19,NULL,'2013-06-05',96,'481.000000','0.000000',NULL,'144.000000','0.000000',NULL,NULL,NULL,NULL,NULL,NULL,NULL,NULL,NULL,'\0',1,'2012-08-03 22:30:37','2012-08-03 22:30:37',1,'0.000000'),(617,19,NULL,'2013-06-12',97,'481.000000','0.000000',NULL,'144.000000','0.000000',NULL,NULL,NULL,NULL,NULL,NULL,NULL,NULL,NULL,'\0',1,'2012-08-03 22:30:37','2012-08-03 22:30:37',1,'0.000000'),(618,19,NULL,'2013-06-19',98,'481.000000','0.000000',NULL,'144.000000','0.000000',NULL,NULL,NULL,NULL,NULL,NULL,NULL,NULL,NULL,'\0',1,'2012-08-03 22:30:37','2012-08-03 22:30:37',1,'0.000000'),(619,19,NULL,'2013-06-26',99,'481.000000','0.000000',NULL,'144.000000','0.000000',NULL,NULL,NULL,NULL,NULL,NULL,NULL,NULL,NULL,'\0',1,'2012-08-03 22:30:37','2012-08-03 22:30:37',1,'0.000000'),(620,19,NULL,'2013-07-03',100,'481.000000','0.000000',NULL,'144.000000','0.000000',NULL,NULL,NULL,NULL,NULL,NULL,NULL,NULL,NULL,'\0',1,'2012-08-03 22:30:37','2012-08-03 22:30:37',1,'0.000000'),(621,19,NULL,'2013-07-10',101,'481.000000','0.000000',NULL,'144.000000','0.000000',NULL,NULL,NULL,NULL,NULL,NULL,NULL,NULL,NULL,'\0',1,'2012-08-03 22:30:37','2012-08-03 22:30:37',1,'0.000000'),(622,19,NULL,'2013-07-17',102,'481.000000','0.000000',NULL,'144.000000','0.000000',NULL,NULL,NULL,NULL,NULL,NULL,NULL,NULL,NULL,'\0',1,'2012-08-03 22:30:37','2012-08-03 22:30:37',1,'0.000000'),(623,19,NULL,'2013-07-24',103,'481.000000','0.000000',NULL,'144.000000','0.000000',NULL,NULL,NULL,NULL,NULL,NULL,NULL,NULL,NULL,'\0',1,'2012-08-03 22:30:37','2012-08-03 22:30:37',1,'0.000000'),(624,19,NULL,'2013-07-31',104,'457.000000','0.000000',NULL,'144.000000','0.000000',NULL,NULL,NULL,NULL,NULL,NULL,NULL,NULL,NULL,'\0',1,'2012-08-03 22:30:37','2012-08-03 22:30:37',1,'0.000000'),(625,20,NULL,'2012-09-17',1,'1974.000000','0.000000',NULL,'1864.000000','0.000000',NULL,NULL,NULL,NULL,NULL,NULL,NULL,NULL,NULL,'\0',1,'2012-08-17 12:59:57','2012-08-17 12:59:57',1,'0.000000'),(626,20,NULL,'2012-10-17',2,'2011.000000','0.000000',NULL,'1827.000000','0.000000',NULL,NULL,NULL,NULL,NULL,NULL,NULL,NULL,NULL,'\0',1,'2012-08-17 12:59:57','2012-08-17 12:59:57',1,'0.000000'),(627,20,NULL,'2012-11-17',3,'2048.000000','0.000000',NULL,'1790.000000','0.000000',NULL,NULL,NULL,NULL,NULL,NULL,NULL,NULL,NULL,'\0',1,'2012-08-17 12:59:57','2012-08-17 12:59:57',1,'0.000000'),(628,20,NULL,'2012-12-17',4,'2086.000000','0.000000',NULL,'1752.000000','0.000000',NULL,NULL,NULL,NULL,NULL,NULL,NULL,NULL,NULL,'\0',1,'2012-08-17 12:59:57','2012-08-17 12:59:57',1,'0.000000'),(629,20,NULL,'2013-01-17',5,'2125.000000','0.000000',NULL,'1713.000000','0.000000',NULL,NULL,NULL,NULL,NULL,NULL,NULL,NULL,NULL,'\0',1,'2012-08-17 12:59:57','2012-08-17 12:59:57',1,'0.000000'),(630,20,NULL,'2013-02-17',6,'2165.000000','0.000000',NULL,'1673.000000','0.000000',NULL,NULL,NULL,NULL,NULL,NULL,NULL,NULL,NULL,'\0',1,'2012-08-17 12:59:57','2012-08-17 12:59:57',1,'0.000000'),(631,20,NULL,'2013-03-17',7,'2205.000000','0.000000',NULL,'1633.000000','0.000000',NULL,NULL,NULL,NULL,NULL,NULL,NULL,NULL,NULL,'\0',1,'2012-08-17 12:59:57','2012-08-17 12:59:57',1,'0.000000'),(632,20,NULL,'2013-04-17',8,'2246.000000','0.000000',NULL,'1592.000000','0.000000',NULL,NULL,NULL,NULL,NULL,NULL,NULL,NULL,NULL,'\0',1,'2012-08-17 12:59:57','2012-08-17 12:59:57',1,'0.000000'),(633,20,NULL,'2013-05-17',9,'2288.000000','0.000000',NULL,'1550.000000','0.000000',NULL,NULL,NULL,NULL,NULL,NULL,NULL,NULL,NULL,'\0',1,'2012-08-17 12:59:57','2012-08-17 12:59:57',1,'0.000000'),(634,20,NULL,'2013-06-17',10,'2331.000000','0.000000',NULL,'1507.000000','0.000000',NULL,NULL,NULL,NULL,NULL,NULL,NULL,NULL,NULL,'\0',1,'2012-08-17 12:59:57','2012-08-17 12:59:57',1,'0.000000'),(635,20,NULL,'2013-07-17',11,'2374.000000','0.000000',NULL,'1464.000000','0.000000',NULL,NULL,NULL,NULL,NULL,NULL,NULL,NULL,NULL,'\0',1,'2012-08-17 12:59:57','2012-08-17 12:59:57',1,'0.000000'),(636,20,NULL,'2013-08-17',12,'2418.000000','0.000000',NULL,'1420.000000','0.000000',NULL,NULL,NULL,NULL,NULL,NULL,NULL,NULL,NULL,'\0',1,'2012-08-17 12:59:57','2012-08-17 12:59:57',1,'0.000000'),(637,20,NULL,'2013-09-17',13,'2464.000000','0.000000',NULL,'1374.000000','0.000000',NULL,NULL,NULL,NULL,NULL,NULL,NULL,NULL,NULL,'\0',1,'2012-08-17 12:59:57','2012-08-17 12:59:57',1,'0.000000'),(638,20,NULL,'2013-10-17',14,'2510.000000','0.000000',NULL,'1328.000000','0.000000',NULL,NULL,NULL,NULL,NULL,NULL,NULL,NULL,NULL,'\0',1,'2012-08-17 12:59:57','2012-08-17 12:59:57',1,'0.000000'),(639,20,NULL,'2013-11-17',15,'2556.000000','0.000000',NULL,'1282.000000','0.000000',NULL,NULL,NULL,NULL,NULL,NULL,NULL,NULL,NULL,'\0',1,'2012-08-17 12:59:57','2012-08-17 12:59:57',1,'0.000000'),(640,20,NULL,'2013-12-17',16,'2604.000000','0.000000',NULL,'1234.000000','0.000000',NULL,NULL,NULL,NULL,NULL,NULL,NULL,NULL,NULL,'\0',1,'2012-08-17 12:59:57','2012-08-17 12:59:57',1,'0.000000'),(641,20,NULL,'2014-01-17',17,'2652.000000','0.000000',NULL,'1186.000000','0.000000',NULL,NULL,NULL,NULL,NULL,NULL,NULL,NULL,NULL,'\0',1,'2012-08-17 12:59:57','2012-08-17 12:59:57',1,'0.000000'),(642,20,NULL,'2014-02-17',18,'2702.000000','0.000000',NULL,'1136.000000','0.000000',NULL,NULL,NULL,NULL,NULL,NULL,NULL,NULL,NULL,'\0',1,'2012-08-17 12:59:57','2012-08-17 12:59:57',1,'0.000000'),(643,20,NULL,'2014-03-17',19,'2752.000000','0.000000',NULL,'1086.000000','0.000000',NULL,NULL,NULL,NULL,NULL,NULL,NULL,NULL,NULL,'\0',1,'2012-08-17 12:59:57','2012-08-17 12:59:57',1,'0.000000'),(644,20,NULL,'2014-04-17',20,'2804.000000','0.000000',NULL,'1034.000000','0.000000',NULL,NULL,NULL,NULL,NULL,NULL,NULL,NULL,NULL,'\0',1,'2012-08-17 12:59:57','2012-08-17 12:59:57',1,'0.000000'),(645,20,NULL,'2014-05-17',21,'2856.000000','0.000000',NULL,'982.000000','0.000000',NULL,NULL,NULL,NULL,NULL,NULL,NULL,NULL,NULL,'\0',1,'2012-08-17 12:59:57','2012-08-17 12:59:57',1,'0.000000'),(646,20,NULL,'2014-06-17',22,'2909.000000','0.000000',NULL,'929.000000','0.000000',NULL,NULL,NULL,NULL,NULL,NULL,NULL,NULL,NULL,'\0',1,'2012-08-17 12:59:57','2012-08-17 12:59:57',1,'0.000000'),(647,20,NULL,'2014-07-17',23,'2963.000000','0.000000',NULL,'875.000000','0.000000',NULL,NULL,NULL,NULL,NULL,NULL,NULL,NULL,NULL,'\0',1,'2012-08-17 12:59:57','2012-08-17 12:59:57',1,'0.000000'),(648,20,NULL,'2014-08-17',24,'3019.000000','0.000000',NULL,'819.000000','0.000000',NULL,NULL,NULL,NULL,NULL,NULL,NULL,NULL,NULL,'\0',1,'2012-08-17 12:59:57','2012-08-17 12:59:57',1,'0.000000'),(649,20,NULL,'2014-09-17',25,'3075.000000','0.000000',NULL,'763.000000','0.000000',NULL,NULL,NULL,NULL,NULL,NULL,NULL,NULL,NULL,'\0',1,'2012-08-17 12:59:57','2012-08-17 12:59:57',1,'0.000000'),(650,20,NULL,'2014-10-17',26,'3132.000000','0.000000',NULL,'706.000000','0.000000',NULL,NULL,NULL,NULL,NULL,NULL,NULL,NULL,NULL,'\0',1,'2012-08-17 12:59:57','2012-08-17 12:59:57',1,'0.000000'),(651,20,NULL,'2014-11-17',27,'3191.000000','0.000000',NULL,'647.000000','0.000000',NULL,NULL,NULL,NULL,NULL,NULL,NULL,NULL,NULL,'\0',1,'2012-08-17 12:59:57','2012-08-17 12:59:57',1,'0.000000'),(652,20,NULL,'2014-12-17',28,'3250.000000','0.000000',NULL,'588.000000','0.000000',NULL,NULL,NULL,NULL,NULL,NULL,NULL,NULL,NULL,'\0',1,'2012-08-17 12:59:57','2012-08-17 12:59:57',1,'0.000000'),(653,20,NULL,'2015-01-17',29,'3311.000000','0.000000',NULL,'527.000000','0.000000',NULL,NULL,NULL,NULL,NULL,NULL,NULL,NULL,NULL,'\0',1,'2012-08-17 12:59:57','2012-08-17 12:59:57',1,'0.000000'),(654,20,NULL,'2015-02-17',30,'3372.000000','0.000000',NULL,'466.000000','0.000000',NULL,NULL,NULL,NULL,NULL,NULL,NULL,NULL,NULL,'\0',1,'2012-08-17 12:59:57','2012-08-17 12:59:57',1,'0.000000'),(655,20,NULL,'2015-03-17',31,'3435.000000','0.000000',NULL,'403.000000','0.000000',NULL,NULL,NULL,NULL,NULL,NULL,NULL,NULL,NULL,'\0',1,'2012-08-17 12:59:57','2012-08-17 12:59:57',1,'0.000000'),(656,20,NULL,'2015-04-17',32,'3499.000000','0.000000',NULL,'339.000000','0.000000',NULL,NULL,NULL,NULL,NULL,NULL,NULL,NULL,NULL,'\0',1,'2012-08-17 12:59:57','2012-08-17 12:59:57',1,'0.000000'),(657,20,NULL,'2015-05-17',33,'3564.000000','0.000000',NULL,'274.000000','0.000000',NULL,NULL,NULL,NULL,NULL,NULL,NULL,NULL,NULL,'\0',1,'2012-08-17 12:59:57','2012-08-17 12:59:57',1,'0.000000'),(658,20,NULL,'2015-06-17',34,'3631.000000','0.000000',NULL,'207.000000','0.000000',NULL,NULL,NULL,NULL,NULL,NULL,NULL,NULL,NULL,'\0',1,'2012-08-17 12:59:57','2012-08-17 12:59:57',1,'0.000000'),(659,20,NULL,'2015-07-17',35,'3699.000000','0.000000',NULL,'139.000000','0.000000',NULL,NULL,NULL,NULL,NULL,NULL,NULL,NULL,NULL,'\0',1,'2012-08-17 12:59:57','2012-08-17 12:59:57',1,'0.000000'),(660,20,NULL,'2015-08-17',36,'3779.000000','0.000000',NULL,'67.000000','0.000000',NULL,NULL,NULL,NULL,NULL,NULL,NULL,NULL,NULL,'\0',1,'2012-08-17 12:59:57','2012-08-17 12:59:57',1,'0.000000'),(674,23,NULL,'2012-10-30',1,'3500.000000','0.000000',NULL,'700.000000','0.000000',NULL,NULL,NULL,NULL,NULL,NULL,NULL,NULL,NULL,'\0',1,'2012-08-31 16:04:35','2012-08-31 16:04:35',1,'0.000000'),(675,23,NULL,'2012-11-30',2,'3500.000000','0.000000',NULL,'700.000000','0.000000',NULL,NULL,NULL,NULL,NULL,NULL,NULL,NULL,NULL,'\0',1,'2012-08-31 16:04:35','2012-08-31 16:04:35',1,'0.000000'),(676,23,NULL,'2012-12-30',3,'3500.000000','0.000000',NULL,'700.000000','0.000000',NULL,NULL,NULL,NULL,NULL,NULL,NULL,NULL,NULL,'\0',1,'2012-08-31 16:04:35','2012-08-31 16:04:35',1,'0.000000'),(677,23,NULL,'2013-01-30',4,'3500.000000','0.000000',NULL,'700.000000','0.000000',NULL,NULL,NULL,NULL,NULL,NULL,NULL,NULL,NULL,'\0',1,'2012-08-31 16:04:35','2012-08-31 16:04:35',1,'0.000000'),(678,23,NULL,'2013-02-28',5,'3500.000000','0.000000',NULL,'700.000000','0.000000',NULL,NULL,NULL,NULL,NULL,NULL,NULL,NULL,NULL,'\0',1,'2012-08-31 16:04:35','2012-08-31 16:04:35',1,'0.000000'),(679,23,NULL,'2013-03-28',6,'3500.000000','0.000000',NULL,'700.000000','0.000000',NULL,NULL,NULL,NULL,NULL,NULL,NULL,NULL,NULL,'\0',1,'2012-08-31 16:04:35','2012-08-31 16:04:35',1,'0.000000'),(680,23,NULL,'2013-04-28',7,'3500.000000','0.000000',NULL,'700.000000','0.000000',NULL,NULL,NULL,NULL,NULL,NULL,NULL,NULL,NULL,'\0',1,'2012-08-31 16:04:35','2012-08-31 16:04:35',1,'0.000000'),(681,23,NULL,'2013-05-28',8,'3500.000000','0.000000',NULL,'700.000000','0.000000',NULL,NULL,NULL,NULL,NULL,NULL,NULL,NULL,NULL,'\0',1,'2012-08-31 16:04:35','2012-08-31 16:04:35',1,'0.000000'),(682,23,NULL,'2013-06-28',9,'3500.000000','0.000000',NULL,'700.000000','0.000000',NULL,NULL,NULL,NULL,NULL,NULL,NULL,NULL,NULL,'\0',1,'2012-08-31 16:04:35','2012-08-31 16:04:35',1,'0.000000'),(683,23,NULL,'2013-07-28',10,'3500.000000','0.000000',NULL,'700.000000','0.000000',NULL,NULL,NULL,NULL,NULL,NULL,NULL,NULL,NULL,'\0',1,'2012-08-31 16:04:35','2012-08-31 16:04:35',1,'0.000000'),(684,24,NULL,'2012-09-30',1,'833.330000','0.000000',NULL,'75.000000','0.000000',NULL,NULL,NULL,NULL,NULL,NULL,NULL,NULL,NULL,'\0',1,'2012-08-31 16:06:04','2012-08-31 16:06:04',1,'0.000000'),(685,24,NULL,'2012-10-30',2,'833.330000','0.000000',NULL,'75.000000','0.000000',NULL,NULL,NULL,NULL,NULL,NULL,NULL,NULL,NULL,'\0',1,'2012-08-31 16:06:04','2012-08-31 16:06:04',1,'0.000000'),(686,24,NULL,'2012-11-30',3,'833.330000','0.000000',NULL,'75.000000','0.000000',NULL,NULL,NULL,NULL,NULL,NULL,NULL,NULL,NULL,'\0',1,'2012-08-31 16:06:04','2012-08-31 16:06:04',1,'0.000000'),(687,24,NULL,'2012-12-30',4,'833.330000','0.000000',NULL,'75.000000','0.000000',NULL,NULL,NULL,NULL,NULL,NULL,NULL,NULL,NULL,'\0',1,'2012-08-31 16:06:04','2012-08-31 16:06:04',1,'0.000000'),(688,24,NULL,'2013-01-30',5,'833.330000','0.000000',NULL,'75.000000','0.000000',NULL,NULL,NULL,NULL,NULL,NULL,NULL,NULL,NULL,'\0',1,'2012-08-31 16:06:04','2012-08-31 16:06:04',1,'0.000000'),(689,24,NULL,'2013-02-28',6,'833.350000','0.000000',NULL,'75.000000','0.000000',NULL,NULL,NULL,NULL,NULL,NULL,NULL,NULL,NULL,'\0',1,'2012-08-31 16:06:04','2012-08-31 16:06:04',1,'0.000000'),(700,26,NULL,'2013-09-05',1,'100000.000000','0.000000',NULL,'21000.000000','0.000000',NULL,NULL,NULL,NULL,NULL,NULL,NULL,NULL,NULL,'\0',1,'2012-09-05 08:55:45','2012-09-05 08:55:45',1,'0.000000'),(701,27,NULL,'2012-10-12',1,'100000.000000','0.000000',NULL,'100000.000000','0.000000',NULL,NULL,NULL,NULL,NULL,NULL,NULL,NULL,NULL,'\0',1,'2012-09-05 08:58:34','2012-09-05 08:58:34',1,'0.000000'),(702,27,NULL,'2012-11-12',2,'100000.000000','0.000000',NULL,'100000.000000','0.000000',NULL,NULL,NULL,NULL,NULL,NULL,NULL,NULL,NULL,'\0',1,'2012-09-05 08:58:34','2012-09-05 08:58:34',1,'0.000000'),(703,27,NULL,'2012-12-12',3,'100000.000000','0.000000',NULL,'100000.000000','0.000000',NULL,NULL,NULL,NULL,NULL,NULL,NULL,NULL,NULL,'\0',1,'2012-09-05 08:58:34','2012-09-05 08:58:34',1,'0.000000'),(704,27,NULL,'2013-01-12',4,'100000.000000','0.000000',NULL,'100000.000000','0.000000',NULL,NULL,NULL,NULL,NULL,NULL,NULL,NULL,NULL,'\0',1,'2012-09-05 08:58:34','2012-09-05 08:58:34',1,'0.000000'),(705,27,NULL,'2013-02-12',5,'100000.000000','0.000000',NULL,'100000.000000','0.000000',NULL,NULL,NULL,NULL,NULL,NULL,NULL,NULL,NULL,'\0',1,'2012-09-05 08:58:34','2012-09-05 08:58:34',1,'0.000000'),(706,27,NULL,'2013-03-12',6,'100000.000000','0.000000',NULL,'100000.000000','0.000000',NULL,NULL,NULL,NULL,NULL,NULL,NULL,NULL,NULL,'\0',1,'2012-09-05 08:58:34','2012-09-05 08:58:34',1,'0.000000'),(707,27,NULL,'2013-04-12',7,'100000.000000','0.000000',NULL,'100000.000000','0.000000',NULL,NULL,NULL,NULL,NULL,NULL,NULL,NULL,NULL,'\0',1,'2012-09-05 08:58:34','2012-09-05 08:58:34',1,'0.000000'),(708,27,NULL,'2013-05-12',8,'100000.000000','0.000000',NULL,'100000.000000','0.000000',NULL,NULL,NULL,NULL,NULL,NULL,NULL,NULL,NULL,'\0',1,'2012-09-05 08:58:34','2012-09-05 08:58:34',1,'0.000000'),(709,27,NULL,'2013-06-12',9,'100000.000000','0.000000',NULL,'100000.000000','0.000000',NULL,NULL,NULL,NULL,NULL,NULL,NULL,NULL,NULL,'\0',1,'2012-09-05 08:58:34','2012-09-05 08:58:34',1,'0.000000'),(710,27,NULL,'2013-07-12',10,'100000.000000','0.000000',NULL,'100000.000000','0.000000',NULL,NULL,NULL,NULL,NULL,NULL,NULL,NULL,NULL,'\0',1,'2012-09-05 08:58:34','2012-09-05 08:58:34',1,'0.000000'),(711,28,NULL,'2012-10-20',1,'100000.000000','0.000000',NULL,'50000.000000','0.000000',NULL,NULL,NULL,NULL,NULL,NULL,NULL,NULL,NULL,'\0',1,'2012-09-05 09:01:54','2012-09-05 09:01:54',1,'0.000000'),(712,28,NULL,'2012-11-20',2,'100000.000000','0.000000',NULL,'50000.000000','0.000000',NULL,NULL,NULL,NULL,NULL,NULL,NULL,NULL,NULL,'\0',1,'2012-09-05 09:01:54','2012-09-05 09:01:54',1,'0.000000'),(713,28,NULL,'2012-12-20',3,'100000.000000','0.000000',NULL,'50000.000000','0.000000',NULL,NULL,NULL,NULL,NULL,NULL,NULL,NULL,NULL,'\0',1,'2012-09-05 09:01:54','2012-09-05 09:01:54',1,'0.000000'),(714,28,NULL,'2013-01-20',4,'100000.000000','0.000000',NULL,'50000.000000','0.000000',NULL,NULL,NULL,NULL,NULL,NULL,NULL,NULL,NULL,'\0',1,'2012-09-05 09:01:54','2012-09-05 09:01:54',1,'0.000000'),(715,28,NULL,'2013-02-20',5,'100000.000000','0.000000',NULL,'50000.000000','0.000000',NULL,NULL,NULL,NULL,NULL,NULL,NULL,NULL,NULL,'\0',1,'2012-09-05 09:01:54','2012-09-05 09:01:54',1,'0.000000'),(716,29,NULL,'2012-09-21',1,'14.690000','14.690000',NULL,'0.690000','0.690000',NULL,NULL,NULL,NULL,NULL,NULL,NULL,NULL,NULL,'',1,'2012-09-07 18:36:29','2012-09-07 18:53:42',1,'0.000000'),(717,29,NULL,'2012-10-05',2,'14.760000','0.000000',NULL,'0.620000','0.000000',NULL,NULL,NULL,NULL,NULL,NULL,NULL,NULL,NULL,'\0',1,'2012-09-07 18:36:29','2012-09-07 18:36:29',1,'0.000000'),(718,29,NULL,'2012-10-19',3,'14.820000','0.000000',NULL,'0.560000','0.000000',NULL,NULL,NULL,NULL,NULL,NULL,NULL,NULL,NULL,'\0',1,'2012-09-07 18:36:29','2012-09-07 18:36:29',1,'0.000000'),(719,29,NULL,'2012-11-02',4,'14.890000','0.000000',NULL,'0.490000','0.000000',NULL,NULL,NULL,NULL,NULL,NULL,NULL,NULL,NULL,'\0',1,'2012-09-07 18:36:29','2012-09-07 18:36:29',1,'0.000000'),(720,29,NULL,'2012-11-16',5,'14.960000','0.000000',NULL,'0.420000','0.000000',NULL,NULL,NULL,NULL,NULL,NULL,NULL,NULL,NULL,'\0',1,'2012-09-07 18:36:29','2012-09-07 18:36:29',1,'0.000000'),(721,29,NULL,'2012-11-30',6,'15.030000','0.000000',NULL,'0.350000','0.000000',NULL,NULL,NULL,NULL,NULL,NULL,NULL,NULL,NULL,'\0',1,'2012-09-07 18:36:29','2012-09-07 18:36:29',1,'0.000000'),(722,29,NULL,'2012-12-14',7,'15.100000','0.000000',NULL,'0.280000','0.000000',NULL,NULL,NULL,NULL,NULL,NULL,NULL,NULL,NULL,'\0',1,'2012-09-07 18:36:29','2012-09-07 18:36:29',1,'0.000000'),(723,29,NULL,'2012-12-28',8,'15.170000','0.000000',NULL,'0.210000','0.000000',NULL,NULL,NULL,NULL,NULL,NULL,NULL,NULL,NULL,'\0',1,'2012-09-07 18:36:29','2012-09-07 18:36:29',1,'0.000000'),(724,29,NULL,'2013-01-11',9,'15.240000','0.000000',NULL,'0.140000','0.000000',NULL,NULL,NULL,NULL,NULL,NULL,NULL,NULL,NULL,'\0',1,'2012-09-07 18:36:29','2012-09-07 18:36:29',1,'0.000000'),(725,29,NULL,'2013-01-25',10,'15.340000','0.000000',NULL,'0.070000','0.000000',NULL,NULL,NULL,NULL,NULL,NULL,NULL,NULL,NULL,'\0',1,'2012-09-07 18:36:29','2012-09-07 18:36:29',1,'0.000000'),(726,30,NULL,'2012-09-21',1,'3427.920000','0.000000',NULL,'161.540000','0.000000',NULL,NULL,NULL,NULL,NULL,NULL,NULL,NULL,NULL,'\0',1,'2012-09-07 19:33:07','2012-09-07 19:33:07',1,'0.000000'),(727,30,NULL,'2012-10-05',2,'3443.740000','0.000000',NULL,'145.720000','0.000000',NULL,NULL,NULL,NULL,NULL,NULL,NULL,NULL,NULL,'\0',1,'2012-09-07 19:33:07','2012-09-07 19:33:07',1,'0.000000'),(728,30,NULL,'2012-10-19',3,'3459.640000','0.000000',NULL,'129.820000','0.000000',NULL,NULL,NULL,NULL,NULL,NULL,NULL,NULL,NULL,'\0',1,'2012-09-07 19:33:07','2012-09-07 19:33:07',1,'0.000000'),(729,30,NULL,'2012-11-02',4,'3475.600000','0.000000',NULL,'113.860000','0.000000',NULL,NULL,NULL,NULL,NULL,NULL,NULL,NULL,NULL,'\0',1,'2012-09-07 19:33:07','2012-09-07 19:33:07',1,'0.000000'),(730,30,NULL,'2012-11-16',5,'3491.650000','0.000000',NULL,'97.810000','0.000000',NULL,NULL,NULL,NULL,NULL,NULL,NULL,NULL,NULL,'\0',1,'2012-09-07 19:33:07','2012-09-07 19:33:07',1,'0.000000'),(731,30,NULL,'2012-11-30',6,'3507.760000','0.000000',NULL,'81.700000','0.000000',NULL,NULL,NULL,NULL,NULL,NULL,NULL,NULL,NULL,'\0',1,'2012-09-07 19:33:07','2012-09-07 19:33:07',1,'0.000000'),(732,30,NULL,'2012-12-14',7,'3523.950000','0.000000',NULL,'65.510000','0.000000',NULL,NULL,NULL,NULL,NULL,NULL,NULL,NULL,NULL,'\0',1,'2012-09-07 19:33:07','2012-09-07 19:33:07',1,'0.000000'),(733,30,NULL,'2012-12-28',8,'3540.220000','0.000000',NULL,'49.240000','0.000000',NULL,NULL,NULL,NULL,NULL,NULL,NULL,NULL,NULL,'\0',1,'2012-09-07 19:33:07','2012-09-07 19:33:07',1,'0.000000'),(734,30,NULL,'2013-01-11',9,'3556.550000','0.000000',NULL,'32.910000','0.000000',NULL,NULL,NULL,NULL,NULL,NULL,NULL,NULL,NULL,'\0',1,'2012-09-07 19:33:07','2012-09-07 19:33:07',1,'0.000000'),(735,30,NULL,'2013-01-25',10,'3572.970000','0.000000',NULL,'16.490000','0.000000',NULL,NULL,NULL,NULL,NULL,NULL,NULL,NULL,NULL,'\0',1,'2012-09-07 19:33:07','2012-09-07 19:33:07',1,'0.000000'),(746,31,NULL,'2012-09-14',1,'3427.920000','0.000000',NULL,'161.540000','0.000000',NULL,NULL,NULL,NULL,NULL,NULL,NULL,NULL,NULL,'\0',1,'2012-09-07 19:37:50','2012-09-07 19:37:50',1,'0.000000'),(747,31,NULL,'2012-09-28',2,'3443.740000','0.000000',NULL,'145.720000','0.000000',NULL,NULL,NULL,NULL,NULL,NULL,NULL,NULL,NULL,'\0',1,'2012-09-07 19:37:50','2012-09-07 19:37:50',1,'0.000000'),(748,31,NULL,'2012-10-12',3,'3459.640000','0.000000',NULL,'129.820000','0.000000',NULL,NULL,NULL,NULL,NULL,NULL,NULL,NULL,NULL,'\0',1,'2012-09-07 19:37:50','2012-09-07 19:37:50',1,'0.000000'),(749,31,NULL,'2012-10-26',4,'3475.600000','0.000000',NULL,'113.860000','0.000000',NULL,NULL,NULL,NULL,NULL,NULL,NULL,NULL,NULL,'\0',1,'2012-09-07 19:37:50','2012-09-07 19:37:50',1,'0.000000'),(750,31,NULL,'2012-11-09',5,'3491.650000','0.000000',NULL,'97.810000','0.000000',NULL,NULL,NULL,NULL,NULL,NULL,NULL,NULL,NULL,'\0',1,'2012-09-07 19:37:50','2012-09-07 19:37:50',1,'0.000000'),(751,31,NULL,'2012-11-23',6,'3507.760000','0.000000',NULL,'81.700000','0.000000',NULL,NULL,NULL,NULL,NULL,NULL,NULL,NULL,NULL,'\0',1,'2012-09-07 19:37:50','2012-09-07 19:37:50',1,'0.000000'),(752,31,NULL,'2012-12-07',7,'3523.950000','0.000000',NULL,'65.510000','0.000000',NULL,NULL,NULL,NULL,NULL,NULL,NULL,NULL,NULL,'\0',1,'2012-09-07 19:37:50','2012-09-07 19:37:50',1,'0.000000'),(753,31,NULL,'2012-12-21',8,'3540.220000','0.000000',NULL,'49.240000','0.000000',NULL,NULL,NULL,NULL,NULL,NULL,NULL,NULL,NULL,'\0',1,'2012-09-07 19:37:50','2012-09-07 19:37:50',1,'0.000000'),(754,31,NULL,'2013-01-04',9,'3556.550000','0.000000',NULL,'32.910000','0.000000',NULL,NULL,NULL,NULL,NULL,NULL,NULL,NULL,NULL,'\0',1,'2012-09-07 19:37:50','2012-09-07 19:37:50',1,'0.000000'),(755,31,NULL,'2013-01-18',10,'3572.970000','0.000000',NULL,'16.490000','0.000000',NULL,NULL,NULL,NULL,NULL,NULL,NULL,NULL,NULL,'\0',1,'2012-09-07 19:37:50','2012-09-07 19:37:50',1,'0.000000'),(768,33,NULL,'2011-07-01',1,'75614.000000','75614.000000',NULL,'17500.000000','17500.000000',NULL,NULL,NULL,NULL,NULL,NULL,NULL,NULL,NULL,'',1,'2012-09-10 17:05:17','2012-09-10 17:16:39',1,'0.000000'),(769,33,NULL,'2011-08-01',2,'76937.000000','76937.000000',NULL,'16177.000000','16177.000000',NULL,NULL,NULL,NULL,NULL,NULL,NULL,NULL,NULL,'',1,'2012-09-10 17:05:17','2012-09-10 17:16:39',1,'0.000000'),(770,33,NULL,'2011-09-01',3,'78284.000000','78284.000000',NULL,'14830.000000','14830.000000',NULL,NULL,NULL,NULL,NULL,NULL,NULL,NULL,NULL,'',1,'2012-09-10 17:05:17','2012-09-10 17:16:39',1,'0.000000'),(771,33,NULL,'2011-10-01',4,'79654.000000','79654.000000',NULL,'13460.000000','13460.000000',NULL,NULL,NULL,NULL,NULL,NULL,NULL,NULL,NULL,'',1,'2012-09-10 17:05:17','2012-09-10 17:16:39',1,'0.000000'),(772,33,NULL,'2011-11-01',5,'81048.000000','81048.000000',NULL,'12066.000000','12066.000000',NULL,NULL,NULL,NULL,NULL,NULL,NULL,NULL,NULL,'',1,'2012-09-10 17:05:17','2012-09-10 17:16:39',1,'0.000000'),(773,33,NULL,'2011-12-01',6,'82466.000000','82466.000000',NULL,'10648.000000','10648.000000',NULL,NULL,NULL,NULL,NULL,NULL,NULL,NULL,NULL,'',1,'2012-09-10 17:05:17','2012-09-10 17:16:39',1,'0.000000'),(774,33,NULL,'2012-01-01',7,'83909.000000','83909.000000',NULL,'9205.000000','9205.000000',NULL,NULL,NULL,NULL,NULL,NULL,NULL,NULL,NULL,'',1,'2012-09-10 17:05:17','2012-09-10 17:16:39',1,'0.000000'),(775,33,NULL,'2012-02-01',8,'85377.000000','85377.000000',NULL,'7737.000000','7737.000000',NULL,NULL,NULL,NULL,NULL,NULL,NULL,NULL,NULL,'',1,'2012-09-10 17:05:17','2012-09-10 17:16:39',1,'0.000000'),(776,33,NULL,'2012-03-01',9,'86872.000000','86872.000000',NULL,'6242.000000','6242.000000',NULL,NULL,NULL,NULL,NULL,NULL,NULL,NULL,NULL,'',1,'2012-09-10 17:05:17','2012-09-10 17:16:39',1,'0.000000'),(777,33,NULL,'2012-04-01',10,'88392.000000','88392.000000',NULL,'4722.000000','4722.000000',NULL,NULL,NULL,NULL,NULL,NULL,NULL,NULL,NULL,'',1,'2012-09-10 17:05:17','2012-09-10 17:16:39',1,'0.000000'),(778,33,NULL,'2012-05-01',11,'89939.000000','89939.000000',NULL,'3175.000000','3175.000000',NULL,NULL,NULL,NULL,NULL,NULL,NULL,NULL,NULL,'',1,'2012-09-10 17:05:17','2012-09-10 17:16:39',1,'0.000000'),(779,33,NULL,'2012-06-01',12,'91508.000000','91243.000000','265.000000','1603.000000','1603.000000','0.000000',NULL,NULL,NULL,NULL,NULL,NULL,NULL,NULL,'',1,'2012-09-10 17:05:17','2012-10-13 12:54:52',1,'0.000000'),(792,34,NULL,'2012-09-21',1,'200000.000000','0.000000',NULL,'593.000000','0.000000',NULL,NULL,NULL,NULL,NULL,NULL,NULL,NULL,NULL,'\0',1,'2012-09-24 04:48:10','2012-09-24 04:48:10',1,'0.000000'),(795,35,NULL,'2012-10-25',1,'1449275.220000','0.000000',NULL,'999999.900000','0.000000',NULL,NULL,NULL,NULL,NULL,NULL,NULL,NULL,NULL,'\0',12,'2012-09-25 10:16:44','2012-09-25 10:16:44',12,'0.000000'),(796,35,NULL,'2012-11-25',2,'1884057.780000','0.000000',NULL,'565217.330000','0.000000',NULL,NULL,NULL,NULL,NULL,NULL,NULL,NULL,NULL,'\0',12,'2012-09-25 10:16:44','2012-09-25 10:16:44',12,'0.000000'),(797,36,NULL,'2012-10-25',1,'4167.000000','4167.000000',NULL,'625.000000','625.000000',NULL,NULL,NULL,NULL,NULL,NULL,NULL,NULL,NULL,'',12,'2012-09-25 10:22:05','2012-09-25 10:24:56',12,'0.000000'),(798,36,NULL,'2012-11-25',2,'4167.000000','0.000000',NULL,'625.000000','0.000000',NULL,NULL,NULL,NULL,NULL,NULL,NULL,NULL,NULL,'\0',12,'2012-09-25 10:22:05','2012-09-25 10:22:05',12,'0.000000'),(799,36,NULL,'2012-12-25',3,'4167.000000','0.000000',NULL,'625.000000','0.000000',NULL,NULL,NULL,NULL,NULL,NULL,NULL,NULL,NULL,'\0',12,'2012-09-25 10:22:05','2012-09-25 10:22:05',12,'0.000000'),(800,36,NULL,'2013-01-25',4,'4167.000000','0.000000',NULL,'625.000000','0.000000',NULL,NULL,NULL,NULL,NULL,NULL,NULL,NULL,NULL,'\0',12,'2012-09-25 10:22:05','2012-09-25 10:22:05',12,'0.000000'),(801,36,NULL,'2013-02-25',5,'4167.000000','0.000000',NULL,'625.000000','0.000000',NULL,NULL,NULL,NULL,NULL,NULL,NULL,NULL,NULL,'\0',12,'2012-09-25 10:22:05','2012-09-25 10:22:05',12,'0.000000'),(802,36,NULL,'2013-03-25',6,'4167.000000','0.000000',NULL,'625.000000','0.000000',NULL,NULL,NULL,NULL,NULL,NULL,NULL,NULL,NULL,'\0',12,'2012-09-25 10:22:05','2012-09-25 10:22:05',12,'0.000000'),(803,36,NULL,'2013-04-25',7,'4167.000000','0.000000',NULL,'625.000000','0.000000',NULL,NULL,NULL,NULL,NULL,NULL,NULL,NULL,NULL,'\0',12,'2012-09-25 10:22:05','2012-09-25 10:22:05',12,'0.000000'),(804,36,NULL,'2013-05-25',8,'4167.000000','0.000000',NULL,'625.000000','0.000000',NULL,NULL,NULL,NULL,NULL,NULL,NULL,NULL,NULL,'\0',12,'2012-09-25 10:22:05','2012-09-25 10:22:05',12,'0.000000'),(805,36,NULL,'2013-06-25',9,'4167.000000','0.000000',NULL,'625.000000','0.000000',NULL,NULL,NULL,NULL,NULL,NULL,NULL,NULL,NULL,'\0',12,'2012-09-25 10:22:05','2012-09-25 10:22:05',12,'0.000000'),(806,36,NULL,'2013-07-25',10,'4167.000000','0.000000',NULL,'625.000000','0.000000',NULL,NULL,NULL,NULL,NULL,NULL,NULL,NULL,NULL,'\0',12,'2012-09-25 10:22:05','2012-09-25 10:22:05',12,'0.000000'),(807,36,NULL,'2013-08-25',11,'4167.000000','0.000000',NULL,'625.000000','0.000000',NULL,NULL,NULL,NULL,NULL,NULL,NULL,NULL,NULL,'\0',12,'2012-09-25 10:22:05','2012-09-25 10:22:05',12,'0.000000'),(808,36,NULL,'2013-09-25',12,'4163.000000','0.000000',NULL,'625.000000','0.000000',NULL,NULL,NULL,NULL,NULL,NULL,NULL,NULL,NULL,'\0',12,'2012-09-25 10:22:05','2012-09-25 10:22:05',12,'0.000000'),(810,38,NULL,'2012-10-09',1,'3427.920000','0.000000',NULL,'161.540000','0.000000',NULL,NULL,NULL,NULL,NULL,NULL,NULL,NULL,NULL,'\0',12,'2012-09-25 10:39:47','2012-09-25 10:39:47',12,'0.000000'),(811,38,NULL,'2012-10-23',2,'3443.740000','0.000000',NULL,'145.720000','0.000000',NULL,NULL,NULL,NULL,NULL,NULL,NULL,NULL,NULL,'\0',12,'2012-09-25 10:39:47','2012-09-25 10:39:47',12,'0.000000'),(812,38,NULL,'2012-11-06',3,'3459.640000','0.000000',NULL,'129.820000','0.000000',NULL,NULL,NULL,NULL,NULL,NULL,NULL,NULL,NULL,'\0',12,'2012-09-25 10:39:47','2012-09-25 10:39:47',12,'0.000000'),(813,38,NULL,'2012-11-20',4,'3475.600000','0.000000',NULL,'113.860000','0.000000',NULL,NULL,NULL,NULL,NULL,NULL,NULL,NULL,NULL,'\0',12,'2012-09-25 10:39:47','2012-09-25 10:39:47',12,'0.000000'),(814,38,NULL,'2012-12-04',5,'3491.650000','0.000000',NULL,'97.810000','0.000000',NULL,NULL,NULL,NULL,NULL,NULL,NULL,NULL,NULL,'\0',12,'2012-09-25 10:39:47','2012-09-25 10:39:47',12,'0.000000'),(815,38,NULL,'2012-12-18',6,'3507.760000','0.000000',NULL,'81.700000','0.000000',NULL,NULL,NULL,NULL,NULL,NULL,NULL,NULL,NULL,'\0',12,'2012-09-25 10:39:47','2012-09-25 10:39:47',12,'0.000000'),(816,38,NULL,'2013-01-01',7,'3523.950000','0.000000',NULL,'65.510000','0.000000',NULL,NULL,NULL,NULL,NULL,NULL,NULL,NULL,NULL,'\0',12,'2012-09-25 10:39:47','2012-09-25 10:39:47',12,'0.000000'),(817,38,NULL,'2013-01-15',8,'3540.220000','0.000000',NULL,'49.240000','0.000000',NULL,NULL,NULL,NULL,NULL,NULL,NULL,NULL,NULL,'\0',12,'2012-09-25 10:39:47','2012-09-25 10:39:47',12,'0.000000'),(818,38,NULL,'2013-01-29',9,'3556.550000','0.000000',NULL,'32.910000','0.000000',NULL,NULL,NULL,NULL,NULL,NULL,NULL,NULL,NULL,'\0',12,'2012-09-25 10:39:47','2012-09-25 10:39:47',12,'0.000000'),(819,38,NULL,'2013-02-12',10,'3572.970000','0.000000',NULL,'16.490000','0.000000',NULL,NULL,NULL,NULL,NULL,NULL,NULL,NULL,NULL,'\0',12,'2012-09-25 10:39:47','2012-09-25 10:39:47',12,'0.000000'),(820,39,NULL,'2013-09-25',1,'100000.000000','0.000000',NULL,'21000.000000','0.000000',NULL,NULL,NULL,NULL,NULL,NULL,NULL,NULL,NULL,'\0',12,'2012-09-25 10:41:24','2012-09-25 10:41:24',12,'0.000000'),(821,40,NULL,'2013-09-25',1,'100000.000000','0.000000',NULL,'21000.000000','0.000000',NULL,NULL,NULL,NULL,NULL,NULL,NULL,NULL,NULL,'\0',1,'2012-09-25 11:20:50','2012-09-25 11:20:50',1,'0.000000'),(822,41,NULL,'2013-09-25',1,'100000.000000','0.000000',NULL,'21000.000000','0.000000',NULL,NULL,NULL,NULL,NULL,NULL,NULL,NULL,NULL,'\0',1,'2012-09-25 11:33:44','2012-09-25 11:33:44',1,'0.000000'),(836,42,NULL,'2012-11-10',1,'67288.000000','0.000000',NULL,'38083.000000','0.000000',NULL,NULL,NULL,NULL,NULL,NULL,NULL,NULL,NULL,'\0',1,'2012-10-10 20:54:49','2012-10-10 20:54:49',1,'0.000000'),(837,42,NULL,'2012-12-10',2,'69850.000000','0.000000',NULL,'35521.000000','0.000000',NULL,NULL,NULL,NULL,NULL,NULL,NULL,NULL,NULL,'\0',1,'2012-10-10 20:54:49','2012-10-10 20:54:49',1,'0.000000'),(838,42,NULL,'2013-01-10',3,'72510.000000','0.000000',NULL,'32861.000000','0.000000',NULL,NULL,NULL,NULL,NULL,NULL,NULL,NULL,NULL,'\0',1,'2012-10-10 20:54:49','2012-10-10 20:54:49',1,'0.000000'),(839,42,NULL,'2013-02-10',4,'75272.000000','0.000000',NULL,'30099.000000','0.000000',NULL,NULL,NULL,NULL,NULL,NULL,NULL,NULL,NULL,'\0',1,'2012-10-10 20:54:49','2012-10-10 20:54:49',1,'0.000000'),(840,42,NULL,'2013-03-10',5,'78138.000000','0.000000',NULL,'27233.000000','0.000000',NULL,NULL,NULL,NULL,NULL,NULL,NULL,NULL,NULL,'\0',1,'2012-10-10 20:54:49','2012-10-10 20:54:49',1,'0.000000'),(841,42,NULL,'2013-04-10',6,'81114.000000','0.000000',NULL,'24257.000000','0.000000',NULL,NULL,NULL,NULL,NULL,NULL,NULL,NULL,NULL,'\0',1,'2012-10-10 20:54:49','2012-10-10 20:54:49',1,'0.000000'),(842,42,NULL,'2013-05-10',7,'84203.000000','0.000000',NULL,'21168.000000','0.000000',NULL,NULL,NULL,NULL,NULL,NULL,NULL,NULL,NULL,'\0',1,'2012-10-10 20:54:49','2012-10-10 20:54:49',1,'0.000000'),(843,42,NULL,'2013-06-10',8,'87410.000000','0.000000',NULL,'17961.000000','0.000000',NULL,NULL,NULL,NULL,NULL,NULL,NULL,NULL,NULL,'\0',1,'2012-10-10 20:54:49','2012-10-10 20:54:49',1,'0.000000'),(844,42,NULL,'2013-07-10',9,'90739.000000','0.000000',NULL,'14632.000000','0.000000',NULL,NULL,NULL,NULL,NULL,NULL,NULL,NULL,NULL,'\0',1,'2012-10-10 20:54:49','2012-10-10 20:54:49',1,'0.000000'),(845,42,NULL,'2013-08-10',10,'94194.000000','0.000000',NULL,'11177.000000','0.000000',NULL,NULL,NULL,NULL,NULL,NULL,NULL,NULL,NULL,'\0',1,'2012-10-10 20:54:49','2012-10-10 20:54:49',1,'0.000000'),(846,42,NULL,'2013-09-10',11,'97782.000000','0.000000',NULL,'7589.000000','0.000000',NULL,NULL,NULL,NULL,NULL,NULL,NULL,NULL,NULL,'\0',1,'2012-10-10 20:54:49','2012-10-10 20:54:49',1,'0.000000'),(847,42,NULL,'2013-10-10',12,'101500.000000','0.000000',NULL,'3866.000000','0.000000',NULL,NULL,NULL,NULL,NULL,NULL,NULL,NULL,NULL,'\0',1,'2012-10-10 20:54:49','2012-10-10 20:54:49',1,'0.000000'),(848,43,NULL,'2012-11-12',1,'7561.000000','0.000000','0.000000','1750.000000','0.000000','0.000000',NULL,NULL,NULL,NULL,NULL,NULL,NULL,NULL,'\0',1,'2012-10-12 17:24:52','2012-10-12 17:24:52',1,'0.000000'),(849,43,NULL,'2012-12-12',2,'7693.000000','0.000000','0.000000','1618.000000','0.000000','0.000000',NULL,NULL,NULL,NULL,NULL,NULL,NULL,NULL,'\0',1,'2012-10-12 17:24:52','2012-10-12 17:24:52',1,'0.000000'),(850,43,NULL,'2013-01-12',3,'7828.000000','0.000000','0.000000','1483.000000','0.000000','0.000000',NULL,NULL,NULL,NULL,NULL,NULL,NULL,NULL,'\0',1,'2012-10-12 17:24:52','2012-10-12 17:24:52',1,'0.000000'),(851,43,NULL,'2013-02-12',4,'7965.000000','0.000000','0.000000','1346.000000','0.000000','0.000000',NULL,NULL,NULL,NULL,NULL,NULL,NULL,NULL,'\0',1,'2012-10-12 17:24:52','2012-10-12 17:24:52',1,'0.000000'),(852,43,NULL,'2013-03-12',5,'8104.000000','0.000000','0.000000','1207.000000','0.000000','0.000000',NULL,NULL,NULL,NULL,NULL,NULL,NULL,NULL,'\0',1,'2012-10-12 17:24:52','2012-10-12 17:24:52',1,'0.000000'),(853,43,NULL,'2013-04-12',6,'8246.000000','0.000000','0.000000','1065.000000','0.000000','0.000000',NULL,NULL,NULL,NULL,NULL,NULL,NULL,NULL,'\0',1,'2012-10-12 17:24:52','2012-10-12 17:24:52',1,'0.000000'),(854,43,NULL,'2013-05-12',7,'8390.000000','0.000000','0.000000','921.000000','0.000000','0.000000',NULL,NULL,NULL,NULL,NULL,NULL,NULL,NULL,'\0',1,'2012-10-12 17:24:52','2012-10-12 17:24:52',1,'0.000000'),(855,43,NULL,'2013-06-12',8,'8537.000000','0.000000','0.000000','774.000000','0.000000','0.000000',NULL,NULL,NULL,NULL,NULL,NULL,NULL,NULL,'\0',1,'2012-10-12 17:24:52','2012-10-12 17:24:52',1,'0.000000'),(856,43,NULL,'2013-07-12',9,'8687.000000','0.000000','0.000000','624.000000','0.000000','0.000000',NULL,NULL,NULL,NULL,NULL,NULL,NULL,NULL,'\0',1,'2012-10-12 17:24:52','2012-10-12 17:24:52',1,'0.000000'),(857,43,NULL,'2013-08-12',10,'8839.000000','0.000000','0.000000','472.000000','0.000000','0.000000',NULL,NULL,NULL,NULL,NULL,NULL,NULL,NULL,'\0',1,'2012-10-12 17:24:52','2012-10-12 17:24:52',1,'0.000000'),(858,43,NULL,'2013-09-12',11,'8993.000000','0.000000','0.000000','318.000000','0.000000','0.000000',NULL,NULL,NULL,NULL,NULL,NULL,NULL,NULL,'\0',1,'2012-10-12 17:24:52','2012-10-12 17:24:52',1,'0.000000'),(859,43,NULL,'2013-10-12',12,'9157.000000','0.000000','0.000000','159.000000','0.000000','0.000000',NULL,NULL,NULL,NULL,NULL,NULL,NULL,NULL,'\0',1,'2012-10-12 17:24:52','2012-10-12 17:24:52',1,'0.000000'),(872,22,NULL,'2012-09-10',1,'7561.000000','7561.000000','0.000000','1750.000000','1750.000000','0.000000',NULL,NULL,NULL,NULL,NULL,NULL,NULL,NULL,'',1,'2012-10-18 13:29:56','2012-10-18 13:29:56',1,'0.000000'),(873,22,NULL,'2012-10-10',2,'7693.000000','7693.000000','0.000000','1618.000000','1618.000000','0.000000',NULL,NULL,NULL,NULL,NULL,NULL,NULL,NULL,'',1,'2012-10-18 13:29:56','2012-11-02 22:33:24',1,'0.000000'),(874,22,NULL,'2012-11-10',3,'7828.000000','7828.000000','0.000000','1483.000000','0.000000','0.000000',NULL,NULL,NULL,NULL,NULL,NULL,NULL,NULL,'',1,'2012-10-18 13:29:56','2012-11-02 22:33:24',1,'1483.000000'),(875,22,NULL,'2012-12-10',4,'7965.000000','7965.000000','0.000000','1346.000000','0.000000','0.000000',NULL,NULL,NULL,NULL,NULL,NULL,NULL,NULL,'',1,'2012-10-18 13:29:56','2012-11-02 22:33:24',1,'1346.000000'),(876,22,NULL,'2013-01-10',5,'8104.000000','8104.000000','0.000000','1207.000000','0.000000','0.000000',NULL,NULL,NULL,NULL,NULL,NULL,NULL,NULL,'',1,'2012-10-18 13:29:56','2012-11-02 22:33:24',1,'1207.000000'),(877,22,NULL,'2013-02-10',6,'8246.000000','8246.000000','0.000000','1065.000000','0.000000','0.000000',NULL,NULL,NULL,NULL,NULL,NULL,NULL,NULL,'',1,'2012-10-18 13:29:56','2012-11-02 22:33:24',1,'1065.000000'),(878,22,NULL,'2013-03-10',7,'8390.000000','8390.000000','0.000000','921.000000','0.000000','0.000000',NULL,NULL,NULL,NULL,NULL,NULL,NULL,NULL,'',1,'2012-10-18 13:29:56','2012-11-02 22:33:24',1,'921.000000'),(879,22,NULL,'2013-04-10',8,'8537.000000','8537.000000','0.000000','774.000000','0.000000','0.000000',NULL,NULL,NULL,NULL,NULL,NULL,NULL,NULL,'',1,'2012-10-18 13:29:56','2012-11-02 22:33:24',1,'774.000000'),(880,22,NULL,'2013-05-10',9,'8687.000000','8687.000000','0.000000','624.000000','0.000000','0.000000',NULL,NULL,NULL,NULL,NULL,NULL,NULL,NULL,'',1,'2012-10-18 13:29:56','2012-11-02 22:33:24',1,'624.000000'),(881,22,NULL,'2013-06-10',10,'8839.000000','8839.000000','0.000000','472.000000','0.000000','0.000000',NULL,NULL,NULL,NULL,NULL,NULL,NULL,NULL,'',1,'2012-10-18 13:29:56','2012-11-02 22:33:24',1,'472.000000'),(882,22,NULL,'2013-07-10',11,'8993.000000','8993.000000','0.000000','318.000000','0.000000','0.000000',NULL,NULL,NULL,NULL,NULL,NULL,NULL,NULL,'',1,'2012-10-18 13:29:56','2012-11-02 22:33:24',1,'318.000000'),(883,22,NULL,'2013-08-10',12,'9157.000000','9157.000000','0.000000','159.000000','0.000000','0.000000',NULL,NULL,NULL,NULL,NULL,NULL,NULL,NULL,'',1,'2012-10-18 13:29:56','2012-11-02 22:33:24',1,'159.000000'),(884,45,NULL,'2012-11-25',1,'3389.000000','0.000000','0.000000','1750.000000','0.000000','0.000000',NULL,NULL,NULL,NULL,NULL,NULL,NULL,NULL,'\0',1,'2012-10-25 15:17:02','2012-10-25 15:17:02',1,'0.000000'),(885,45,NULL,'2012-12-25',2,'3448.000000','0.000000','0.000000','1691.000000','0.000000','0.000000',NULL,NULL,NULL,NULL,NULL,NULL,NULL,NULL,'\0',1,'2012-10-25 15:17:02','2012-10-25 15:17:02',1,'0.000000'),(886,45,NULL,'2013-01-25',3,'3509.000000','0.000000','0.000000','1630.000000','0.000000','0.000000',NULL,NULL,NULL,NULL,NULL,NULL,NULL,NULL,'\0',1,'2012-10-25 15:17:02','2012-10-25 15:17:02',1,'0.000000'),(887,45,NULL,'2013-02-25',4,'3570.000000','0.000000','0.000000','1569.000000','0.000000','0.000000',NULL,NULL,NULL,NULL,NULL,NULL,NULL,NULL,'\0',1,'2012-10-25 15:17:02','2012-10-25 15:17:02',1,'0.000000'),(888,45,NULL,'2013-03-25',5,'3633.000000','0.000000','0.000000','1506.000000','0.000000','0.000000',NULL,NULL,NULL,NULL,NULL,NULL,NULL,NULL,'\0',1,'2012-10-25 15:17:02','2012-10-25 15:17:02',1,'0.000000'),(889,45,NULL,'2013-04-25',6,'3696.000000','0.000000','0.000000','1443.000000','0.000000','0.000000',NULL,NULL,NULL,NULL,NULL,NULL,NULL,NULL,'\0',1,'2012-10-25 15:17:02','2012-10-25 15:17:02',1,'0.000000'),(890,45,NULL,'2013-05-25',7,'3761.000000','0.000000','0.000000','1378.000000','0.000000','0.000000',NULL,NULL,NULL,NULL,NULL,NULL,NULL,NULL,'\0',1,'2012-10-25 15:17:02','2012-10-25 15:17:02',1,'0.000000'),(891,45,NULL,'2013-06-25',8,'3827.000000','0.000000','0.000000','1312.000000','0.000000','0.000000',NULL,NULL,NULL,NULL,NULL,NULL,NULL,NULL,'\0',1,'2012-10-25 15:17:02','2012-10-25 15:17:02',1,'0.000000'),(892,45,NULL,'2013-07-25',9,'3894.000000','0.000000','0.000000','1245.000000','0.000000','0.000000',NULL,NULL,NULL,NULL,NULL,NULL,NULL,NULL,'\0',1,'2012-10-25 15:17:02','2012-10-25 15:17:02',1,'0.000000'),(893,45,NULL,'2013-08-25',10,'3962.000000','0.000000','0.000000','1177.000000','0.000000','0.000000',NULL,NULL,NULL,NULL,NULL,NULL,NULL,NULL,'\0',1,'2012-10-25 15:17:02','2012-10-25 15:17:02',1,'0.000000'),(894,45,NULL,'2013-09-25',11,'4031.000000','0.000000','0.000000','1108.000000','0.000000','0.000000',NULL,NULL,NULL,NULL,NULL,NULL,NULL,NULL,'\0',1,'2012-10-25 15:17:02','2012-10-25 15:17:02',1,'0.000000'),(895,45,NULL,'2013-10-25',12,'4102.000000','0.000000','0.000000','1037.000000','0.000000','0.000000',NULL,NULL,NULL,NULL,NULL,NULL,NULL,NULL,'\0',1,'2012-10-25 15:17:02','2012-10-25 15:17:02',1,'0.000000'),(896,45,NULL,'2013-11-25',13,'4173.000000','0.000000','0.000000','966.000000','0.000000','0.000000',NULL,NULL,NULL,NULL,NULL,NULL,NULL,NULL,'\0',1,'2012-10-25 15:17:02','2012-10-25 15:17:02',1,'0.000000'),(897,45,NULL,'2013-12-25',14,'4246.000000','0.000000','0.000000','893.000000','0.000000','0.000000',NULL,NULL,NULL,NULL,NULL,NULL,NULL,NULL,'\0',1,'2012-10-25 15:17:02','2012-10-25 15:17:02',1,'0.000000'),(898,45,NULL,'2014-01-25',15,'4321.000000','0.000000','0.000000','818.000000','0.000000','0.000000',NULL,NULL,NULL,NULL,NULL,NULL,NULL,NULL,'\0',1,'2012-10-25 15:17:02','2012-10-25 15:17:02',1,'0.000000'),(899,45,NULL,'2014-02-25',16,'4396.000000','0.000000','0.000000','743.000000','0.000000','0.000000',NULL,NULL,NULL,NULL,NULL,NULL,NULL,NULL,'\0',1,'2012-10-25 15:17:02','2012-10-25 15:17:02',1,'0.000000'),(900,45,NULL,'2014-03-25',17,'4473.000000','0.000000','0.000000','666.000000','0.000000','0.000000',NULL,NULL,NULL,NULL,NULL,NULL,NULL,NULL,'\0',1,'2012-10-25 15:17:02','2012-10-25 15:17:02',1,'0.000000'),(901,45,NULL,'2014-04-25',18,'4552.000000','0.000000','0.000000','587.000000','0.000000','0.000000',NULL,NULL,NULL,NULL,NULL,NULL,NULL,NULL,'\0',1,'2012-10-25 15:17:02','2012-10-25 15:17:02',1,'0.000000'),(902,45,NULL,'2014-05-25',19,'4631.000000','0.000000','0.000000','508.000000','0.000000','0.000000',NULL,NULL,NULL,NULL,NULL,NULL,NULL,NULL,'\0',1,'2012-10-25 15:17:02','2012-10-25 15:17:02',1,'0.000000'),(903,45,NULL,'2014-06-25',20,'4712.000000','0.000000','0.000000','427.000000','0.000000','0.000000',NULL,NULL,NULL,NULL,NULL,NULL,NULL,NULL,'\0',1,'2012-10-25 15:17:02','2012-10-25 15:17:02',1,'0.000000'),(904,45,NULL,'2014-07-25',21,'4795.000000','0.000000','0.000000','344.000000','0.000000','0.000000',NULL,NULL,NULL,NULL,NULL,NULL,NULL,NULL,'\0',1,'2012-10-25 15:17:02','2012-10-25 15:17:02',1,'0.000000'),(905,45,NULL,'2014-08-25',22,'4879.000000','0.000000','0.000000','260.000000','0.000000','0.000000',NULL,NULL,NULL,NULL,NULL,NULL,NULL,NULL,'\0',1,'2012-10-25 15:17:02','2012-10-25 15:17:02',1,'0.000000'),(906,45,NULL,'2014-09-25',23,'4964.000000','0.000000','0.000000','175.000000','0.000000','0.000000',NULL,NULL,NULL,NULL,NULL,NULL,NULL,NULL,'\0',1,'2012-10-25 15:17:02','2012-10-25 15:17:02',1,'0.000000'),(907,45,NULL,'2014-10-25',24,'5036.000000','0.000000','0.000000','93.000000','0.000000','0.000000',NULL,NULL,NULL,NULL,NULL,NULL,NULL,NULL,'\0',1,'2012-10-25 15:17:02','2012-10-25 15:17:02',1,'0.000000'),(908,46,NULL,'2012-11-29',1,'7561.000000','7561.000000','0.000000','1750.000000','1750.000000','0.000000',NULL,NULL,NULL,NULL,NULL,NULL,NULL,NULL,'',1,'2012-10-29 10:12:06','2012-11-03 00:31:39',1,'0.000000'),(909,46,NULL,'2012-12-29',2,'7693.000000','7693.000000','0.000000','1618.000000','1618.000000','0.000000',NULL,NULL,NULL,NULL,NULL,NULL,NULL,NULL,'',1,'2012-10-29 10:12:06','2012-12-31 21:01:18',1,'0.000000'),(910,46,NULL,'2013-01-29',3,'7828.000000',NULL,'0.000000','1483.000000',NULL,'0.000000',NULL,NULL,NULL,NULL,NULL,NULL,NULL,NULL,'\0',1,'2012-10-29 10:12:06','2012-12-31 21:01:18',1,'0.000000'),(911,46,NULL,'2013-02-28',4,'7965.000000',NULL,'0.000000','1346.000000',NULL,'0.000000',NULL,NULL,NULL,NULL,NULL,NULL,NULL,NULL,'\0',1,'2012-10-29 10:12:06','2012-12-31 21:01:18',1,'0.000000'),(912,46,NULL,'2013-03-28',5,'8104.000000',NULL,'0.000000','1207.000000',NULL,'0.000000',NULL,NULL,NULL,NULL,NULL,NULL,NULL,NULL,'\0',1,'2012-10-29 10:12:06','2012-12-31 21:01:18',1,'0.000000'),(913,46,NULL,'2013-04-28',6,'8246.000000',NULL,'0.000000','1065.000000',NULL,'0.000000',NULL,NULL,NULL,NULL,NULL,NULL,NULL,NULL,'\0',1,'2012-10-29 10:12:06','2012-12-31 21:01:18',1,'0.000000'),(914,46,NULL,'2013-05-28',7,'8390.000000',NULL,'0.000000','921.000000',NULL,'0.000000',NULL,NULL,NULL,NULL,NULL,NULL,NULL,NULL,'\0',1,'2012-10-29 10:12:06','2012-12-31 21:01:18',1,'0.000000'),(915,46,NULL,'2013-06-28',8,'8537.000000',NULL,'0.000000','774.000000',NULL,'0.000000',NULL,NULL,NULL,NULL,NULL,NULL,NULL,NULL,'\0',1,'2012-10-29 10:12:06','2012-12-31 21:01:18',1,'0.000000'),(916,46,NULL,'2013-07-28',9,'8687.000000',NULL,'0.000000','624.000000',NULL,'0.000000',NULL,NULL,NULL,NULL,NULL,NULL,NULL,NULL,'\0',1,'2012-10-29 10:12:06','2012-12-31 21:01:18',1,'0.000000'),(917,46,NULL,'2013-08-28',10,'8839.000000',NULL,'0.000000','472.000000',NULL,'0.000000',NULL,NULL,NULL,NULL,NULL,NULL,NULL,NULL,'\0',1,'2012-10-29 10:12:06','2012-12-31 21:01:18',1,'0.000000'),(918,46,NULL,'2013-09-28',11,'8993.000000',NULL,'0.000000','318.000000',NULL,'0.000000',NULL,NULL,NULL,NULL,NULL,NULL,NULL,NULL,'\0',1,'2012-10-29 10:12:06','2012-12-31 21:01:18',1,'0.000000'),(919,46,NULL,'2013-10-28',12,'9157.000000',NULL,'0.000000','159.000000',NULL,'0.000000',NULL,NULL,NULL,NULL,NULL,NULL,NULL,NULL,'\0',1,'2012-10-29 10:12:06','2012-12-31 21:01:18',1,'0.000000'),(932,44,NULL,'2012-06-25',1,'8333.000000','8333.000000',NULL,'2000.000000','2000.000000',NULL,NULL,NULL,NULL,NULL,NULL,NULL,NULL,NULL,'',1,'2012-11-02 22:41:29','2012-11-02 22:42:40',1,NULL),(933,44,NULL,'2012-07-25',2,'8333.000000','8333.000000',NULL,'2000.000000','2000.000000',NULL,NULL,NULL,NULL,NULL,NULL,NULL,NULL,NULL,'',1,'2012-11-02 22:41:29','2012-11-02 22:43:12',1,NULL),(934,44,NULL,'2012-08-25',3,'8333.000000','8333.000000',NULL,'2000.000000','2000.000000',NULL,NULL,NULL,NULL,NULL,NULL,NULL,NULL,NULL,'',1,'2012-11-02 22:41:29','2012-11-02 22:43:12',1,NULL),(935,44,NULL,'2012-09-25',4,'8333.000000','8333.000000',NULL,'2000.000000','2000.000000',NULL,NULL,NULL,NULL,NULL,NULL,NULL,NULL,NULL,'',1,'2012-11-02 22:41:29','2012-11-02 22:43:12',1,NULL),(936,44,NULL,'2012-10-25',5,'8333.000000','8333.000000',NULL,'2000.000000','2000.000000',NULL,NULL,NULL,NULL,NULL,NULL,NULL,NULL,NULL,'',1,'2012-11-02 22:41:29','2012-11-02 22:43:12',1,NULL),(937,44,NULL,'2012-11-25',6,'8333.000000','8333.000000',NULL,'2000.000000','2000.000000',NULL,NULL,NULL,NULL,NULL,NULL,NULL,NULL,NULL,'',1,'2012-11-02 22:41:29','2012-11-02 22:43:12',1,NULL),(938,44,NULL,'2012-12-25',7,'8333.000000','8333.000000',NULL,'2000.000000','2000.000000',NULL,NULL,NULL,NULL,NULL,NULL,NULL,NULL,NULL,'',1,'2012-11-02 22:41:29','2012-11-02 22:43:12',1,NULL),(939,44,NULL,'2013-01-25',8,'8333.000000','8333.000000',NULL,'2000.000000','2000.000000',NULL,NULL,NULL,NULL,NULL,NULL,NULL,NULL,NULL,'',1,'2012-11-02 22:41:29','2012-11-02 22:43:12',1,NULL),(940,44,NULL,'2013-02-25',9,'8333.000000','8333.000000',NULL,'2000.000000','2000.000000',NULL,NULL,NULL,NULL,NULL,NULL,NULL,NULL,NULL,'',1,'2012-11-02 22:41:29','2012-11-02 22:43:12',1,NULL),(941,44,NULL,'2013-03-25',10,'8333.000000','8333.000000',NULL,'2000.000000','2000.000000',NULL,NULL,NULL,NULL,NULL,NULL,NULL,NULL,NULL,'',1,'2012-11-02 22:41:29','2012-11-02 22:43:12',1,NULL),(942,44,NULL,'2013-04-25',11,'8333.000000','8333.000000',NULL,'2000.000000','2000.000000',NULL,NULL,NULL,NULL,NULL,NULL,NULL,NULL,NULL,'',1,'2012-11-02 22:41:29','2012-11-02 22:43:12',1,NULL),(943,44,NULL,'2013-05-25',12,'8337.000000','8337.000000',NULL,'2000.000000','2000.000000',NULL,NULL,NULL,NULL,NULL,NULL,NULL,NULL,NULL,'',1,'2012-11-02 22:41:29','2012-11-02 22:43:12',1,NULL),(944,47,NULL,'2012-12-15',1,'43.250000',NULL,NULL,'15.000000',NULL,NULL,NULL,NULL,NULL,NULL,NULL,NULL,NULL,NULL,'\0',1,'2012-11-15 05:30:38','2012-11-15 05:30:38',1,NULL),(945,47,NULL,'2013-01-15',2,'43.900000',NULL,NULL,'14.350000',NULL,NULL,NULL,NULL,NULL,NULL,NULL,NULL,NULL,NULL,'\0',1,'2012-11-15 05:30:38','2012-11-15 05:30:38',1,NULL),(946,47,NULL,'2013-02-15',3,'44.560000',NULL,NULL,'13.690000',NULL,NULL,NULL,NULL,NULL,NULL,NULL,NULL,NULL,NULL,'\0',1,'2012-11-15 05:30:38','2012-11-15 05:30:38',1,NULL),(947,47,NULL,'2013-03-15',4,'45.230000',NULL,NULL,'13.020000',NULL,NULL,NULL,NULL,NULL,NULL,NULL,NULL,NULL,NULL,'\0',1,'2012-11-15 05:30:39','2012-11-15 05:30:39',1,NULL),(948,47,NULL,'2013-04-15',5,'45.900000',NULL,NULL,'12.350000',NULL,NULL,NULL,NULL,NULL,NULL,NULL,NULL,NULL,NULL,'\0',1,'2012-11-15 05:30:39','2012-11-15 05:30:39',1,NULL),(949,47,NULL,'2013-05-15',6,'46.590000',NULL,NULL,'11.660000',NULL,NULL,NULL,NULL,NULL,NULL,NULL,NULL,NULL,NULL,'\0',1,'2012-11-15 05:30:39','2012-11-15 05:30:39',1,NULL),(950,47,NULL,'2013-06-15',7,'47.290000',NULL,NULL,'10.960000',NULL,NULL,NULL,NULL,NULL,NULL,NULL,NULL,NULL,NULL,'\0',1,'2012-11-15 05:30:39','2012-11-15 05:30:39',1,NULL),(951,47,NULL,'2013-07-15',8,'48.000000',NULL,NULL,'10.250000',NULL,NULL,NULL,NULL,NULL,NULL,NULL,NULL,NULL,NULL,'\0',1,'2012-11-15 05:30:39','2012-11-15 05:30:39',1,NULL),(952,47,NULL,'2013-08-15',9,'48.720000',NULL,NULL,'9.530000',NULL,NULL,NULL,NULL,NULL,NULL,NULL,NULL,NULL,NULL,'\0',1,'2012-11-15 05:30:39','2012-11-15 05:30:39',1,NULL),(953,47,NULL,'2013-09-15',10,'49.450000',NULL,NULL,'8.800000',NULL,NULL,NULL,NULL,NULL,NULL,NULL,NULL,NULL,NULL,'\0',1,'2012-11-15 05:30:39','2012-11-15 05:30:39',1,NULL),(954,47,NULL,'2013-10-15',11,'50.190000',NULL,NULL,'8.060000',NULL,NULL,NULL,NULL,NULL,NULL,NULL,NULL,NULL,NULL,'\0',1,'2012-11-15 05:30:39','2012-11-15 05:30:39',1,NULL),(955,47,NULL,'2013-11-15',12,'50.950000',NULL,NULL,'7.300000',NULL,NULL,NULL,NULL,NULL,NULL,NULL,NULL,NULL,NULL,'\0',1,'2012-11-15 05:30:39','2012-11-15 05:30:39',1,NULL),(956,47,NULL,'2013-12-15',13,'51.710000',NULL,NULL,'6.540000',NULL,NULL,NULL,NULL,NULL,NULL,NULL,NULL,NULL,NULL,'\0',1,'2012-11-15 05:30:39','2012-11-15 05:30:39',1,NULL),(957,47,NULL,'2014-01-15',14,'52.490000',NULL,NULL,'5.760000',NULL,NULL,NULL,NULL,NULL,NULL,NULL,NULL,NULL,NULL,'\0',1,'2012-11-15 05:30:39','2012-11-15 05:30:39',1,NULL),(958,47,NULL,'2014-02-15',15,'53.270000',NULL,NULL,'4.980000',NULL,NULL,NULL,NULL,NULL,NULL,NULL,NULL,NULL,NULL,'\0',1,'2012-11-15 05:30:39','2012-11-15 05:30:39',1,NULL),(959,47,NULL,'2014-03-15',16,'54.070000',NULL,NULL,'4.180000',NULL,NULL,NULL,NULL,NULL,NULL,NULL,NULL,NULL,NULL,'\0',1,'2012-11-15 05:30:39','2012-11-15 05:30:39',1,NULL),(960,47,NULL,'2014-04-15',17,'54.880000',NULL,NULL,'3.370000',NULL,NULL,NULL,NULL,NULL,NULL,NULL,NULL,NULL,NULL,'\0',1,'2012-11-15 05:30:39','2012-11-15 05:30:39',1,NULL),(961,47,NULL,'2014-05-15',18,'55.710000',NULL,NULL,'2.540000',NULL,NULL,NULL,NULL,NULL,NULL,NULL,NULL,NULL,NULL,'\0',1,'2012-11-15 05:30:39','2012-11-15 05:30:39',1,NULL),(962,47,NULL,'2014-06-15',19,'56.540000',NULL,NULL,'1.710000',NULL,NULL,NULL,NULL,NULL,NULL,NULL,NULL,NULL,NULL,'\0',1,'2012-11-15 05:30:39','2012-11-15 05:30:39',1,NULL),(963,47,NULL,'2014-07-15',20,'57.300000',NULL,NULL,'0.860000',NULL,NULL,NULL,NULL,NULL,NULL,NULL,NULL,NULL,NULL,'\0',1,'2012-11-15 05:30:39','2012-11-15 05:30:39',1,NULL),(965,49,NULL,'2013-12-06',1,'100000.000000',NULL,NULL,'21000.000000',NULL,NULL,NULL,NULL,NULL,NULL,NULL,NULL,NULL,NULL,'\0',1,'2012-12-06 16:55:01','2012-12-06 16:55:01',1,NULL),(966,50,NULL,'2013-12-07',1,'100000.000000',NULL,NULL,'21000.000000',NULL,NULL,NULL,NULL,NULL,NULL,NULL,NULL,NULL,NULL,'\0',1,'2012-12-07 10:32:48','2012-12-07 10:32:48',1,NULL),(967,51,NULL,'2012-01-07',1,'7561.000000',NULL,NULL,'1750.000000',NULL,NULL,NULL,NULL,NULL,NULL,NULL,NULL,NULL,NULL,'\0',1,'2012-12-07 10:34:03','2012-12-07 10:34:03',1,NULL),(968,51,NULL,'2012-02-07',2,'7693.000000',NULL,NULL,'1618.000000',NULL,NULL,'50.000000',NULL,NULL,NULL,NULL,NULL,NULL,NULL,'\0',1,'2012-12-07 10:34:03','2012-12-07 10:35:15',1,NULL),(969,51,NULL,'2012-03-07',3,'7828.000000',NULL,NULL,'1483.000000',NULL,NULL,NULL,NULL,NULL,NULL,NULL,NULL,NULL,NULL,'\0',1,'2012-12-07 10:34:03','2012-12-07 10:34:03',1,NULL),(970,51,NULL,'2012-04-07',4,'7965.000000',NULL,NULL,'1346.000000',NULL,NULL,NULL,NULL,NULL,NULL,NULL,NULL,NULL,NULL,'\0',1,'2012-12-07 10:34:03','2012-12-07 10:34:03',1,NULL),(971,51,NULL,'2012-05-07',5,'8104.000000',NULL,NULL,'1207.000000',NULL,NULL,NULL,NULL,NULL,NULL,NULL,NULL,NULL,NULL,'\0',1,'2012-12-07 10:34:03','2012-12-07 10:34:03',1,NULL),(972,51,NULL,'2012-06-07',6,'8246.000000',NULL,NULL,'1065.000000',NULL,NULL,NULL,NULL,NULL,NULL,NULL,NULL,NULL,NULL,'\0',1,'2012-12-07 10:34:03','2012-12-07 10:34:03',1,NULL),(973,51,NULL,'2012-07-07',7,'8390.000000',NULL,NULL,'921.000000',NULL,NULL,NULL,NULL,NULL,NULL,NULL,NULL,NULL,NULL,'\0',1,'2012-12-07 10:34:03','2012-12-07 10:34:03',1,NULL),(974,51,NULL,'2012-08-07',8,'8537.000000',NULL,NULL,'774.000000',NULL,NULL,NULL,NULL,NULL,NULL,NULL,NULL,NULL,NULL,'\0',1,'2012-12-07 10:34:03','2012-12-07 10:34:03',1,NULL),(975,51,NULL,'2012-09-07',9,'8687.000000',NULL,NULL,'624.000000',NULL,NULL,NULL,NULL,NULL,NULL,NULL,NULL,NULL,NULL,'\0',1,'2012-12-07 10:34:03','2012-12-07 10:34:03',1,NULL),(976,51,NULL,'2012-10-07',10,'8839.000000',NULL,NULL,'472.000000',NULL,NULL,NULL,NULL,NULL,NULL,NULL,NULL,NULL,NULL,'\0',1,'2012-12-07 10:34:03','2012-12-07 10:34:03',1,NULL),(977,51,NULL,'2012-11-07',11,'8993.000000',NULL,NULL,'318.000000',NULL,NULL,NULL,NULL,NULL,NULL,NULL,NULL,NULL,NULL,'\0',1,'2012-12-07 10:34:03','2012-12-07 10:34:03',1,NULL),(978,51,NULL,'2012-12-07',12,'9157.000000',NULL,NULL,'159.000000',NULL,NULL,NULL,NULL,NULL,NULL,NULL,NULL,NULL,NULL,'\0',1,'2012-12-07 10:34:03','2012-12-07 10:34:03',1,NULL),(979,52,NULL,'2013-01-12',1,'753.460000','753.460000','0.000000','166.670000','0.000000','0.000000',NULL,NULL,NULL,NULL,NULL,NULL,NULL,NULL,'',1,'2012-12-12 07:38:34','2012-12-12 07:51:42',1,'166.670000'),(980,52,NULL,'2013-02-12',2,'754.720000','84.060000','0.000000','165.410000','82.610000','0.000000',NULL,NULL,NULL,NULL,NULL,NULL,NULL,NULL,'\0',1,'2012-12-12 07:38:34','2012-12-12 07:51:42',1,'82.800000'),(981,52,NULL,'2013-03-12',3,'755.980000','0.000000','0.000000','164.150000','0.000000','0.000000',NULL,NULL,NULL,NULL,NULL,NULL,NULL,NULL,'\0',1,'2012-12-12 07:38:34','2012-12-12 07:47:17',1,'0.000000'),(982,52,NULL,'2013-04-12',4,'757.240000','0.000000','0.000000','162.890000','0.000000','0.000000',NULL,NULL,NULL,NULL,NULL,NULL,NULL,NULL,'\0',1,'2012-12-12 07:38:34','2012-12-12 07:47:17',1,'0.000000'),(983,52,NULL,'2013-05-12',5,'758.500000','0.000000','0.000000','161.630000','0.000000','0.000000',NULL,NULL,NULL,NULL,NULL,NULL,NULL,NULL,'\0',1,'2012-12-12 07:38:34','2012-12-12 07:45:13',1,'0.000000'),(984,52,NULL,'2013-06-12',6,'759.760000','0.000000','0.000000','160.370000','0.000000','0.000000',NULL,NULL,NULL,NULL,NULL,NULL,NULL,NULL,'\0',1,'2012-12-12 07:38:34','2012-12-12 07:45:13',1,'0.000000'),(985,52,NULL,'2013-07-12',7,'761.030000','0.000000','0.000000','159.100000','0.000000','0.000000',NULL,NULL,NULL,NULL,NULL,NULL,NULL,NULL,'\0',1,'2012-12-12 07:38:34','2012-12-12 07:45:13',1,'0.000000'),(986,52,NULL,'2013-08-12',8,'762.300000','0.000000','0.000000','157.830000','0.000000','0.000000',NULL,NULL,NULL,NULL,NULL,NULL,NULL,NULL,'\0',1,'2012-12-12 07:38:34','2012-12-12 07:45:13',1,'0.000000'),(987,52,NULL,'2013-09-12',9,'763.570000','0.000000','0.000000','156.560000','0.000000','0.000000',NULL,NULL,NULL,NULL,NULL,NULL,NULL,NULL,'\0',1,'2012-12-12 07:38:34','2012-12-12 07:45:13',1,'0.000000'),(988,52,NULL,'2013-10-12',10,'764.840000','0.000000','0.000000','155.290000','0.000000','0.000000',NULL,NULL,NULL,NULL,NULL,NULL,NULL,NULL,'\0',1,'2012-12-12 07:38:34','2012-12-12 07:45:13',1,'0.000000'),(989,52,NULL,'2013-11-12',11,'766.120000','0.000000','0.000000','154.010000','0.000000','0.000000',NULL,NULL,NULL,NULL,NULL,NULL,NULL,NULL,'\0',1,'2012-12-12 07:38:34','2012-12-12 07:45:13',1,'0.000000'),(990,52,NULL,'2013-12-12',12,'767.390000','0.000000','0.000000','152.740000','0.000000','0.000000',NULL,NULL,NULL,NULL,NULL,NULL,NULL,NULL,'\0',1,'2012-12-12 07:38:34','2012-12-12 07:45:13',1,'0.000000'),(991,52,NULL,'2014-01-12',13,'768.670000','0.000000','0.000000','151.460000','0.000000','0.000000',NULL,NULL,NULL,NULL,NULL,NULL,NULL,NULL,'\0',1,'2012-12-12 07:38:34','2012-12-12 07:45:13',1,'0.000000'),(992,52,NULL,'2014-02-12',14,'769.950000','0.000000','0.000000','150.180000','0.000000','0.000000',NULL,NULL,NULL,NULL,NULL,NULL,NULL,NULL,'\0',1,'2012-12-12 07:38:34','2012-12-12 07:45:13',1,'0.000000'),(993,52,NULL,'2014-03-12',15,'771.240000','0.000000','0.000000','148.890000','0.000000','0.000000',NULL,NULL,NULL,NULL,NULL,NULL,NULL,NULL,'\0',1,'2012-12-12 07:38:34','2012-12-12 07:45:13',1,'0.000000'),(994,52,NULL,'2014-04-12',16,'772.520000','0.000000','0.000000','147.610000','0.000000','0.000000',NULL,NULL,NULL,NULL,NULL,NULL,NULL,NULL,'\0',1,'2012-12-12 07:38:34','2012-12-12 07:45:13',1,'0.000000'),(995,52,NULL,'2014-05-12',17,'773.810000','0.000000','0.000000','146.320000','0.000000','0.000000',NULL,NULL,NULL,NULL,NULL,NULL,NULL,NULL,'\0',1,'2012-12-12 07:38:34','2012-12-12 07:45:13',1,'0.000000'),(996,52,NULL,'2014-06-12',18,'775.100000','0.000000','0.000000','145.030000','0.000000','0.000000',NULL,NULL,NULL,NULL,NULL,NULL,NULL,NULL,'\0',1,'2012-12-12 07:38:34','2012-12-12 07:45:13',1,'0.000000'),(997,52,NULL,'2014-07-12',19,'776.390000','0.000000','0.000000','143.740000','0.000000','0.000000',NULL,NULL,NULL,NULL,NULL,NULL,NULL,NULL,'\0',1,'2012-12-12 07:38:34','2012-12-12 07:45:13',1,'0.000000'),(998,52,NULL,'2014-08-12',20,'777.680000','0.000000','0.000000','142.450000','0.000000','0.000000',NULL,NULL,NULL,NULL,NULL,NULL,NULL,NULL,'\0',1,'2012-12-12 07:38:34','2012-12-12 07:45:13',1,'0.000000'),(999,52,NULL,'2014-09-12',21,'778.980000','0.000000','0.000000','141.150000','0.000000','0.000000',NULL,NULL,NULL,NULL,NULL,NULL,NULL,NULL,'\0',1,'2012-12-12 07:38:34','2012-12-12 07:45:13',1,'0.000000'),(1000,52,NULL,'2014-10-12',22,'780.280000','0.000000','0.000000','139.850000','0.000000','0.000000',NULL,NULL,NULL,NULL,NULL,NULL,NULL,NULL,'\0',1,'2012-12-12 07:38:34','2012-12-12 07:45:13',1,'0.000000'),(1001,52,NULL,'2014-11-12',23,'781.580000','0.000000','0.000000','138.550000','0.000000','0.000000',NULL,NULL,NULL,NULL,NULL,NULL,NULL,NULL,'\0',1,'2012-12-12 07:38:34','2012-12-12 07:45:13',1,'0.000000'),(1002,52,NULL,'2014-12-12',24,'782.880000','0.000000','0.000000','137.250000','0.000000','0.000000',NULL,NULL,NULL,NULL,NULL,NULL,NULL,NULL,'\0',1,'2012-12-12 07:38:34','2012-12-12 07:45:13',1,'0.000000'),(1003,52,NULL,'2015-01-12',25,'784.190000','0.000000','0.000000','135.940000','0.000000','0.000000',NULL,NULL,NULL,NULL,NULL,NULL,NULL,NULL,'\0',1,'2012-12-12 07:38:34','2012-12-12 07:45:13',1,'0.000000'),(1004,52,NULL,'2015-02-12',26,'785.490000','0.000000','0.000000','134.640000','0.000000','0.000000',NULL,NULL,NULL,NULL,NULL,NULL,NULL,NULL,'\0',1,'2012-12-12 07:38:34','2012-12-12 07:45:13',1,'0.000000'),(1005,52,NULL,'2015-03-12',27,'786.800000','0.000000','0.000000','133.330000','0.000000','0.000000',NULL,NULL,NULL,NULL,NULL,NULL,NULL,NULL,'\0',1,'2012-12-12 07:38:34','2012-12-12 07:45:13',1,'0.000000'),(1006,52,NULL,'2015-04-12',28,'788.110000','0.000000','0.000000','132.020000','0.000000','0.000000',NULL,NULL,NULL,NULL,NULL,NULL,NULL,NULL,'\0',1,'2012-12-12 07:38:34','2012-12-12 07:45:13',1,'0.000000'),(1007,52,NULL,'2015-05-12',29,'789.430000','0.000000','0.000000','130.700000','0.000000','0.000000',NULL,NULL,NULL,NULL,NULL,NULL,NULL,NULL,'\0',1,'2012-12-12 07:38:34','2012-12-12 07:45:13',1,'0.000000'),(1008,52,NULL,'2015-06-12',30,'790.740000','0.000000','0.000000','129.390000','0.000000','0.000000',NULL,NULL,NULL,NULL,NULL,NULL,NULL,NULL,'\0',1,'2012-12-12 07:38:34','2012-12-12 07:45:13',1,'0.000000'),(1009,52,NULL,'2015-07-12',31,'792.060000','0.000000','0.000000','128.070000','0.000000','0.000000',NULL,NULL,NULL,NULL,NULL,NULL,NULL,NULL,'\0',1,'2012-12-12 07:38:34','2012-12-12 07:45:13',1,'0.000000'),(1010,52,NULL,'2015-08-12',32,'793.380000','0.000000','0.000000','126.750000','0.000000','0.000000',NULL,NULL,NULL,NULL,NULL,NULL,NULL,NULL,'\0',1,'2012-12-12 07:38:34','2012-12-12 07:45:13',1,'0.000000'),(1011,52,NULL,'2015-09-12',33,'794.700000','0.000000','0.000000','125.430000','0.000000','0.000000',NULL,NULL,NULL,NULL,NULL,NULL,NULL,NULL,'\0',1,'2012-12-12 07:38:34','2012-12-12 07:45:13',1,'0.000000'),(1012,52,NULL,'2015-10-12',34,'796.030000','0.000000','0.000000','124.100000','0.000000','0.000000',NULL,NULL,NULL,NULL,NULL,NULL,NULL,NULL,'\0',1,'2012-12-12 07:38:34','2012-12-12 07:45:13',1,'0.000000'),(1013,52,NULL,'2015-11-12',35,'797.350000','0.000000','0.000000','122.780000','0.000000','0.000000',NULL,NULL,NULL,NULL,NULL,NULL,NULL,NULL,'\0',1,'2012-12-12 07:38:34','2012-12-12 07:45:13',1,'0.000000'),(1014,52,NULL,'2015-12-12',36,'798.680000','0.000000','0.000000','121.450000','0.000000','0.000000',NULL,NULL,NULL,NULL,NULL,NULL,NULL,NULL,'\0',1,'2012-12-12 07:38:34','2012-12-12 07:45:13',1,'0.000000'),(1015,52,NULL,'2016-01-12',37,'800.010000','0.000000','0.000000','120.120000','0.000000','0.000000',NULL,NULL,NULL,NULL,NULL,NULL,NULL,NULL,'\0',1,'2012-12-12 07:38:34','2012-12-12 07:45:13',1,'0.000000'),(1016,52,NULL,'2016-02-12',38,'801.350000','0.000000','0.000000','118.780000','0.000000','0.000000',NULL,NULL,NULL,NULL,NULL,NULL,NULL,NULL,'\0',1,'2012-12-12 07:38:34','2012-12-12 07:45:13',1,'0.000000'),(1017,52,NULL,'2016-03-12',39,'802.680000','0.000000','0.000000','117.450000','0.000000','0.000000',NULL,NULL,NULL,NULL,NULL,NULL,NULL,NULL,'\0',1,'2012-12-12 07:38:34','2012-12-12 07:45:13',1,'0.000000'),(1018,52,NULL,'2016-04-12',40,'804.020000','0.000000','0.000000','116.110000','0.000000','0.000000',NULL,NULL,NULL,NULL,NULL,NULL,NULL,NULL,'\0',1,'2012-12-12 07:38:34','2012-12-12 07:45:13',1,'0.000000'),(1019,52,NULL,'2016-05-12',41,'805.360000','0.000000','0.000000','114.770000','0.000000','0.000000',NULL,NULL,NULL,NULL,NULL,NULL,NULL,NULL,'\0',1,'2012-12-12 07:38:34','2012-12-12 07:45:13',1,'0.000000'),(1020,52,NULL,'2016-06-12',42,'806.700000','0.000000','0.000000','113.430000','0.000000','0.000000',NULL,NULL,NULL,NULL,NULL,NULL,NULL,NULL,'\0',1,'2012-12-12 07:38:34','2012-12-12 07:45:13',1,'0.000000'),(1021,52,NULL,'2016-07-12',43,'808.050000','0.000000','0.000000','112.080000','0.000000','0.000000',NULL,NULL,NULL,NULL,NULL,NULL,NULL,NULL,'\0',1,'2012-12-12 07:38:34','2012-12-12 07:45:13',1,'0.000000'),(1022,52,NULL,'2016-08-12',44,'809.400000','0.000000','0.000000','110.730000','0.000000','0.000000',NULL,NULL,NULL,NULL,NULL,NULL,NULL,NULL,'\0',1,'2012-12-12 07:38:34','2012-12-12 07:45:13',1,'0.000000'),(1023,52,NULL,'2016-09-12',45,'810.740000','0.000000','0.000000','109.390000','0.000000','0.000000',NULL,NULL,NULL,NULL,NULL,NULL,NULL,NULL,'\0',1,'2012-12-12 07:38:34','2012-12-12 07:45:13',1,'0.000000'),(1024,52,NULL,'2016-10-12',46,'812.100000','0.000000','0.000000','108.030000','0.000000','0.000000',NULL,NULL,NULL,NULL,NULL,NULL,NULL,NULL,'\0',1,'2012-12-12 07:38:34','2012-12-12 07:45:13',1,'0.000000'),(1025,52,NULL,'2016-11-12',47,'813.450000','0.000000','0.000000','106.680000','0.000000','0.000000',NULL,NULL,NULL,NULL,NULL,NULL,NULL,NULL,'\0',1,'2012-12-12 07:38:34','2012-12-12 07:45:13',1,'0.000000'),(1026,52,NULL,'2016-12-12',48,'814.800000','0.000000','0.000000','105.330000','0.000000','0.000000',NULL,NULL,NULL,NULL,NULL,NULL,NULL,NULL,'\0',1,'2012-12-12 07:38:34','2012-12-12 07:45:13',1,'0.000000'),(1027,52,NULL,'2017-01-12',49,'816.160000','0.000000','0.000000','103.970000','0.000000','0.000000',NULL,NULL,NULL,NULL,NULL,NULL,NULL,NULL,'\0',1,'2012-12-12 07:38:34','2012-12-12 07:45:13',1,'0.000000'),(1028,52,NULL,'2017-02-12',50,'817.520000','0.000000','0.000000','102.610000','0.000000','0.000000',NULL,NULL,NULL,NULL,NULL,NULL,NULL,NULL,'\0',1,'2012-12-12 07:38:34','2012-12-12 07:45:13',1,'0.000000'),(1029,52,NULL,'2017-03-12',51,'818.890000','0.000000','0.000000','101.240000','0.000000','0.000000',NULL,NULL,NULL,NULL,NULL,NULL,NULL,NULL,'\0',1,'2012-12-12 07:38:34','2012-12-12 07:45:13',1,'0.000000'),(1030,52,NULL,'2017-04-12',52,'820.250000','0.000000','0.000000','99.880000','0.000000','0.000000',NULL,NULL,NULL,NULL,NULL,NULL,NULL,NULL,'\0',1,'2012-12-12 07:38:34','2012-12-12 07:45:13',1,'0.000000'),(1031,52,NULL,'2017-05-12',53,'821.620000','0.000000','0.000000','98.510000','0.000000','0.000000',NULL,NULL,NULL,NULL,NULL,NULL,NULL,NULL,'\0',1,'2012-12-12 07:38:34','2012-12-12 07:45:13',1,'0.000000'),(1032,52,NULL,'2017-06-12',54,'822.990000','0.000000','0.000000','97.140000','0.000000','0.000000',NULL,NULL,NULL,NULL,NULL,NULL,NULL,NULL,'\0',1,'2012-12-12 07:38:34','2012-12-12 07:45:13',1,'0.000000'),(1033,52,NULL,'2017-07-12',55,'824.360000','0.000000','0.000000','95.770000','0.000000','0.000000',NULL,NULL,NULL,NULL,NULL,NULL,NULL,NULL,'\0',1,'2012-12-12 07:38:34','2012-12-12 07:45:13',1,'0.000000'),(1034,52,NULL,'2017-08-12',56,'825.730000','0.000000','0.000000','94.400000','0.000000','0.000000',NULL,NULL,NULL,NULL,NULL,NULL,NULL,NULL,'\0',1,'2012-12-12 07:38:34','2012-12-12 07:45:13',1,'0.000000'),(1035,52,NULL,'2017-09-12',57,'827.110000','0.000000','0.000000','93.020000','0.000000','0.000000',NULL,NULL,NULL,NULL,NULL,NULL,NULL,NULL,'\0',1,'2012-12-12 07:38:34','2012-12-12 07:45:13',1,'0.000000'),(1036,52,NULL,'2017-10-12',58,'828.490000','0.000000','0.000000','91.640000','0.000000','0.000000',NULL,NULL,NULL,NULL,NULL,NULL,NULL,NULL,'\0',1,'2012-12-12 07:38:34','2012-12-12 07:45:13',1,'0.000000'),(1037,52,NULL,'2017-11-12',59,'829.870000','0.000000','0.000000','90.260000','0.000000','0.000000',NULL,NULL,NULL,NULL,NULL,NULL,NULL,NULL,'\0',1,'2012-12-12 07:38:34','2012-12-12 07:45:13',1,'0.000000'),(1038,52,NULL,'2017-12-12',60,'831.250000','0.000000','0.000000','88.880000','0.000000','0.000000',NULL,NULL,NULL,NULL,NULL,NULL,NULL,NULL,'\0',1,'2012-12-12 07:38:34','2012-12-12 07:45:13',1,'0.000000'),(1039,52,NULL,'2018-01-12',61,'832.640000','0.000000','0.000000','87.490000','0.000000','0.000000',NULL,NULL,NULL,NULL,NULL,NULL,NULL,NULL,'\0',1,'2012-12-12 07:38:34','2012-12-12 07:45:13',1,'0.000000'),(1040,52,NULL,'2018-02-12',62,'834.020000','0.000000','0.000000','86.110000','0.000000','0.000000',NULL,NULL,NULL,NULL,NULL,NULL,NULL,NULL,'\0',1,'2012-12-12 07:38:34','2012-12-12 07:45:13',1,'0.000000'),(1041,52,NULL,'2018-03-12',63,'835.410000','0.000000','0.000000','84.720000','0.000000','0.000000',NULL,NULL,NULL,NULL,NULL,NULL,NULL,NULL,'\0',1,'2012-12-12 07:38:34','2012-12-12 07:45:13',1,'0.000000'),(1042,52,NULL,'2018-04-12',64,'836.810000','0.000000','0.000000','83.320000','0.000000','0.000000',NULL,NULL,NULL,NULL,NULL,NULL,NULL,NULL,'\0',1,'2012-12-12 07:38:34','2012-12-12 07:45:13',1,'0.000000'),(1043,52,NULL,'2018-05-12',65,'838.200000','0.000000','0.000000','81.930000','0.000000','0.000000',NULL,NULL,NULL,NULL,NULL,NULL,NULL,NULL,'\0',1,'2012-12-12 07:38:34','2012-12-12 07:45:13',1,'0.000000'),(1044,52,NULL,'2018-06-12',66,'839.600000','0.000000','0.000000','80.530000','0.000000','0.000000',NULL,NULL,NULL,NULL,NULL,NULL,NULL,NULL,'\0',1,'2012-12-12 07:38:34','2012-12-12 07:45:13',1,'0.000000'),(1045,52,NULL,'2018-07-12',67,'841.000000','0.000000','0.000000','79.130000','0.000000','0.000000',NULL,NULL,NULL,NULL,NULL,NULL,NULL,NULL,'\0',1,'2012-12-12 07:38:34','2012-12-12 07:45:13',1,'0.000000'),(1046,52,NULL,'2018-08-12',68,'842.400000','0.000000','0.000000','77.730000','0.000000','0.000000',NULL,NULL,NULL,NULL,NULL,NULL,NULL,NULL,'\0',1,'2012-12-12 07:38:34','2012-12-12 07:45:13',1,'0.000000'),(1047,52,NULL,'2018-09-12',69,'843.800000','0.000000','0.000000','76.330000','0.000000','0.000000',NULL,NULL,NULL,NULL,NULL,NULL,NULL,NULL,'\0',1,'2012-12-12 07:38:34','2012-12-12 07:45:13',1,'0.000000'),(1048,52,NULL,'2018-10-12',70,'845.210000','0.000000','0.000000','74.920000','0.000000','0.000000',NULL,NULL,NULL,NULL,NULL,NULL,NULL,NULL,'\0',1,'2012-12-12 07:38:34','2012-12-12 07:45:13',1,'0.000000'),(1049,52,NULL,'2018-11-12',71,'846.620000','0.000000','0.000000','73.510000','0.000000','0.000000',NULL,NULL,NULL,NULL,NULL,NULL,NULL,NULL,'\0',1,'2012-12-12 07:38:34','2012-12-12 07:45:13',1,'0.000000'),(1050,52,NULL,'2018-12-12',72,'848.030000','0.000000','0.000000','72.100000','0.000000','0.000000',NULL,NULL,NULL,NULL,NULL,NULL,NULL,NULL,'\0',1,'2012-12-12 07:38:34','2012-12-12 07:45:13',1,'0.000000'),(1051,52,NULL,'2019-01-12',73,'849.440000','0.000000','0.000000','70.690000','0.000000','0.000000',NULL,NULL,NULL,NULL,NULL,NULL,NULL,NULL,'\0',1,'2012-12-12 07:38:34','2012-12-12 07:45:13',1,'0.000000'),(1052,52,NULL,'2019-02-12',74,'850.860000','0.000000','0.000000','69.270000','0.000000','0.000000',NULL,NULL,NULL,NULL,NULL,NULL,NULL,NULL,'\0',1,'2012-12-12 07:38:34','2012-12-12 07:45:13',1,'0.000000'),(1053,52,NULL,'2019-03-12',75,'852.280000','0.000000','0.000000','67.850000','0.000000','0.000000',NULL,NULL,NULL,NULL,NULL,NULL,NULL,NULL,'\0',1,'2012-12-12 07:38:34','2012-12-12 07:45:13',1,'0.000000'),(1054,52,NULL,'2019-04-12',76,'853.700000','0.000000','0.000000','66.430000','0.000000','0.000000',NULL,NULL,NULL,NULL,NULL,NULL,NULL,NULL,'\0',1,'2012-12-12 07:38:34','2012-12-12 07:45:13',1,'0.000000'),(1055,52,NULL,'2019-05-12',77,'855.120000','0.000000','0.000000','65.010000','0.000000','0.000000',NULL,NULL,NULL,NULL,NULL,NULL,NULL,NULL,'\0',1,'2012-12-12 07:38:34','2012-12-12 07:45:13',1,'0.000000'),(1056,52,NULL,'2019-06-12',78,'856.540000','0.000000','0.000000','63.590000','0.000000','0.000000',NULL,NULL,NULL,NULL,NULL,NULL,NULL,NULL,'\0',1,'2012-12-12 07:38:34','2012-12-12 07:45:13',1,'0.000000'),(1057,52,NULL,'2019-07-12',79,'857.970000','0.000000','0.000000','62.160000','0.000000','0.000000',NULL,NULL,NULL,NULL,NULL,NULL,NULL,NULL,'\0',1,'2012-12-12 07:38:34','2012-12-12 07:45:13',1,'0.000000'),(1058,52,NULL,'2019-08-12',80,'859.400000','0.000000','0.000000','60.730000','0.000000','0.000000',NULL,NULL,NULL,NULL,NULL,NULL,NULL,NULL,'\0',1,'2012-12-12 07:38:34','2012-12-12 07:45:13',1,'0.000000'),(1059,52,NULL,'2019-09-12',81,'860.830000','0.000000','0.000000','59.300000','0.000000','0.000000',NULL,NULL,NULL,NULL,NULL,NULL,NULL,NULL,'\0',1,'2012-12-12 07:38:34','2012-12-12 07:45:13',1,'0.000000'),(1060,52,NULL,'2019-10-12',82,'862.270000','0.000000','0.000000','57.860000','0.000000','0.000000',NULL,NULL,NULL,NULL,NULL,NULL,NULL,NULL,'\0',1,'2012-12-12 07:38:34','2012-12-12 07:45:13',1,'0.000000'),(1061,52,NULL,'2019-11-12',83,'863.710000','0.000000','0.000000','56.420000','0.000000','0.000000',NULL,NULL,NULL,NULL,NULL,NULL,NULL,NULL,'\0',1,'2012-12-12 07:38:34','2012-12-12 07:45:13',1,'0.000000'),(1062,52,NULL,'2019-12-12',84,'865.150000','0.000000','0.000000','54.980000','0.000000','0.000000',NULL,NULL,NULL,NULL,NULL,NULL,NULL,NULL,'\0',1,'2012-12-12 07:38:34','2012-12-12 07:45:13',1,'0.000000'),(1063,52,NULL,'2020-01-12',85,'866.590000','0.000000','0.000000','53.540000','0.000000','0.000000',NULL,NULL,NULL,NULL,NULL,NULL,NULL,NULL,'\0',1,'2012-12-12 07:38:34','2012-12-12 07:45:13',1,'0.000000'),(1064,52,NULL,'2020-02-12',86,'868.030000','0.000000','0.000000','52.100000','0.000000','0.000000',NULL,NULL,NULL,NULL,NULL,NULL,NULL,NULL,'\0',1,'2012-12-12 07:38:34','2012-12-12 07:45:13',1,'0.000000'),(1065,52,NULL,'2020-03-12',87,'869.480000','0.000000','0.000000','50.650000','0.000000','0.000000',NULL,NULL,NULL,NULL,NULL,NULL,NULL,NULL,'\0',1,'2012-12-12 07:38:34','2012-12-12 07:45:13',1,'0.000000'),(1066,52,NULL,'2020-04-12',88,'870.930000','0.000000','0.000000','49.200000','0.000000','0.000000',NULL,NULL,NULL,NULL,NULL,NULL,NULL,NULL,'\0',1,'2012-12-12 07:38:34','2012-12-12 07:45:13',1,'0.000000'),(1067,52,NULL,'2020-05-12',89,'872.380000','0.000000','0.000000','47.750000','0.000000','0.000000',NULL,NULL,NULL,NULL,NULL,NULL,NULL,NULL,'\0',1,'2012-12-12 07:38:34','2012-12-12 07:45:13',1,'0.000000'),(1068,52,NULL,'2020-06-12',90,'873.830000','0.000000','0.000000','46.300000','0.000000','0.000000',NULL,NULL,NULL,NULL,NULL,NULL,NULL,NULL,'\0',1,'2012-12-12 07:38:34','2012-12-12 07:45:13',1,'0.000000'),(1069,52,NULL,'2020-07-12',91,'875.290000','0.000000','0.000000','44.840000','0.000000','0.000000',NULL,NULL,NULL,NULL,NULL,NULL,NULL,NULL,'\0',1,'2012-12-12 07:38:34','2012-12-12 07:45:13',1,'0.000000'),(1070,52,NULL,'2020-08-12',92,'876.750000','0.000000','0.000000','43.380000','0.000000','0.000000',NULL,NULL,NULL,NULL,NULL,NULL,NULL,NULL,'\0',1,'2012-12-12 07:38:34','2012-12-12 07:45:13',1,'0.000000'),(1071,52,NULL,'2020-09-12',93,'878.210000','0.000000','0.000000','41.920000','0.000000','0.000000',NULL,NULL,NULL,NULL,NULL,NULL,NULL,NULL,'\0',1,'2012-12-12 07:38:34','2012-12-12 07:45:13',1,'0.000000'),(1072,52,NULL,'2020-10-12',94,'879.670000','0.000000','0.000000','40.460000','0.000000','0.000000',NULL,NULL,NULL,NULL,NULL,NULL,NULL,NULL,'\0',1,'2012-12-12 07:38:34','2012-12-12 07:45:13',1,'0.000000'),(1073,52,NULL,'2020-11-12',95,'881.140000','0.000000','0.000000','38.990000','0.000000','0.000000',NULL,NULL,NULL,NULL,NULL,NULL,NULL,NULL,'\0',1,'2012-12-12 07:38:34','2012-12-12 07:45:13',1,'0.000000'),(1074,52,NULL,'2020-12-12',96,'882.610000','0.000000','0.000000','37.520000','0.000000','0.000000',NULL,NULL,NULL,NULL,NULL,NULL,NULL,NULL,'\0',1,'2012-12-12 07:38:34','2012-12-12 07:45:13',1,'0.000000'),(1075,52,NULL,'2021-01-12',97,'884.080000','0.000000','0.000000','36.050000','0.000000','0.000000',NULL,NULL,NULL,NULL,NULL,NULL,NULL,NULL,'\0',1,'2012-12-12 07:38:34','2012-12-12 07:45:13',1,'0.000000'),(1076,52,NULL,'2021-02-12',98,'885.550000','0.000000','0.000000','34.580000','0.000000','0.000000',NULL,NULL,NULL,NULL,NULL,NULL,NULL,NULL,'\0',1,'2012-12-12 07:38:34','2012-12-12 07:45:13',1,'0.000000'),(1077,52,NULL,'2021-03-12',99,'887.030000','0.000000','0.000000','33.100000','0.000000','0.000000',NULL,NULL,NULL,NULL,NULL,NULL,NULL,NULL,'\0',1,'2012-12-12 07:38:34','2012-12-12 07:45:13',1,'0.000000'),(1078,52,NULL,'2021-04-12',100,'888.510000','0.000000','0.000000','31.620000','0.000000','0.000000',NULL,NULL,NULL,NULL,NULL,NULL,NULL,NULL,'\0',1,'2012-12-12 07:38:34','2012-12-12 07:45:13',1,'0.000000'),(1079,52,NULL,'2021-05-12',101,'889.990000','0.000000','0.000000','30.140000','0.000000','0.000000',NULL,NULL,NULL,NULL,NULL,NULL,NULL,NULL,'\0',1,'2012-12-12 07:38:34','2012-12-12 07:45:13',1,'0.000000'),(1080,52,NULL,'2021-06-12',102,'891.470000','0.000000','0.000000','28.660000','0.000000','0.000000',NULL,NULL,NULL,NULL,NULL,NULL,NULL,NULL,'\0',1,'2012-12-12 07:38:34','2012-12-12 07:45:13',1,'0.000000'),(1081,52,NULL,'2021-07-12',103,'892.960000','0.000000','0.000000','27.170000','0.000000','0.000000',NULL,NULL,NULL,NULL,NULL,NULL,NULL,NULL,'\0',1,'2012-12-12 07:38:34','2012-12-12 07:45:13',1,'0.000000'),(1082,52,NULL,'2021-08-12',104,'894.450000','0.000000','0.000000','25.680000','0.000000','0.000000',NULL,NULL,NULL,NULL,NULL,NULL,NULL,NULL,'\0',1,'2012-12-12 07:38:34','2012-12-12 07:45:13',1,'0.000000'),(1083,52,NULL,'2021-09-12',105,'895.940000','0.000000','0.000000','24.190000','0.000000','0.000000',NULL,NULL,NULL,NULL,NULL,NULL,NULL,NULL,'\0',1,'2012-12-12 07:38:34','2012-12-12 07:45:13',1,'0.000000'),(1084,52,NULL,'2021-10-12',106,'897.430000','0.000000','0.000000','22.700000','0.000000','0.000000',NULL,NULL,NULL,NULL,NULL,NULL,NULL,NULL,'\0',1,'2012-12-12 07:38:34','2012-12-12 07:45:13',1,'0.000000'),(1085,52,NULL,'2021-11-12',107,'898.930000','0.000000','0.000000','21.200000','0.000000','0.000000',NULL,NULL,NULL,NULL,NULL,NULL,NULL,NULL,'\0',1,'2012-12-12 07:38:34','2012-12-12 07:45:13',1,'0.000000'),(1086,52,NULL,'2021-12-12',108,'900.420000','0.000000','0.000000','19.710000','0.000000','0.000000',NULL,NULL,NULL,NULL,NULL,NULL,NULL,NULL,'\0',1,'2012-12-12 07:38:34','2012-12-12 07:45:13',1,'0.000000'),(1087,52,NULL,'2022-01-12',109,'901.920000','0.000000','0.000000','18.210000','0.000000','0.000000',NULL,NULL,NULL,NULL,NULL,NULL,NULL,NULL,'\0',1,'2012-12-12 07:38:34','2012-12-12 07:45:13',1,'0.000000'),(1088,52,NULL,'2022-02-12',110,'903.430000','0.000000','0.000000','16.700000','0.000000','0.000000',NULL,NULL,NULL,NULL,NULL,NULL,NULL,NULL,'\0',1,'2012-12-12 07:38:34','2012-12-12 07:45:13',1,'0.000000'),(1089,52,NULL,'2022-03-12',111,'904.930000','0.000000','0.000000','15.200000','0.000000','0.000000',NULL,NULL,NULL,NULL,NULL,NULL,NULL,NULL,'\0',1,'2012-12-12 07:38:34','2012-12-12 07:45:13',1,'0.000000'),(1090,52,NULL,'2022-04-12',112,'906.440000','0.000000','0.000000','13.690000','0.000000','0.000000',NULL,NULL,NULL,NULL,NULL,NULL,NULL,NULL,'\0',1,'2012-12-12 07:38:34','2012-12-12 07:45:13',1,'0.000000'),(1091,52,NULL,'2022-05-12',113,'907.950000','0.000000','0.000000','12.180000','0.000000','0.000000',NULL,NULL,NULL,NULL,NULL,NULL,NULL,NULL,'\0',1,'2012-12-12 07:38:34','2012-12-12 07:45:13',1,'0.000000'),(1092,52,NULL,'2022-06-12',114,'909.470000','0.000000','0.000000','10.660000','0.000000','0.000000',NULL,NULL,NULL,NULL,NULL,NULL,NULL,NULL,'\0',1,'2012-12-12 07:38:34','2012-12-12 07:45:13',1,'0.000000'),(1093,52,NULL,'2022-07-12',115,'910.980000','0.000000','0.000000','9.150000','0.000000','0.000000',NULL,NULL,NULL,NULL,NULL,NULL,NULL,NULL,'\0',1,'2012-12-12 07:38:34','2012-12-12 07:45:13',1,'0.000000'),(1094,52,NULL,'2022-08-12',116,'912.500000','0.000000','0.000000','7.630000','0.000000','0.000000',NULL,NULL,NULL,NULL,NULL,NULL,NULL,NULL,'\0',1,'2012-12-12 07:38:34','2012-12-12 07:45:13',1,'0.000000'),(1095,52,NULL,'2022-09-12',117,'914.020000','0.000000','0.000000','6.110000','0.000000','0.000000',NULL,NULL,NULL,NULL,NULL,NULL,NULL,NULL,'\0',1,'2012-12-12 07:38:34','2012-12-12 07:45:13',1,'0.000000'),(1096,52,NULL,'2022-10-12',118,'915.540000','0.000000','0.000000','4.590000','0.000000','0.000000',NULL,NULL,NULL,NULL,NULL,NULL,NULL,NULL,'\0',1,'2012-12-12 07:38:34','2012-12-12 07:45:13',1,'0.000000'),(1097,52,NULL,'2022-11-12',119,'917.070000','0.000000','0.000000','3.060000','0.000000','0.000000',NULL,NULL,NULL,NULL,NULL,NULL,NULL,NULL,'\0',1,'2012-12-12 07:38:34','2012-12-12 07:45:13',1,'0.000000'),(1098,52,NULL,'2022-12-12',120,'919.220000','0.000000','0.000000','1.450000','0.000000','0.000000',NULL,NULL,NULL,NULL,NULL,NULL,NULL,NULL,'\0',1,'2012-12-12 07:38:34','2012-12-12 07:45:13',1,'0.000000'),(1099,53,NULL,'2013-01-01',1,'4501.970000',NULL,NULL,NULL,NULL,NULL,NULL,NULL,NULL,NULL,NULL,NULL,NULL,NULL,'\0',1,'2012-12-12 07:46:02','2012-12-12 07:46:02',1,NULL),(1100,53,NULL,'2013-02-01',2,'4511.350000',NULL,NULL,'2907.290000',NULL,NULL,NULL,NULL,NULL,NULL,NULL,NULL,NULL,NULL,'\0',1,'2012-12-12 07:46:02','2012-12-12 07:46:02',1,NULL),(1101,53,NULL,'2013-03-01',3,'4520.750000',NULL,NULL,'2897.890000',NULL,NULL,NULL,NULL,NULL,NULL,NULL,NULL,NULL,NULL,'\0',1,'2012-12-12 07:46:02','2012-12-12 07:46:02',1,NULL),(1102,53,NULL,'2013-04-01',4,'4530.170000',NULL,NULL,'2888.470000',NULL,NULL,NULL,NULL,NULL,NULL,NULL,NULL,NULL,NULL,'\0',1,'2012-12-12 07:46:02','2012-12-12 07:46:02',1,NULL),(1103,53,NULL,'2013-05-01',5,'4539.610000',NULL,NULL,'2879.030000',NULL,NULL,NULL,NULL,NULL,NULL,NULL,NULL,NULL,NULL,'\0',1,'2012-12-12 07:46:02','2012-12-12 07:46:02',1,NULL),(1104,53,NULL,'2013-06-01',6,'4549.060000',NULL,NULL,'2869.580000',NULL,NULL,NULL,NULL,NULL,NULL,NULL,NULL,NULL,NULL,'\0',1,'2012-12-12 07:46:02','2012-12-12 07:46:02',1,NULL),(1105,53,NULL,'2013-07-01',7,'4558.540000',NULL,NULL,'2860.100000',NULL,NULL,NULL,NULL,NULL,NULL,NULL,NULL,NULL,NULL,'\0',1,'2012-12-12 07:46:02','2012-12-12 07:46:02',1,NULL),(1106,53,NULL,'2013-08-01',8,'4568.040000',NULL,NULL,'2850.600000',NULL,NULL,NULL,NULL,NULL,NULL,NULL,NULL,NULL,NULL,'\0',1,'2012-12-12 07:46:02','2012-12-12 07:46:02',1,NULL),(1107,53,NULL,'2013-09-01',9,'4577.560000',NULL,NULL,'2841.080000',NULL,NULL,NULL,NULL,NULL,NULL,NULL,NULL,NULL,NULL,'\0',1,'2012-12-12 07:46:02','2012-12-12 07:46:02',1,NULL),(1108,53,NULL,'2013-10-01',10,'4587.090000',NULL,NULL,'2831.550000',NULL,NULL,NULL,NULL,NULL,NULL,NULL,NULL,NULL,NULL,'\0',1,'2012-12-12 07:46:02','2012-12-12 07:46:02',1,NULL),(1109,53,NULL,'2013-11-01',11,'4596.650000',NULL,NULL,'2821.990000',NULL,NULL,NULL,NULL,NULL,NULL,NULL,NULL,NULL,NULL,'\0',1,'2012-12-12 07:46:02','2012-12-12 07:46:02',1,NULL),(1110,53,NULL,'2013-12-01',12,'4606.230000',NULL,NULL,'2812.410000',NULL,NULL,NULL,NULL,NULL,NULL,NULL,NULL,NULL,NULL,'\0',1,'2012-12-12 07:46:02','2012-12-12 07:46:02',1,NULL),(1111,53,NULL,'2014-01-01',13,'4615.820000',NULL,NULL,'2802.820000',NULL,NULL,NULL,NULL,NULL,NULL,NULL,NULL,NULL,NULL,'\0',1,'2012-12-12 07:46:02','2012-12-12 07:46:02',1,NULL),(1112,53,NULL,'2014-02-01',14,'4625.440000',NULL,NULL,'2793.200000',NULL,NULL,NULL,NULL,NULL,NULL,NULL,NULL,NULL,NULL,'\0',1,'2012-12-12 07:46:02','2012-12-12 07:46:02',1,NULL),(1113,53,NULL,'2014-03-01',15,'4635.070000',NULL,NULL,'2783.570000',NULL,NULL,NULL,NULL,NULL,NULL,NULL,NULL,NULL,NULL,'\0',1,'2012-12-12 07:46:02','2012-12-12 07:46:02',1,NULL),(1114,53,NULL,'2014-04-01',16,'4644.730000',NULL,NULL,'2773.910000',NULL,NULL,NULL,NULL,NULL,NULL,NULL,NULL,NULL,NULL,'\0',1,'2012-12-12 07:46:02','2012-12-12 07:46:02',1,NULL),(1115,53,NULL,'2014-05-01',17,'4654.410000',NULL,NULL,'2764.230000',NULL,NULL,NULL,NULL,NULL,NULL,NULL,NULL,NULL,NULL,'\0',1,'2012-12-12 07:46:02','2012-12-12 07:46:02',1,NULL),(1116,53,NULL,'2014-06-01',18,'4664.100000',NULL,NULL,'2754.540000',NULL,NULL,NULL,NULL,NULL,NULL,NULL,NULL,NULL,NULL,'\0',1,'2012-12-12 07:46:02','2012-12-12 07:46:02',1,NULL),(1117,53,NULL,'2014-07-01',19,'4673.820000',NULL,NULL,'2744.820000',NULL,NULL,NULL,NULL,NULL,NULL,NULL,NULL,NULL,NULL,'\0',1,'2012-12-12 07:46:02','2012-12-12 07:46:02',1,NULL),(1118,53,NULL,'2014-08-01',20,'4683.560000',NULL,NULL,'2735.080000',NULL,NULL,NULL,NULL,NULL,NULL,NULL,NULL,NULL,NULL,'\0',1,'2012-12-12 07:46:02','2012-12-12 07:46:02',1,NULL),(1119,53,NULL,'2014-09-01',21,'4693.310000',NULL,NULL,'2725.330000',NULL,NULL,NULL,NULL,NULL,NULL,NULL,NULL,NULL,NULL,'\0',1,'2012-12-12 07:46:02','2012-12-12 07:46:02',1,NULL),(1120,53,NULL,'2014-10-01',22,'4703.090000',NULL,NULL,'2715.550000',NULL,NULL,NULL,NULL,NULL,NULL,NULL,NULL,NULL,NULL,'\0',1,'2012-12-12 07:46:02','2012-12-12 07:46:02',1,NULL),(1121,53,NULL,'2014-11-01',23,'4712.890000',NULL,NULL,'2705.750000',NULL,NULL,NULL,NULL,NULL,NULL,NULL,NULL,NULL,NULL,'\0',1,'2012-12-12 07:46:02','2012-12-12 07:46:02',1,NULL),(1122,53,NULL,'2014-12-01',24,'4722.710000',NULL,NULL,'2695.930000',NULL,NULL,NULL,NULL,NULL,NULL,NULL,NULL,NULL,NULL,'\0',1,'2012-12-12 07:46:02','2012-12-12 07:46:02',1,NULL),(1123,53,NULL,'2015-01-01',25,'4732.550000',NULL,NULL,'2686.090000',NULL,NULL,NULL,NULL,NULL,NULL,NULL,NULL,NULL,NULL,'\0',1,'2012-12-12 07:46:02','2012-12-12 07:46:02',1,NULL),(1124,53,NULL,'2015-02-01',26,'4742.410000',NULL,NULL,'2676.230000',NULL,NULL,NULL,NULL,NULL,NULL,NULL,NULL,NULL,NULL,'\0',1,'2012-12-12 07:46:02','2012-12-12 07:46:02',1,NULL),(1125,53,NULL,'2015-03-01',27,'4752.290000',NULL,NULL,'2666.350000',NULL,NULL,NULL,NULL,NULL,NULL,NULL,NULL,NULL,NULL,'\0',1,'2012-12-12 07:46:02','2012-12-12 07:46:02',1,NULL),(1126,53,NULL,'2015-04-01',28,'4762.190000',NULL,NULL,'2656.450000',NULL,NULL,NULL,NULL,NULL,NULL,NULL,NULL,NULL,NULL,'\0',1,'2012-12-12 07:46:02','2012-12-12 07:46:02',1,NULL),(1127,53,NULL,'2015-05-01',29,'4772.110000',NULL,NULL,'2646.530000',NULL,NULL,NULL,NULL,NULL,NULL,NULL,NULL,NULL,NULL,'\0',1,'2012-12-12 07:46:02','2012-12-12 07:46:02',1,NULL),(1128,53,NULL,'2015-06-01',30,'4782.050000',NULL,NULL,'2636.590000',NULL,NULL,NULL,NULL,NULL,NULL,NULL,NULL,NULL,NULL,'\0',1,'2012-12-12 07:46:02','2012-12-12 07:46:02',1,NULL),(1129,53,NULL,'2015-07-01',31,'4792.010000',NULL,NULL,'2626.630000',NULL,NULL,NULL,NULL,NULL,NULL,NULL,NULL,NULL,NULL,'\0',1,'2012-12-12 07:46:02','2012-12-12 07:46:02',1,NULL),(1130,53,NULL,'2015-08-01',32,'4802.000000',NULL,NULL,'2616.640000',NULL,NULL,NULL,NULL,NULL,NULL,NULL,NULL,NULL,NULL,'\0',1,'2012-12-12 07:46:02','2012-12-12 07:46:02',1,NULL),(1131,53,NULL,'2015-09-01',33,'4812.000000',NULL,NULL,'2606.640000',NULL,NULL,NULL,NULL,NULL,NULL,NULL,NULL,NULL,NULL,'\0',1,'2012-12-12 07:46:02','2012-12-12 07:46:02',1,NULL),(1132,53,NULL,'2015-10-01',34,'4822.030000',NULL,NULL,'2596.610000',NULL,NULL,NULL,NULL,NULL,NULL,NULL,NULL,NULL,NULL,'\0',1,'2012-12-12 07:46:02','2012-12-12 07:46:02',1,NULL),(1133,53,NULL,'2015-11-01',35,'4832.070000',NULL,NULL,'2586.570000',NULL,NULL,NULL,NULL,NULL,NULL,NULL,NULL,NULL,NULL,'\0',1,'2012-12-12 07:46:02','2012-12-12 07:46:02',1,NULL),(1134,53,NULL,'2015-12-01',36,'4842.140000',NULL,NULL,'2576.500000',NULL,NULL,NULL,NULL,NULL,NULL,NULL,NULL,NULL,NULL,'\0',1,'2012-12-12 07:46:02','2012-12-12 07:46:02',1,NULL),(1135,53,NULL,'2016-01-01',37,'4852.230000',NULL,NULL,'2566.410000',NULL,NULL,NULL,NULL,NULL,NULL,NULL,NULL,NULL,NULL,'\0',1,'2012-12-12 07:46:02','2012-12-12 07:46:02',1,NULL),(1136,53,NULL,'2016-02-01',38,'4862.340000',NULL,NULL,'2556.300000',NULL,NULL,NULL,NULL,NULL,NULL,NULL,NULL,NULL,NULL,'\0',1,'2012-12-12 07:46:02','2012-12-12 07:46:02',1,NULL),(1137,53,NULL,'2016-03-01',39,'4872.470000',NULL,NULL,'2546.170000',NULL,NULL,NULL,NULL,NULL,NULL,NULL,NULL,NULL,NULL,'\0',1,'2012-12-12 07:46:02','2012-12-12 07:46:02',1,NULL),(1138,53,NULL,'2016-04-01',40,'4882.620000',NULL,NULL,'2536.020000',NULL,NULL,NULL,NULL,NULL,NULL,NULL,NULL,NULL,NULL,'\0',1,'2012-12-12 07:46:02','2012-12-12 07:46:02',1,NULL),(1139,53,NULL,'2016-05-01',41,'4892.790000',NULL,NULL,'2525.850000',NULL,NULL,NULL,NULL,NULL,NULL,NULL,NULL,NULL,NULL,'\0',1,'2012-12-12 07:46:02','2012-12-12 07:46:02',1,NULL),(1140,53,NULL,'2016-06-01',42,'4902.980000',NULL,NULL,'2515.660000',NULL,NULL,NULL,NULL,NULL,NULL,NULL,NULL,NULL,NULL,'\0',1,'2012-12-12 07:46:02','2012-12-12 07:46:02',1,NULL),(1141,53,NULL,'2016-07-01',43,'4913.200000',NULL,NULL,'2505.440000',NULL,NULL,NULL,NULL,NULL,NULL,NULL,NULL,NULL,NULL,'\0',1,'2012-12-12 07:46:02','2012-12-12 07:46:02',1,NULL),(1142,53,NULL,'2016-08-01',44,'4923.430000',NULL,NULL,'2495.210000',NULL,NULL,NULL,NULL,NULL,NULL,NULL,NULL,NULL,NULL,'\0',1,'2012-12-12 07:46:02','2012-12-12 07:46:02',1,NULL),(1143,53,NULL,'2016-09-01',45,'4933.690000',NULL,NULL,'2484.950000',NULL,NULL,NULL,NULL,NULL,NULL,NULL,NULL,NULL,NULL,'\0',1,'2012-12-12 07:46:02','2012-12-12 07:46:02',1,NULL),(1144,53,NULL,'2016-10-01',46,'4943.970000',NULL,NULL,'2474.670000',NULL,NULL,NULL,NULL,NULL,NULL,NULL,NULL,NULL,NULL,'\0',1,'2012-12-12 07:46:02','2012-12-12 07:46:02',1,NULL),(1145,53,NULL,'2016-11-01',47,'4954.270000',NULL,NULL,'2464.370000',NULL,NULL,NULL,NULL,NULL,NULL,NULL,NULL,NULL,NULL,'\0',1,'2012-12-12 07:46:02','2012-12-12 07:46:02',1,NULL),(1146,53,NULL,'2016-12-01',48,'4964.590000',NULL,NULL,'2454.050000',NULL,NULL,NULL,NULL,NULL,NULL,NULL,NULL,NULL,NULL,'\0',1,'2012-12-12 07:46:02','2012-12-12 07:46:02',1,NULL),(1147,53,NULL,'2017-01-01',49,'4974.930000',NULL,NULL,'2443.710000',NULL,NULL,NULL,NULL,NULL,NULL,NULL,NULL,NULL,NULL,'\0',1,'2012-12-12 07:46:02','2012-12-12 07:46:02',1,NULL),(1148,53,NULL,'2017-02-01',50,'4985.300000',NULL,NULL,'2433.340000',NULL,NULL,NULL,NULL,NULL,NULL,NULL,NULL,NULL,NULL,'\0',1,'2012-12-12 07:46:02','2012-12-12 07:46:02',1,NULL),(1149,53,NULL,'2017-03-01',51,'4995.680000',NULL,NULL,'2422.960000',NULL,NULL,NULL,NULL,NULL,NULL,NULL,NULL,NULL,NULL,'\0',1,'2012-12-12 07:46:02','2012-12-12 07:46:02',1,NULL),(1150,53,NULL,'2017-04-01',52,'5006.090000',NULL,NULL,'2412.550000',NULL,NULL,NULL,NULL,NULL,NULL,NULL,NULL,NULL,NULL,'\0',1,'2012-12-12 07:46:02','2012-12-12 07:46:02',1,NULL),(1151,53,NULL,'2017-05-01',53,'5016.520000',NULL,NULL,'2402.120000',NULL,NULL,NULL,NULL,NULL,NULL,NULL,NULL,NULL,NULL,'\0',1,'2012-12-12 07:46:02','2012-12-12 07:46:02',1,NULL),(1152,53,NULL,'2017-06-01',54,'5026.970000',NULL,NULL,'2391.670000',NULL,NULL,NULL,NULL,NULL,NULL,NULL,NULL,NULL,NULL,'\0',1,'2012-12-12 07:46:02','2012-12-12 07:46:02',1,NULL),(1153,53,NULL,'2017-07-01',55,'5037.440000',NULL,NULL,'2381.200000',NULL,NULL,NULL,NULL,NULL,NULL,NULL,NULL,NULL,NULL,'\0',1,'2012-12-12 07:46:02','2012-12-12 07:46:02',1,NULL),(1154,53,NULL,'2017-08-01',56,'5047.940000',NULL,NULL,'2370.700000',NULL,NULL,NULL,NULL,NULL,NULL,NULL,NULL,NULL,NULL,'\0',1,'2012-12-12 07:46:02','2012-12-12 07:46:02',1,NULL),(1155,53,NULL,'2017-09-01',57,'5058.460000',NULL,NULL,'2360.180000',NULL,NULL,NULL,NULL,NULL,NULL,NULL,NULL,NULL,NULL,'\0',1,'2012-12-12 07:46:02','2012-12-12 07:46:02',1,NULL),(1156,53,NULL,'2017-10-01',58,'5068.990000',NULL,NULL,'2349.650000',NULL,NULL,NULL,NULL,NULL,NULL,NULL,NULL,NULL,NULL,'\0',1,'2012-12-12 07:46:02','2012-12-12 07:46:02',1,NULL),(1157,53,NULL,'2017-11-01',59,'5079.550000',NULL,NULL,'2339.090000',NULL,NULL,NULL,NULL,NULL,NULL,NULL,NULL,NULL,NULL,'\0',1,'2012-12-12 07:46:02','2012-12-12 07:46:02',1,NULL),(1158,53,NULL,'2017-12-01',60,'5090.140000',NULL,NULL,'2328.500000',NULL,NULL,NULL,NULL,NULL,NULL,NULL,NULL,NULL,NULL,'\0',1,'2012-12-12 07:46:02','2012-12-12 07:46:02',1,NULL),(1159,53,NULL,'2018-01-01',61,'5100.740000',NULL,NULL,'2317.900000',NULL,NULL,NULL,NULL,NULL,NULL,NULL,NULL,NULL,NULL,'\0',1,'2012-12-12 07:46:02','2012-12-12 07:46:02',1,NULL),(1160,53,NULL,'2018-02-01',62,'5111.370000',NULL,NULL,'2307.270000',NULL,NULL,NULL,NULL,NULL,NULL,NULL,NULL,NULL,NULL,'\0',1,'2012-12-12 07:46:02','2012-12-12 07:46:02',1,NULL),(1161,53,NULL,'2018-03-01',63,'5122.020000',NULL,NULL,'2296.620000',NULL,NULL,NULL,NULL,NULL,NULL,NULL,NULL,NULL,NULL,'\0',1,'2012-12-12 07:46:02','2012-12-12 07:46:02',1,NULL),(1162,53,NULL,'2018-04-01',64,'5132.690000',NULL,NULL,'2285.950000',NULL,NULL,NULL,NULL,NULL,NULL,NULL,NULL,NULL,NULL,'\0',1,'2012-12-12 07:46:02','2012-12-12 07:46:02',1,NULL),(1163,53,NULL,'2018-05-01',65,'5143.380000',NULL,NULL,'2275.260000',NULL,NULL,NULL,NULL,NULL,NULL,NULL,NULL,NULL,NULL,'\0',1,'2012-12-12 07:46:02','2012-12-12 07:46:02',1,NULL),(1164,53,NULL,'2018-06-01',66,'5154.100000',NULL,NULL,'2264.540000',NULL,NULL,NULL,NULL,NULL,NULL,NULL,NULL,NULL,NULL,'\0',1,'2012-12-12 07:46:02','2012-12-12 07:46:02',1,NULL),(1165,53,NULL,'2018-07-01',67,'5164.830000',NULL,NULL,'2253.810000',NULL,NULL,NULL,NULL,NULL,NULL,NULL,NULL,NULL,NULL,'\0',1,'2012-12-12 07:46:02','2012-12-12 07:46:02',1,NULL),(1166,53,NULL,'2018-08-01',68,'5175.590000',NULL,NULL,'2243.050000',NULL,NULL,NULL,NULL,NULL,NULL,NULL,NULL,NULL,NULL,'\0',1,'2012-12-12 07:46:02','2012-12-12 07:46:02',1,NULL),(1167,53,NULL,'2018-09-01',69,'5186.380000',NULL,NULL,'2232.260000',NULL,NULL,NULL,NULL,NULL,NULL,NULL,NULL,NULL,NULL,'\0',1,'2012-12-12 07:46:02','2012-12-12 07:46:02',1,NULL),(1168,53,NULL,'2018-10-01',70,'5197.180000',NULL,NULL,'2221.460000',NULL,NULL,NULL,NULL,NULL,NULL,NULL,NULL,NULL,NULL,'\0',1,'2012-12-12 07:46:02','2012-12-12 07:46:02',1,NULL),(1169,53,NULL,'2018-11-01',71,'5208.010000',NULL,NULL,'2210.630000',NULL,NULL,NULL,NULL,NULL,NULL,NULL,NULL,NULL,NULL,'\0',1,'2012-12-12 07:46:02','2012-12-12 07:46:02',1,NULL),(1170,53,NULL,'2018-12-01',72,'5218.860000',NULL,NULL,'2199.780000',NULL,NULL,NULL,NULL,NULL,NULL,NULL,NULL,NULL,NULL,'\0',1,'2012-12-12 07:46:02','2012-12-12 07:46:02',1,NULL),(1171,53,NULL,'2019-01-01',73,'5229.730000',NULL,NULL,'2188.910000',NULL,NULL,NULL,NULL,NULL,NULL,NULL,NULL,NULL,NULL,'\0',1,'2012-12-12 07:46:02','2012-12-12 07:46:02',1,NULL),(1172,53,NULL,'2019-02-01',74,'5240.630000',NULL,NULL,'2178.010000',NULL,NULL,NULL,NULL,NULL,NULL,NULL,NULL,NULL,NULL,'\0',1,'2012-12-12 07:46:02','2012-12-12 07:46:02',1,NULL),(1173,53,NULL,'2019-03-01',75,'5251.540000',NULL,NULL,'2167.100000',NULL,NULL,NULL,NULL,NULL,NULL,NULL,NULL,NULL,NULL,'\0',1,'2012-12-12 07:46:02','2012-12-12 07:46:02',1,NULL),(1174,53,NULL,'2019-04-01',76,'5262.480000',NULL,NULL,'2156.160000',NULL,NULL,NULL,NULL,NULL,NULL,NULL,NULL,NULL,NULL,'\0',1,'2012-12-12 07:46:02','2012-12-12 07:46:02',1,NULL),(1175,53,NULL,'2019-05-01',77,'5273.450000',NULL,NULL,'2145.190000',NULL,NULL,NULL,NULL,NULL,NULL,NULL,NULL,NULL,NULL,'\0',1,'2012-12-12 07:46:02','2012-12-12 07:46:02',1,NULL),(1176,53,NULL,'2019-06-01',78,'5284.430000',NULL,NULL,'2134.210000',NULL,NULL,NULL,NULL,NULL,NULL,NULL,NULL,NULL,NULL,'\0',1,'2012-12-12 07:46:02','2012-12-12 07:46:02',1,NULL),(1177,53,NULL,'2019-07-01',79,'5295.440000',NULL,NULL,'2123.200000',NULL,NULL,NULL,NULL,NULL,NULL,NULL,NULL,NULL,NULL,'\0',1,'2012-12-12 07:46:02','2012-12-12 07:46:02',1,NULL),(1178,53,NULL,'2019-08-01',80,'5306.480000',NULL,NULL,'2112.160000',NULL,NULL,NULL,NULL,NULL,NULL,NULL,NULL,NULL,NULL,'\0',1,'2012-12-12 07:46:02','2012-12-12 07:46:02',1,NULL),(1179,53,NULL,'2019-09-01',81,'5317.530000',NULL,NULL,'2101.110000',NULL,NULL,NULL,NULL,NULL,NULL,NULL,NULL,NULL,NULL,'\0',1,'2012-12-12 07:46:02','2012-12-12 07:46:02',1,NULL),(1180,53,NULL,'2019-10-01',82,'5328.610000',NULL,NULL,'2090.030000',NULL,NULL,NULL,NULL,NULL,NULL,NULL,NULL,NULL,NULL,'\0',1,'2012-12-12 07:46:02','2012-12-12 07:46:02',1,NULL),(1181,53,NULL,'2019-11-01',83,'5339.710000',NULL,NULL,'2078.930000',NULL,NULL,NULL,NULL,NULL,NULL,NULL,NULL,NULL,NULL,'\0',1,'2012-12-12 07:46:02','2012-12-12 07:46:02',1,NULL),(1182,53,NULL,'2019-12-01',84,'5350.840000',NULL,NULL,'2067.800000',NULL,NULL,NULL,NULL,NULL,NULL,NULL,NULL,NULL,NULL,'\0',1,'2012-12-12 07:46:02','2012-12-12 07:46:02',1,NULL),(1183,53,NULL,'2020-01-01',85,'5361.980000',NULL,NULL,'2056.660000',NULL,NULL,NULL,NULL,NULL,NULL,NULL,NULL,NULL,NULL,'\0',1,'2012-12-12 07:46:02','2012-12-12 07:46:02',1,NULL),(1184,53,NULL,'2020-02-01',86,'5373.150000',NULL,NULL,'2045.490000',NULL,NULL,NULL,NULL,NULL,NULL,NULL,NULL,NULL,NULL,'\0',1,'2012-12-12 07:46:02','2012-12-12 07:46:02',1,NULL),(1185,53,NULL,'2020-03-01',87,'5384.350000',NULL,NULL,'2034.290000',NULL,NULL,NULL,NULL,NULL,NULL,NULL,NULL,NULL,NULL,'\0',1,'2012-12-12 07:46:02','2012-12-12 07:46:02',1,NULL),(1186,53,NULL,'2020-04-01',88,'5395.560000',NULL,NULL,'2023.080000',NULL,NULL,NULL,NULL,NULL,NULL,NULL,NULL,NULL,NULL,'\0',1,'2012-12-12 07:46:02','2012-12-12 07:46:02',1,NULL),(1187,53,NULL,'2020-05-01',89,'5406.810000',NULL,NULL,'2011.830000',NULL,NULL,NULL,NULL,NULL,NULL,NULL,NULL,NULL,NULL,'\0',1,'2012-12-12 07:46:02','2012-12-12 07:46:02',1,NULL),(1188,53,NULL,'2020-06-01',90,'5418.070000',NULL,NULL,'2000.570000',NULL,NULL,NULL,NULL,NULL,NULL,NULL,NULL,NULL,NULL,'\0',1,'2012-12-12 07:46:02','2012-12-12 07:46:02',1,NULL),(1189,53,NULL,'2020-07-01',91,'5429.360000',NULL,NULL,'1989.280000',NULL,NULL,NULL,NULL,NULL,NULL,NULL,NULL,NULL,NULL,'\0',1,'2012-12-12 07:46:02','2012-12-12 07:46:02',1,NULL),(1190,53,NULL,'2020-08-01',92,'5440.670000',NULL,NULL,'1977.970000',NULL,NULL,NULL,NULL,NULL,NULL,NULL,NULL,NULL,NULL,'\0',1,'2012-12-12 07:46:02','2012-12-12 07:46:02',1,NULL),(1191,53,NULL,'2020-09-01',93,'5452.000000',NULL,NULL,'1966.640000',NULL,NULL,NULL,NULL,NULL,NULL,NULL,NULL,NULL,NULL,'\0',1,'2012-12-12 07:46:02','2012-12-12 07:46:02',1,NULL),(1192,53,NULL,'2020-10-01',94,'5463.360000',NULL,NULL,'1955.280000',NULL,NULL,NULL,NULL,NULL,NULL,NULL,NULL,NULL,NULL,'\0',1,'2012-12-12 07:46:02','2012-12-12 07:46:02',1,NULL),(1193,53,NULL,'2020-11-01',95,'5474.740000',NULL,NULL,'1943.900000',NULL,NULL,NULL,NULL,NULL,NULL,NULL,NULL,NULL,NULL,'\0',1,'2012-12-12 07:46:02','2012-12-12 07:46:02',1,NULL),(1194,53,NULL,'2020-12-01',96,'5486.150000',NULL,NULL,'1932.490000',NULL,NULL,NULL,NULL,NULL,NULL,NULL,NULL,NULL,NULL,'\0',1,'2012-12-12 07:46:02','2012-12-12 07:46:02',1,NULL),(1195,53,NULL,'2021-01-01',97,'5497.580000',NULL,NULL,'1921.060000',NULL,NULL,NULL,NULL,NULL,NULL,NULL,NULL,NULL,NULL,'\0',1,'2012-12-12 07:46:02','2012-12-12 07:46:02',1,NULL),(1196,53,NULL,'2021-02-01',98,'5509.030000',NULL,NULL,'1909.610000',NULL,NULL,NULL,NULL,NULL,NULL,NULL,NULL,NULL,NULL,'\0',1,'2012-12-12 07:46:02','2012-12-12 07:46:02',1,NULL),(1197,53,NULL,'2021-03-01',99,'5520.510000',NULL,NULL,'1898.130000',NULL,NULL,NULL,NULL,NULL,NULL,NULL,NULL,NULL,NULL,'\0',1,'2012-12-12 07:46:02','2012-12-12 07:46:02',1,NULL),(1198,53,NULL,'2021-04-01',100,'5532.010000',NULL,NULL,'1886.630000',NULL,NULL,NULL,NULL,NULL,NULL,NULL,NULL,NULL,NULL,'\0',1,'2012-12-12 07:46:02','2012-12-12 07:46:02',1,NULL),(1199,53,NULL,'2021-05-01',101,'5543.540000',NULL,NULL,'1875.100000',NULL,NULL,NULL,NULL,NULL,NULL,NULL,NULL,NULL,NULL,'\0',1,'2012-12-12 07:46:02','2012-12-12 07:46:02',1,NULL),(1200,53,NULL,'2021-06-01',102,'5555.080000',NULL,NULL,'1863.560000',NULL,NULL,NULL,NULL,NULL,NULL,NULL,NULL,NULL,NULL,'\0',1,'2012-12-12 07:46:02','2012-12-12 07:46:02',1,NULL),(1201,53,NULL,'2021-07-01',103,'5566.660000',NULL,NULL,'1851.980000',NULL,NULL,NULL,NULL,NULL,NULL,NULL,NULL,NULL,NULL,'\0',1,'2012-12-12 07:46:02','2012-12-12 07:46:02',1,NULL),(1202,53,NULL,'2021-08-01',104,'5578.250000',NULL,NULL,'1840.390000',NULL,NULL,NULL,NULL,NULL,NULL,NULL,NULL,NULL,NULL,'\0',1,'2012-12-12 07:46:02','2012-12-12 07:46:02',1,NULL),(1203,53,NULL,'2021-09-01',105,'5589.880000',NULL,NULL,'1828.760000',NULL,NULL,NULL,NULL,NULL,NULL,NULL,NULL,NULL,NULL,'\0',1,'2012-12-12 07:46:02','2012-12-12 07:46:02',1,NULL),(1204,53,NULL,'2021-10-01',106,'5601.520000',NULL,NULL,'1817.120000',NULL,NULL,NULL,NULL,NULL,NULL,NULL,NULL,NULL,NULL,'\0',1,'2012-12-12 07:46:02','2012-12-12 07:46:02',1,NULL),(1205,53,NULL,'2021-11-01',107,'5613.190000',NULL,NULL,'1805.450000',NULL,NULL,NULL,NULL,NULL,NULL,NULL,NULL,NULL,NULL,'\0',1,'2012-12-12 07:46:02','2012-12-12 07:46:02',1,NULL),(1206,53,NULL,'2021-12-01',108,'5624.890000',NULL,NULL,'1793.750000',NULL,NULL,NULL,NULL,NULL,NULL,NULL,NULL,NULL,NULL,'\0',1,'2012-12-12 07:46:02','2012-12-12 07:46:02',1,NULL),(1207,53,NULL,'2022-01-01',109,'5636.600000',NULL,NULL,'1782.040000',NULL,NULL,NULL,NULL,NULL,NULL,NULL,NULL,NULL,NULL,'\0',1,'2012-12-12 07:46:02','2012-12-12 07:46:02',1,NULL),(1208,53,NULL,'2022-02-01',110,'5648.350000',NULL,NULL,'1770.290000',NULL,NULL,NULL,NULL,NULL,NULL,NULL,NULL,NULL,NULL,'\0',1,'2012-12-12 07:46:02','2012-12-12 07:46:02',1,NULL),(1209,53,NULL,'2022-03-01',111,'5660.110000',NULL,NULL,'1758.530000',NULL,NULL,NULL,NULL,NULL,NULL,NULL,NULL,NULL,NULL,'\0',1,'2012-12-12 07:46:02','2012-12-12 07:46:02',1,NULL),(1210,53,NULL,'2022-04-01',112,'5671.910000',NULL,NULL,'1746.730000',NULL,NULL,NULL,NULL,NULL,NULL,NULL,NULL,NULL,NULL,'\0',1,'2012-12-12 07:46:02','2012-12-12 07:46:02',1,NULL),(1211,53,NULL,'2022-05-01',113,'5683.720000',NULL,NULL,'1734.920000',NULL,NULL,NULL,NULL,NULL,NULL,NULL,NULL,NULL,NULL,'\0',1,'2012-12-12 07:46:02','2012-12-12 07:46:02',1,NULL),(1212,53,NULL,'2022-06-01',114,'5695.560000',NULL,NULL,'1723.080000',NULL,NULL,NULL,NULL,NULL,NULL,NULL,NULL,NULL,NULL,'\0',1,'2012-12-12 07:46:02','2012-12-12 07:46:02',1,NULL),(1213,53,NULL,'2022-07-01',115,'5707.430000',NULL,NULL,'1711.210000',NULL,NULL,NULL,NULL,NULL,NULL,NULL,NULL,NULL,NULL,'\0',1,'2012-12-12 07:46:02','2012-12-12 07:46:02',1,NULL),(1214,53,NULL,'2022-08-01',116,'5719.320000',NULL,NULL,'1699.320000',NULL,NULL,NULL,NULL,NULL,NULL,NULL,NULL,NULL,NULL,'\0',1,'2012-12-12 07:46:02','2012-12-12 07:46:02',1,NULL),(1215,53,NULL,'2022-09-01',117,'5731.240000',NULL,NULL,'1687.400000',NULL,NULL,NULL,NULL,NULL,NULL,NULL,NULL,NULL,NULL,'\0',1,'2012-12-12 07:46:02','2012-12-12 07:46:02',1,NULL),(1216,53,NULL,'2022-10-01',118,'5743.180000',NULL,NULL,'1675.460000',NULL,NULL,NULL,NULL,NULL,NULL,NULL,NULL,NULL,NULL,'\0',1,'2012-12-12 07:46:02','2012-12-12 07:46:02',1,NULL),(1217,53,NULL,'2022-11-01',119,'5755.140000',NULL,NULL,'1663.500000',NULL,NULL,NULL,NULL,NULL,NULL,NULL,NULL,NULL,NULL,'\0',1,'2012-12-12 07:46:02','2012-12-12 07:46:02',1,NULL),(1218,53,NULL,'2022-12-01',120,'5767.130000',NULL,NULL,'1651.510000',NULL,NULL,NULL,NULL,NULL,NULL,NULL,NULL,NULL,NULL,'\0',1,'2012-12-12 07:46:02','2012-12-12 07:46:02',1,NULL),(1219,53,NULL,'2023-01-01',121,'5779.150000',NULL,NULL,'1639.490000',NULL,NULL,NULL,NULL,NULL,NULL,NULL,NULL,NULL,NULL,'\0',1,'2012-12-12 07:46:02','2012-12-12 07:46:02',1,NULL),(1220,53,NULL,'2023-02-01',122,'5791.190000',NULL,NULL,'1627.450000',NULL,NULL,NULL,NULL,NULL,NULL,NULL,NULL,NULL,NULL,'\0',1,'2012-12-12 07:46:02','2012-12-12 07:46:02',1,NULL),(1221,53,NULL,'2023-03-01',123,'5803.250000',NULL,NULL,'1615.390000',NULL,NULL,NULL,NULL,NULL,NULL,NULL,NULL,NULL,NULL,'\0',1,'2012-12-12 07:46:02','2012-12-12 07:46:02',1,NULL),(1222,53,NULL,'2023-04-01',124,'5815.340000',NULL,NULL,'1603.300000',NULL,NULL,NULL,NULL,NULL,NULL,NULL,NULL,NULL,NULL,'\0',1,'2012-12-12 07:46:02','2012-12-12 07:46:02',1,NULL),(1223,53,NULL,'2023-05-01',125,'5827.460000',NULL,NULL,'1591.180000',NULL,NULL,NULL,NULL,NULL,NULL,NULL,NULL,NULL,NULL,'\0',1,'2012-12-12 07:46:02','2012-12-12 07:46:02',1,NULL),(1224,53,NULL,'2023-06-01',126,'5839.600000',NULL,NULL,'1579.040000',NULL,NULL,NULL,NULL,NULL,NULL,NULL,NULL,NULL,NULL,'\0',1,'2012-12-12 07:46:02','2012-12-12 07:46:02',1,NULL),(1225,53,NULL,'2023-07-01',127,'5851.760000',NULL,NULL,'1566.880000',NULL,NULL,NULL,NULL,NULL,NULL,NULL,NULL,NULL,NULL,'\0',1,'2012-12-12 07:46:02','2012-12-12 07:46:02',1,NULL),(1226,53,NULL,'2023-08-01',128,'5863.950000',NULL,NULL,'1554.690000',NULL,NULL,NULL,NULL,NULL,NULL,NULL,NULL,NULL,NULL,'\0',1,'2012-12-12 07:46:02','2012-12-12 07:46:02',1,NULL),(1227,53,NULL,'2023-09-01',129,'5876.170000',NULL,NULL,'1542.470000',NULL,NULL,NULL,NULL,NULL,NULL,NULL,NULL,NULL,NULL,'\0',1,'2012-12-12 07:46:02','2012-12-12 07:46:02',1,NULL),(1228,53,NULL,'2023-10-01',130,'5888.410000',NULL,NULL,'1530.230000',NULL,NULL,NULL,NULL,NULL,NULL,NULL,NULL,NULL,NULL,'\0',1,'2012-12-12 07:46:02','2012-12-12 07:46:02',1,NULL),(1229,53,NULL,'2023-11-01',131,'5900.680000',NULL,NULL,'1517.960000',NULL,NULL,NULL,NULL,NULL,NULL,NULL,NULL,NULL,NULL,'\0',1,'2012-12-12 07:46:02','2012-12-12 07:46:02',1,NULL),(1230,53,NULL,'2023-12-01',132,'5912.970000',NULL,NULL,'1505.670000',NULL,NULL,NULL,NULL,NULL,NULL,NULL,NULL,NULL,NULL,'\0',1,'2012-12-12 07:46:02','2012-12-12 07:46:02',1,NULL),(1231,53,NULL,'2024-01-01',133,'5925.290000',NULL,NULL,'1493.350000',NULL,NULL,NULL,NULL,NULL,NULL,NULL,NULL,NULL,NULL,'\0',1,'2012-12-12 07:46:02','2012-12-12 07:46:02',1,NULL),(1232,53,NULL,'2024-02-01',134,'5937.640000',NULL,NULL,'1481.000000',NULL,NULL,NULL,NULL,NULL,NULL,NULL,NULL,NULL,NULL,'\0',1,'2012-12-12 07:46:02','2012-12-12 07:46:02',1,NULL),(1233,53,NULL,'2024-03-01',135,'5950.010000',NULL,NULL,'1468.630000',NULL,NULL,NULL,NULL,NULL,NULL,NULL,NULL,NULL,NULL,'\0',1,'2012-12-12 07:46:02','2012-12-12 07:46:02',1,NULL),(1234,53,NULL,'2024-04-01',136,'5962.400000',NULL,NULL,'1456.240000',NULL,NULL,NULL,NULL,NULL,NULL,NULL,NULL,NULL,NULL,'\0',1,'2012-12-12 07:46:02','2012-12-12 07:46:02',1,NULL),(1235,53,NULL,'2024-05-01',137,'5974.820000',NULL,NULL,'1443.820000',NULL,NULL,NULL,NULL,NULL,NULL,NULL,NULL,NULL,NULL,'\0',1,'2012-12-12 07:46:02','2012-12-12 07:46:02',1,NULL),(1236,53,NULL,'2024-06-01',138,'5987.270000',NULL,NULL,'1431.370000',NULL,NULL,NULL,NULL,NULL,NULL,NULL,NULL,NULL,NULL,'\0',1,'2012-12-12 07:46:02','2012-12-12 07:46:02',1,NULL),(1237,53,NULL,'2024-07-01',139,'5999.740000',NULL,NULL,'1418.900000',NULL,NULL,NULL,NULL,NULL,NULL,NULL,NULL,NULL,NULL,'\0',1,'2012-12-12 07:46:02','2012-12-12 07:46:02',1,NULL),(1238,53,NULL,'2024-08-01',140,'6012.240000',NULL,NULL,'1406.400000',NULL,NULL,NULL,NULL,NULL,NULL,NULL,NULL,NULL,NULL,'\0',1,'2012-12-12 07:46:02','2012-12-12 07:46:02',1,NULL),(1239,53,NULL,'2024-09-01',141,'6024.770000',NULL,NULL,'1393.870000',NULL,NULL,NULL,NULL,NULL,NULL,NULL,NULL,NULL,NULL,'\0',1,'2012-12-12 07:46:02','2012-12-12 07:46:02',1,NULL),(1240,53,NULL,'2024-10-01',142,'6037.320000',NULL,NULL,'1381.320000',NULL,NULL,NULL,NULL,NULL,NULL,NULL,NULL,NULL,NULL,'\0',1,'2012-12-12 07:46:03','2012-12-12 07:46:03',1,NULL),(1241,53,NULL,'2024-11-01',143,'6049.900000',NULL,NULL,'1368.740000',NULL,NULL,NULL,NULL,NULL,NULL,NULL,NULL,NULL,NULL,'\0',1,'2012-12-12 07:46:03','2012-12-12 07:46:03',1,NULL),(1242,53,NULL,'2024-12-01',144,'6062.500000',NULL,NULL,'1356.140000',NULL,NULL,NULL,NULL,NULL,NULL,NULL,NULL,NULL,NULL,'\0',1,'2012-12-12 07:46:03','2012-12-12 07:46:03',1,NULL),(1243,53,NULL,'2025-01-01',145,'6075.130000',NULL,NULL,'1343.510000',NULL,NULL,NULL,NULL,NULL,NULL,NULL,NULL,NULL,NULL,'\0',1,'2012-12-12 07:46:03','2012-12-12 07:46:03',1,NULL),(1244,53,NULL,'2025-02-01',146,'6087.790000',NULL,NULL,'1330.850000',NULL,NULL,NULL,NULL,NULL,NULL,NULL,NULL,NULL,NULL,'\0',1,'2012-12-12 07:46:03','2012-12-12 07:46:03',1,NULL),(1245,53,NULL,'2025-03-01',147,'6100.470000',NULL,NULL,'1318.170000',NULL,NULL,NULL,NULL,NULL,NULL,NULL,NULL,NULL,NULL,'\0',1,'2012-12-12 07:46:03','2012-12-12 07:46:03',1,NULL),(1246,53,NULL,'2025-04-01',148,'6113.180000',NULL,NULL,'1305.460000',NULL,NULL,NULL,NULL,NULL,NULL,NULL,NULL,NULL,NULL,'\0',1,'2012-12-12 07:46:03','2012-12-12 07:46:03',1,NULL),(1247,53,NULL,'2025-05-01',149,'6125.920000',NULL,NULL,'1292.720000',NULL,NULL,NULL,NULL,NULL,NULL,NULL,NULL,NULL,NULL,'\0',1,'2012-12-12 07:46:03','2012-12-12 07:46:03',1,NULL),(1248,53,NULL,'2025-06-01',150,'6138.680000',NULL,NULL,'1279.960000',NULL,NULL,NULL,NULL,NULL,NULL,NULL,NULL,NULL,NULL,'\0',1,'2012-12-12 07:46:03','2012-12-12 07:46:03',1,NULL),(1249,53,NULL,'2025-07-01',151,'6151.470000',NULL,NULL,'1267.170000',NULL,NULL,NULL,NULL,NULL,NULL,NULL,NULL,NULL,NULL,'\0',1,'2012-12-12 07:46:03','2012-12-12 07:46:03',1,NULL),(1250,53,NULL,'2025-08-01',152,'6164.280000',NULL,NULL,'1254.360000',NULL,NULL,NULL,NULL,NULL,NULL,NULL,NULL,NULL,NULL,'\0',1,'2012-12-12 07:46:03','2012-12-12 07:46:03',1,NULL),(1251,53,NULL,'2025-09-01',153,'6177.130000',NULL,NULL,'1241.510000',NULL,NULL,NULL,NULL,NULL,NULL,NULL,NULL,NULL,NULL,'\0',1,'2012-12-12 07:46:03','2012-12-12 07:46:03',1,NULL),(1252,53,NULL,'2025-10-01',154,'6189.990000',NULL,NULL,'1228.650000',NULL,NULL,NULL,NULL,NULL,NULL,NULL,NULL,NULL,NULL,'\0',1,'2012-12-12 07:46:03','2012-12-12 07:46:03',1,NULL),(1253,53,NULL,'2025-11-01',155,'6202.890000',NULL,NULL,'1215.750000',NULL,NULL,NULL,NULL,NULL,NULL,NULL,NULL,NULL,NULL,'\0',1,'2012-12-12 07:46:03','2012-12-12 07:46:03',1,NULL),(1254,53,NULL,'2025-12-01',156,'6215.810000',NULL,NULL,'1202.830000',NULL,NULL,NULL,NULL,NULL,NULL,NULL,NULL,NULL,NULL,'\0',1,'2012-12-12 07:46:03','2012-12-12 07:46:03',1,NULL),(1255,53,NULL,'2026-01-01',157,'6228.760000',NULL,NULL,'1189.880000',NULL,NULL,NULL,NULL,NULL,NULL,NULL,NULL,NULL,NULL,'\0',1,'2012-12-12 07:46:03','2012-12-12 07:46:03',1,NULL),(1256,53,NULL,'2026-02-01',158,'6241.740000',NULL,NULL,'1176.900000',NULL,NULL,NULL,NULL,NULL,NULL,NULL,NULL,NULL,NULL,'\0',1,'2012-12-12 07:46:03','2012-12-12 07:46:03',1,NULL),(1257,53,NULL,'2026-03-01',159,'6254.740000',NULL,NULL,'1163.900000',NULL,NULL,NULL,NULL,NULL,NULL,NULL,NULL,NULL,NULL,'\0',1,'2012-12-12 07:46:03','2012-12-12 07:46:03',1,NULL),(1258,53,NULL,'2026-04-01',160,'6267.770000',NULL,NULL,'1150.870000',NULL,NULL,NULL,NULL,NULL,NULL,NULL,NULL,NULL,NULL,'\0',1,'2012-12-12 07:46:03','2012-12-12 07:46:03',1,NULL),(1259,53,NULL,'2026-05-01',161,'6280.830000',NULL,NULL,'1137.810000',NULL,NULL,NULL,NULL,NULL,NULL,NULL,NULL,NULL,NULL,'\0',1,'2012-12-12 07:46:03','2012-12-12 07:46:03',1,NULL),(1260,53,NULL,'2026-06-01',162,'6293.920000',NULL,NULL,'1124.720000',NULL,NULL,NULL,NULL,NULL,NULL,NULL,NULL,NULL,NULL,'\0',1,'2012-12-12 07:46:03','2012-12-12 07:46:03',1,NULL),(1261,53,NULL,'2026-07-01',163,'6307.030000',NULL,NULL,'1111.610000',NULL,NULL,NULL,NULL,NULL,NULL,NULL,NULL,NULL,NULL,'\0',1,'2012-12-12 07:46:03','2012-12-12 07:46:03',1,NULL),(1262,53,NULL,'2026-08-01',164,'6320.170000',NULL,NULL,'1098.470000',NULL,NULL,NULL,NULL,NULL,NULL,NULL,NULL,NULL,NULL,'\0',1,'2012-12-12 07:46:03','2012-12-12 07:46:03',1,NULL),(1263,53,NULL,'2026-09-01',165,'6333.340000',NULL,NULL,'1085.300000',NULL,NULL,NULL,NULL,NULL,NULL,NULL,NULL,NULL,NULL,'\0',1,'2012-12-12 07:46:03','2012-12-12 07:46:03',1,NULL),(1264,53,NULL,'2026-10-01',166,'6346.530000',NULL,NULL,'1072.110000',NULL,NULL,NULL,NULL,NULL,NULL,NULL,NULL,NULL,NULL,'\0',1,'2012-12-12 07:46:03','2012-12-12 07:46:03',1,NULL),(1265,53,NULL,'2026-11-01',167,'6359.750000',NULL,NULL,'1058.890000',NULL,NULL,NULL,NULL,NULL,NULL,NULL,NULL,NULL,NULL,'\0',1,'2012-12-12 07:46:03','2012-12-12 07:46:03',1,NULL),(1266,53,NULL,'2026-12-01',168,'6373.000000',NULL,NULL,'1045.640000',NULL,NULL,NULL,NULL,NULL,NULL,NULL,NULL,NULL,NULL,'\0',1,'2012-12-12 07:46:03','2012-12-12 07:46:03',1,NULL),(1267,53,NULL,'2027-01-01',169,'6386.280000',NULL,NULL,'1032.360000',NULL,NULL,NULL,NULL,NULL,NULL,NULL,NULL,NULL,NULL,'\0',1,'2012-12-12 07:46:03','2012-12-12 07:46:03',1,NULL),(1268,53,NULL,'2027-02-01',170,'6399.580000',NULL,NULL,'1019.060000',NULL,NULL,NULL,NULL,NULL,NULL,NULL,NULL,NULL,NULL,'\0',1,'2012-12-12 07:46:03','2012-12-12 07:46:03',1,NULL),(1269,53,NULL,'2027-03-01',171,'6412.920000',NULL,NULL,'1005.720000',NULL,NULL,NULL,NULL,NULL,NULL,NULL,NULL,NULL,NULL,'\0',1,'2012-12-12 07:46:03','2012-12-12 07:46:03',1,NULL),(1270,53,NULL,'2027-04-01',172,'6426.280000',NULL,NULL,'992.360000',NULL,NULL,NULL,NULL,NULL,NULL,NULL,NULL,NULL,NULL,'\0',1,'2012-12-12 07:46:03','2012-12-12 07:46:03',1,NULL),(1271,53,NULL,'2027-05-01',173,'6439.660000',NULL,NULL,'978.980000',NULL,NULL,NULL,NULL,NULL,NULL,NULL,NULL,NULL,NULL,'\0',1,'2012-12-12 07:46:03','2012-12-12 07:46:03',1,NULL),(1272,53,NULL,'2027-06-01',174,'6453.080000',NULL,NULL,'965.560000',NULL,NULL,NULL,NULL,NULL,NULL,NULL,NULL,NULL,NULL,'\0',1,'2012-12-12 07:46:03','2012-12-12 07:46:03',1,NULL),(1273,53,NULL,'2027-07-01',175,'6466.520000',NULL,NULL,'952.120000',NULL,NULL,NULL,NULL,NULL,NULL,NULL,NULL,NULL,NULL,'\0',1,'2012-12-12 07:46:03','2012-12-12 07:46:03',1,NULL),(1274,53,NULL,'2027-08-01',176,'6480.000000',NULL,NULL,'938.640000',NULL,NULL,NULL,NULL,NULL,NULL,NULL,NULL,NULL,NULL,'\0',1,'2012-12-12 07:46:03','2012-12-12 07:46:03',1,NULL),(1275,53,NULL,'2027-09-01',177,'6493.500000',NULL,NULL,'925.140000',NULL,NULL,NULL,NULL,NULL,NULL,NULL,NULL,NULL,NULL,'\0',1,'2012-12-12 07:46:03','2012-12-12 07:46:03',1,NULL),(1276,53,NULL,'2027-10-01',178,'6507.020000',NULL,NULL,'911.620000',NULL,NULL,NULL,NULL,NULL,NULL,NULL,NULL,NULL,NULL,'\0',1,'2012-12-12 07:46:03','2012-12-12 07:46:03',1,NULL),(1277,53,NULL,'2027-11-01',179,'6520.580000',NULL,NULL,'898.060000',NULL,NULL,NULL,NULL,NULL,NULL,NULL,NULL,NULL,NULL,'\0',1,'2012-12-12 07:46:03','2012-12-12 07:46:03',1,NULL),(1278,53,NULL,'2027-12-01',180,'6534.170000',NULL,NULL,'884.470000',NULL,NULL,NULL,NULL,NULL,NULL,NULL,NULL,NULL,NULL,'\0',1,'2012-12-12 07:46:03','2012-12-12 07:46:03',1,NULL),(1279,53,NULL,'2028-01-01',181,'6547.780000',NULL,NULL,'870.860000',NULL,NULL,NULL,NULL,NULL,NULL,NULL,NULL,NULL,NULL,'\0',1,'2012-12-12 07:46:03','2012-12-12 07:46:03',1,NULL),(1280,53,NULL,'2028-02-01',182,'6561.420000',NULL,NULL,'857.220000',NULL,NULL,NULL,NULL,NULL,NULL,NULL,NULL,NULL,NULL,'\0',1,'2012-12-12 07:46:03','2012-12-12 07:46:03',1,NULL),(1281,53,NULL,'2028-03-01',183,'6575.090000',NULL,NULL,'843.550000',NULL,NULL,NULL,NULL,NULL,NULL,NULL,NULL,NULL,NULL,'\0',1,'2012-12-12 07:46:03','2012-12-12 07:46:03',1,NULL),(1282,53,NULL,'2028-04-01',184,'6588.790000',NULL,NULL,'829.850000',NULL,NULL,NULL,NULL,NULL,NULL,NULL,NULL,NULL,NULL,'\0',1,'2012-12-12 07:46:03','2012-12-12 07:46:03',1,NULL),(1283,53,NULL,'2028-05-01',185,'6602.510000',NULL,NULL,'816.130000',NULL,NULL,NULL,NULL,NULL,NULL,NULL,NULL,NULL,NULL,'\0',1,'2012-12-12 07:46:03','2012-12-12 07:46:03',1,NULL),(1284,53,NULL,'2028-06-01',186,'6616.270000',NULL,NULL,'802.370000',NULL,NULL,NULL,NULL,NULL,NULL,NULL,NULL,NULL,NULL,'\0',1,'2012-12-12 07:46:03','2012-12-12 07:46:03',1,NULL),(1285,53,NULL,'2028-07-01',187,'6630.050000',NULL,NULL,'788.590000',NULL,NULL,NULL,NULL,NULL,NULL,NULL,NULL,NULL,NULL,'\0',1,'2012-12-12 07:46:03','2012-12-12 07:46:03',1,NULL),(1286,53,NULL,'2028-08-01',188,'6643.870000',NULL,NULL,'774.770000',NULL,NULL,NULL,NULL,NULL,NULL,NULL,NULL,NULL,NULL,'\0',1,'2012-12-12 07:46:03','2012-12-12 07:46:03',1,NULL),(1287,53,NULL,'2028-09-01',189,'6657.710000',NULL,NULL,'760.930000',NULL,NULL,NULL,NULL,NULL,NULL,NULL,NULL,NULL,NULL,'\0',1,'2012-12-12 07:46:03','2012-12-12 07:46:03',1,NULL),(1288,53,NULL,'2028-10-01',190,'6671.580000',NULL,NULL,'747.060000',NULL,NULL,NULL,NULL,NULL,NULL,NULL,NULL,NULL,NULL,'\0',1,'2012-12-12 07:46:03','2012-12-12 07:46:03',1,NULL),(1289,53,NULL,'2028-11-01',191,'6685.480000',NULL,NULL,'733.160000',NULL,NULL,NULL,NULL,NULL,NULL,NULL,NULL,NULL,NULL,'\0',1,'2012-12-12 07:46:03','2012-12-12 07:46:03',1,NULL),(1290,53,NULL,'2028-12-01',192,'6699.400000',NULL,NULL,'719.240000',NULL,NULL,NULL,NULL,NULL,NULL,NULL,NULL,NULL,NULL,'\0',1,'2012-12-12 07:46:03','2012-12-12 07:46:03',1,NULL),(1291,53,NULL,'2029-01-01',193,'6713.360000',NULL,NULL,'705.280000',NULL,NULL,NULL,NULL,NULL,NULL,NULL,NULL,NULL,NULL,'\0',1,'2012-12-12 07:46:03','2012-12-12 07:46:03',1,NULL),(1292,53,NULL,'2029-02-01',194,'6727.350000',NULL,NULL,'691.290000',NULL,NULL,NULL,NULL,NULL,NULL,NULL,NULL,NULL,NULL,'\0',1,'2012-12-12 07:46:03','2012-12-12 07:46:03',1,NULL),(1293,53,NULL,'2029-03-01',195,'6741.360000',NULL,NULL,'677.280000',NULL,NULL,NULL,NULL,NULL,NULL,NULL,NULL,NULL,NULL,'\0',1,'2012-12-12 07:46:03','2012-12-12 07:46:03',1,NULL),(1294,53,NULL,'2029-04-01',196,'6755.410000',NULL,NULL,'663.230000',NULL,NULL,NULL,NULL,NULL,NULL,NULL,NULL,NULL,NULL,'\0',1,'2012-12-12 07:46:03','2012-12-12 07:46:03',1,NULL),(1295,53,NULL,'2029-05-01',197,'6769.480000',NULL,NULL,'649.160000',NULL,NULL,NULL,NULL,NULL,NULL,NULL,NULL,NULL,NULL,'\0',1,'2012-12-12 07:46:03','2012-12-12 07:46:03',1,NULL),(1296,53,NULL,'2029-06-01',198,'6783.580000',NULL,NULL,'635.060000',NULL,NULL,NULL,NULL,NULL,NULL,NULL,NULL,NULL,NULL,'\0',1,'2012-12-12 07:46:03','2012-12-12 07:46:03',1,NULL),(1297,53,NULL,'2029-07-01',199,'6797.720000',NULL,NULL,'620.920000',NULL,NULL,NULL,NULL,NULL,NULL,NULL,NULL,NULL,NULL,'\0',1,'2012-12-12 07:46:03','2012-12-12 07:46:03',1,NULL),(1298,53,NULL,'2029-08-01',200,'6811.880000',NULL,NULL,'606.760000',NULL,NULL,NULL,NULL,NULL,NULL,NULL,NULL,NULL,NULL,'\0',1,'2012-12-12 07:46:03','2012-12-12 07:46:03',1,NULL),(1299,53,NULL,'2029-09-01',201,'6826.070000',NULL,NULL,'592.570000',NULL,NULL,NULL,NULL,NULL,NULL,NULL,NULL,NULL,NULL,'\0',1,'2012-12-12 07:46:03','2012-12-12 07:46:03',1,NULL),(1300,53,NULL,'2029-10-01',202,'6840.290000',NULL,NULL,'578.350000',NULL,NULL,NULL,NULL,NULL,NULL,NULL,NULL,NULL,NULL,'\0',1,'2012-12-12 07:46:03','2012-12-12 07:46:03',1,NULL),(1301,53,NULL,'2029-11-01',203,'6854.540000',NULL,NULL,'564.100000',NULL,NULL,NULL,NULL,NULL,NULL,NULL,NULL,NULL,NULL,'\0',1,'2012-12-12 07:46:03','2012-12-12 07:46:03',1,NULL),(1302,53,NULL,'2029-12-01',204,'6868.820000',NULL,NULL,'549.820000',NULL,NULL,NULL,NULL,NULL,NULL,NULL,NULL,NULL,NULL,'\0',1,'2012-12-12 07:46:03','2012-12-12 07:46:03',1,NULL),(1303,53,NULL,'2030-01-01',205,'6883.130000',NULL,NULL,'535.510000',NULL,NULL,NULL,NULL,NULL,NULL,NULL,NULL,NULL,NULL,'\0',1,'2012-12-12 07:46:03','2012-12-12 07:46:03',1,NULL),(1304,53,NULL,'2030-02-01',206,'6897.470000',NULL,NULL,'521.170000',NULL,NULL,NULL,NULL,NULL,NULL,NULL,NULL,NULL,NULL,'\0',1,'2012-12-12 07:46:03','2012-12-12 07:46:03',1,NULL),(1305,53,NULL,'2030-03-01',207,'6911.840000',NULL,NULL,'506.800000',NULL,NULL,NULL,NULL,NULL,NULL,NULL,NULL,NULL,NULL,'\0',1,'2012-12-12 07:46:03','2012-12-12 07:46:03',1,NULL),(1306,53,NULL,'2030-04-01',208,'6926.240000',NULL,NULL,'492.400000',NULL,NULL,NULL,NULL,NULL,NULL,NULL,NULL,NULL,NULL,'\0',1,'2012-12-12 07:46:03','2012-12-12 07:46:03',1,NULL),(1307,53,NULL,'2030-05-01',209,'6940.670000',NULL,NULL,'477.970000',NULL,NULL,NULL,NULL,NULL,NULL,NULL,NULL,NULL,NULL,'\0',1,'2012-12-12 07:46:03','2012-12-12 07:46:03',1,NULL),(1308,53,NULL,'2030-06-01',210,'6955.130000',NULL,NULL,'463.510000',NULL,NULL,NULL,NULL,NULL,NULL,NULL,NULL,NULL,NULL,'\0',1,'2012-12-12 07:46:03','2012-12-12 07:46:03',1,NULL),(1309,53,NULL,'2030-07-01',211,'6969.620000',NULL,NULL,'449.020000',NULL,NULL,NULL,NULL,NULL,NULL,NULL,NULL,NULL,NULL,'\0',1,'2012-12-12 07:46:03','2012-12-12 07:46:03',1,NULL),(1310,53,NULL,'2030-08-01',212,'6984.140000',NULL,NULL,'434.500000',NULL,NULL,NULL,NULL,NULL,NULL,NULL,NULL,NULL,NULL,'\0',1,'2012-12-12 07:46:03','2012-12-12 07:46:03',1,NULL),(1311,53,NULL,'2030-09-01',213,'6998.690000',NULL,NULL,'419.950000',NULL,NULL,NULL,NULL,NULL,NULL,NULL,NULL,NULL,NULL,'\0',1,'2012-12-12 07:46:03','2012-12-12 07:46:03',1,NULL),(1312,53,NULL,'2030-10-01',214,'7013.270000',NULL,NULL,'405.370000',NULL,NULL,NULL,NULL,NULL,NULL,NULL,NULL,NULL,NULL,'\0',1,'2012-12-12 07:46:03','2012-12-12 07:46:03',1,NULL),(1313,53,NULL,'2030-11-01',215,'7027.880000',NULL,NULL,'390.760000',NULL,NULL,NULL,NULL,NULL,NULL,NULL,NULL,NULL,NULL,'\0',1,'2012-12-12 07:46:03','2012-12-12 07:46:03',1,NULL),(1314,53,NULL,'2030-12-01',216,'7042.520000',NULL,NULL,'376.120000',NULL,NULL,NULL,NULL,NULL,NULL,NULL,NULL,NULL,NULL,'\0',1,'2012-12-12 07:46:03','2012-12-12 07:46:03',1,NULL),(1315,53,NULL,'2031-01-01',217,'7057.200000',NULL,NULL,'361.440000',NULL,NULL,NULL,NULL,NULL,NULL,NULL,NULL,NULL,NULL,'\0',1,'2012-12-12 07:46:03','2012-12-12 07:46:03',1,NULL),(1316,53,NULL,'2031-02-01',218,'7071.900000',NULL,NULL,'346.740000',NULL,NULL,NULL,NULL,NULL,NULL,NULL,NULL,NULL,NULL,'\0',1,'2012-12-12 07:46:03','2012-12-12 07:46:03',1,NULL),(1317,53,NULL,'2031-03-01',219,'7086.630000',NULL,NULL,'332.010000',NULL,NULL,NULL,NULL,NULL,NULL,NULL,NULL,NULL,NULL,'\0',1,'2012-12-12 07:46:03','2012-12-12 07:46:03',1,NULL),(1318,53,NULL,'2031-04-01',220,'7101.390000',NULL,NULL,'317.250000',NULL,NULL,NULL,NULL,NULL,NULL,NULL,NULL,NULL,NULL,'\0',1,'2012-12-12 07:46:03','2012-12-12 07:46:03',1,NULL),(1319,53,NULL,'2031-05-01',221,'7116.190000',NULL,NULL,'302.450000',NULL,NULL,NULL,NULL,NULL,NULL,NULL,NULL,NULL,NULL,'\0',1,'2012-12-12 07:46:03','2012-12-12 07:46:03',1,NULL),(1320,53,NULL,'2031-06-01',222,'7131.010000',NULL,NULL,'287.630000',NULL,NULL,NULL,NULL,NULL,NULL,NULL,NULL,NULL,NULL,'\0',1,'2012-12-12 07:46:03','2012-12-12 07:46:03',1,NULL),(1321,53,NULL,'2031-07-01',223,'7145.870000',NULL,NULL,'272.770000',NULL,NULL,NULL,NULL,NULL,NULL,NULL,NULL,NULL,NULL,'\0',1,'2012-12-12 07:46:03','2012-12-12 07:46:03',1,NULL),(1322,53,NULL,'2031-08-01',224,'7160.760000',NULL,NULL,'257.880000',NULL,NULL,NULL,NULL,NULL,NULL,NULL,NULL,NULL,NULL,'\0',1,'2012-12-12 07:46:03','2012-12-12 07:46:03',1,NULL),(1323,53,NULL,'2031-09-01',225,'7175.680000',NULL,NULL,'242.960000',NULL,NULL,NULL,NULL,NULL,NULL,NULL,NULL,NULL,NULL,'\0',1,'2012-12-12 07:46:03','2012-12-12 07:46:03',1,NULL),(1324,53,NULL,'2031-10-01',226,'7190.630000',NULL,NULL,'228.010000',NULL,NULL,NULL,NULL,NULL,NULL,NULL,NULL,NULL,NULL,'\0',1,'2012-12-12 07:46:03','2012-12-12 07:46:03',1,NULL),(1325,53,NULL,'2031-11-01',227,'7205.610000',NULL,NULL,'213.030000',NULL,NULL,NULL,NULL,NULL,NULL,NULL,NULL,NULL,NULL,'\0',1,'2012-12-12 07:46:03','2012-12-12 07:46:03',1,NULL),(1326,53,NULL,'2031-12-01',228,'7220.620000',NULL,NULL,'198.020000',NULL,NULL,NULL,NULL,NULL,NULL,NULL,NULL,NULL,NULL,'\0',1,'2012-12-12 07:46:03','2012-12-12 07:46:03',1,NULL),(1327,53,NULL,'2032-01-01',229,'7235.660000',NULL,NULL,'182.980000',NULL,NULL,NULL,NULL,NULL,NULL,NULL,NULL,NULL,NULL,'\0',1,'2012-12-12 07:46:03','2012-12-12 07:46:03',1,NULL),(1328,53,NULL,'2032-02-01',230,'7250.740000',NULL,NULL,'167.900000',NULL,NULL,NULL,NULL,NULL,NULL,NULL,NULL,NULL,NULL,'\0',1,'2012-12-12 07:46:03','2012-12-12 07:46:03',1,NULL),(1329,53,NULL,'2032-03-01',231,'7265.840000',NULL,NULL,'152.800000',NULL,NULL,NULL,NULL,NULL,NULL,NULL,NULL,NULL,NULL,'\0',1,'2012-12-12 07:46:03','2012-12-12 07:46:03',1,NULL),(1330,53,NULL,'2032-04-01',232,'7280.980000',NULL,NULL,'137.660000',NULL,NULL,NULL,NULL,NULL,NULL,NULL,NULL,NULL,NULL,'\0',1,'2012-12-12 07:46:03','2012-12-12 07:46:03',1,NULL),(1331,53,NULL,'2032-05-01',233,'7296.150000',NULL,NULL,'122.490000',NULL,NULL,NULL,NULL,NULL,NULL,NULL,NULL,NULL,NULL,'\0',1,'2012-12-12 07:46:03','2012-12-12 07:46:03',1,NULL),(1332,53,NULL,'2032-06-01',234,'7311.350000',NULL,NULL,'107.290000',NULL,NULL,NULL,NULL,NULL,NULL,NULL,NULL,NULL,NULL,'\0',1,'2012-12-12 07:46:03','2012-12-12 07:46:03',1,NULL),(1333,53,NULL,'2032-07-01',235,'7326.580000',NULL,NULL,'92.060000',NULL,NULL,NULL,NULL,NULL,NULL,NULL,NULL,NULL,NULL,'\0',1,'2012-12-12 07:46:03','2012-12-12 07:46:03',1,NULL),(1334,53,NULL,'2032-08-01',236,'7341.840000',NULL,NULL,'76.800000',NULL,NULL,NULL,NULL,NULL,NULL,NULL,NULL,NULL,NULL,'\0',1,'2012-12-12 07:46:03','2012-12-12 07:46:03',1,NULL),(1335,53,NULL,'2032-09-01',237,'7357.140000',NULL,NULL,'61.500000',NULL,NULL,NULL,NULL,NULL,NULL,NULL,NULL,NULL,NULL,'\0',1,'2012-12-12 07:46:03','2012-12-12 07:46:03',1,NULL),(1336,53,NULL,'2032-10-01',238,'7372.470000',NULL,NULL,'46.170000',NULL,NULL,NULL,NULL,NULL,NULL,NULL,NULL,NULL,NULL,'\0',1,'2012-12-12 07:46:03','2012-12-12 07:46:03',1,NULL),(1337,53,NULL,'2032-11-01',239,'7387.830000',NULL,NULL,'30.810000',NULL,NULL,NULL,NULL,NULL,NULL,NULL,NULL,NULL,NULL,'\0',1,'2012-12-12 07:46:03','2012-12-12 07:46:03',1,NULL),(1338,53,NULL,'2032-12-01',240,'7403.320000',NULL,NULL,'15.430000',NULL,NULL,NULL,NULL,NULL,NULL,NULL,NULL,NULL,NULL,'\0',1,'2012-12-12 07:46:03','2012-12-12 07:46:03',1,NULL),(1339,54,NULL,'2013-01-15',1,'833.330000',NULL,NULL,'75.000000',NULL,NULL,NULL,NULL,NULL,NULL,NULL,NULL,NULL,NULL,'\0',1,'2012-12-15 11:51:04','2012-12-15 11:51:04',1,NULL),(1340,54,NULL,'2013-02-15',2,'833.330000',NULL,NULL,'62.500000',NULL,NULL,NULL,NULL,NULL,NULL,NULL,NULL,NULL,NULL,'\0',1,'2012-12-15 11:51:04','2012-12-15 11:51:04',1,NULL),(1341,54,NULL,'2013-03-15',3,'833.330000',NULL,NULL,'50.000000',NULL,NULL,NULL,NULL,NULL,NULL,NULL,NULL,NULL,NULL,'\0',1,'2012-12-15 11:51:04','2012-12-15 11:51:04',1,NULL),(1342,54,NULL,'2013-04-15',4,'833.330000',NULL,NULL,'37.500000',NULL,NULL,NULL,NULL,NULL,NULL,NULL,NULL,NULL,NULL,'\0',1,'2012-12-15 11:51:04','2012-12-15 11:51:04',1,NULL),(1343,54,NULL,'2013-05-15',5,'833.330000',NULL,NULL,'25.000000',NULL,NULL,NULL,NULL,NULL,NULL,NULL,NULL,NULL,NULL,'\0',1,'2012-12-15 11:51:04','2012-12-15 11:51:04',1,NULL),(1344,54,NULL,'2013-06-15',6,'833.350000',NULL,NULL,'12.500000',NULL,NULL,NULL,NULL,NULL,NULL,NULL,NULL,NULL,NULL,'\0',1,'2012-12-15 11:51:04','2012-12-15 11:51:04',1,NULL),(1345,55,'2010-12-19','2011-12-19',1,'25000.000000',NULL,NULL,'7500.000000',NULL,NULL,NULL,NULL,NULL,NULL,NULL,NULL,NULL,NULL,'\0',1,'2012-12-19 01:36:01','2012-12-19 01:39:26',1,NULL),(1346,55,'2011-12-19','2012-12-19',2,'25000.000000',NULL,NULL,'7500.000000',NULL,NULL,NULL,NULL,NULL,NULL,NULL,NULL,NULL,NULL,'\0',1,'2012-12-19 01:36:01','2012-12-19 01:36:01',1,NULL),(1347,56,'2012-12-22','2013-01-22',1,'2381.000000',NULL,NULL,'2500.000000',NULL,NULL,NULL,NULL,NULL,NULL,NULL,NULL,NULL,NULL,'\0',1,'2012-12-22 06:05:35','2012-12-22 06:05:35',1,NULL),(1348,56,'2013-01-22','2013-02-22',2,'2381.000000',NULL,NULL,'2500.000000',NULL,NULL,NULL,NULL,NULL,NULL,NULL,NULL,NULL,NULL,'\0',1,'2012-12-22 06:05:35','2012-12-22 06:05:35',1,NULL),(1349,56,'2013-02-22','2013-03-22',3,'2381.000000',NULL,NULL,'2500.000000',NULL,NULL,NULL,NULL,NULL,NULL,NULL,NULL,NULL,NULL,'\0',1,'2012-12-22 06:05:35','2012-12-22 06:05:35',1,NULL),(1350,56,'2013-03-22','2013-04-22',4,'2381.000000',NULL,NULL,'2500.000000',NULL,NULL,NULL,NULL,NULL,NULL,NULL,NULL,NULL,NULL,'\0',1,'2012-12-22 06:05:35','2012-12-22 06:05:35',1,NULL),(1351,56,'2013-04-22','2013-05-22',5,'2381.000000',NULL,NULL,'2500.000000',NULL,NULL,NULL,NULL,NULL,NULL,NULL,NULL,NULL,NULL,'\0',1,'2012-12-22 06:05:35','2012-12-22 06:05:35',1,NULL),(1352,56,'2013-05-22','2013-06-22',6,'2381.000000',NULL,NULL,'2500.000000',NULL,NULL,NULL,NULL,NULL,NULL,NULL,NULL,NULL,NULL,'\0',1,'2012-12-22 06:05:35','2012-12-22 06:05:35',1,NULL),(1353,56,'2013-06-22','2013-07-22',7,'2381.000000',NULL,NULL,'2500.000000',NULL,NULL,NULL,NULL,NULL,NULL,NULL,NULL,NULL,NULL,'\0',1,'2012-12-22 06:05:35','2012-12-22 06:05:35',1,NULL),(1354,56,'2013-07-22','2013-08-22',8,'2381.000000',NULL,NULL,'2500.000000',NULL,NULL,NULL,NULL,NULL,NULL,NULL,NULL,NULL,NULL,'\0',1,'2012-12-22 06:05:35','2012-12-22 06:05:35',1,NULL),(1355,56,'2013-08-22','2013-09-22',9,'2381.000000',NULL,NULL,'2500.000000',NULL,NULL,NULL,NULL,NULL,NULL,NULL,NULL,NULL,NULL,'\0',1,'2012-12-22 06:05:35','2012-12-22 06:05:35',1,NULL),(1356,56,'2013-09-22','2013-10-22',10,'2381.000000',NULL,NULL,'2500.000000',NULL,NULL,NULL,NULL,NULL,NULL,NULL,NULL,NULL,NULL,'\0',1,'2012-12-22 06:05:35','2012-12-22 06:05:35',1,NULL),(1357,56,'2013-10-22','2013-11-22',11,'2381.000000',NULL,NULL,'2500.000000',NULL,NULL,NULL,NULL,NULL,NULL,NULL,NULL,NULL,NULL,'\0',1,'2012-12-22 06:05:35','2012-12-22 06:05:35',1,NULL),(1358,56,'2013-11-22','2013-12-22',12,'2381.000000',NULL,NULL,'2500.000000',NULL,NULL,NULL,NULL,NULL,NULL,NULL,NULL,NULL,NULL,'\0',1,'2012-12-22 06:05:35','2012-12-22 06:05:35',1,NULL),(1359,56,'2013-12-22','2014-01-22',13,'2381.000000',NULL,NULL,'2500.000000',NULL,NULL,NULL,NULL,NULL,NULL,NULL,NULL,NULL,NULL,'\0',1,'2012-12-22 06:05:35','2012-12-22 06:05:35',1,NULL),(1360,56,'2014-01-22','2014-02-22',14,'2381.000000',NULL,NULL,'2500.000000',NULL,NULL,NULL,NULL,NULL,NULL,NULL,NULL,NULL,NULL,'\0',1,'2012-12-22 06:05:35','2012-12-22 06:05:35',1,NULL),(1361,56,'2014-02-22','2014-03-22',15,'2381.000000',NULL,NULL,'2500.000000',NULL,NULL,NULL,NULL,NULL,NULL,NULL,NULL,NULL,NULL,'\0',1,'2012-12-22 06:05:35','2012-12-22 06:05:35',1,NULL),(1362,56,'2014-03-22','2014-04-22',16,'2381.000000',NULL,NULL,'2500.000000',NULL,NULL,NULL,NULL,NULL,NULL,NULL,NULL,NULL,NULL,'\0',1,'2012-12-22 06:05:35','2012-12-22 06:05:35',1,NULL),(1363,56,'2014-04-22','2014-05-22',17,'2381.000000',NULL,NULL,'2500.000000',NULL,NULL,NULL,NULL,NULL,NULL,NULL,NULL,NULL,NULL,'\0',1,'2012-12-22 06:05:35','2012-12-22 06:05:35',1,NULL),(1364,56,'2014-05-22','2014-06-22',18,'2381.000000',NULL,NULL,'2500.000000',NULL,NULL,NULL,NULL,NULL,NULL,NULL,NULL,NULL,NULL,'\0',1,'2012-12-22 06:05:35','2012-12-22 06:05:35',1,NULL),(1365,56,'2014-06-22','2014-07-22',19,'2381.000000',NULL,NULL,'2500.000000',NULL,NULL,NULL,NULL,NULL,NULL,NULL,NULL,NULL,NULL,'\0',1,'2012-12-22 06:05:35','2012-12-22 06:05:35',1,NULL),(1366,56,'2014-07-22','2014-08-22',20,'2381.000000',NULL,NULL,'2500.000000',NULL,NULL,NULL,NULL,NULL,NULL,NULL,NULL,NULL,NULL,'\0',1,'2012-12-22 06:05:35','2012-12-22 06:05:35',1,NULL),(1367,56,'2014-08-22','2014-09-22',21,'2381.000000',NULL,NULL,'2500.000000',NULL,NULL,NULL,NULL,NULL,NULL,NULL,NULL,NULL,NULL,'\0',1,'2012-12-22 06:05:35','2012-12-22 06:05:35',1,NULL),(1368,56,'2014-09-22','2014-10-22',22,'2381.000000',NULL,NULL,'2500.000000',NULL,NULL,NULL,NULL,NULL,NULL,NULL,NULL,NULL,NULL,'\0',1,'2012-12-22 06:05:35','2012-12-22 06:05:35',1,NULL),(1369,56,'2014-10-22','2014-11-22',23,'2381.000000',NULL,NULL,'2500.000000',NULL,NULL,NULL,NULL,NULL,NULL,NULL,NULL,NULL,NULL,'\0',1,'2012-12-22 06:05:35','2012-12-22 06:05:35',1,NULL),(1370,56,'2014-11-22','2014-12-22',24,'2381.000000',NULL,NULL,'2500.000000',NULL,NULL,NULL,NULL,NULL,NULL,NULL,NULL,NULL,NULL,'\0',1,'2012-12-22 06:05:35','2012-12-22 06:05:35',1,NULL),(1371,56,'2014-12-22','2015-01-22',25,'2381.000000',NULL,NULL,'2500.000000',NULL,NULL,NULL,NULL,NULL,NULL,NULL,NULL,NULL,NULL,'\0',1,'2012-12-22 06:05:35','2012-12-22 06:05:35',1,NULL),(1372,56,'2015-01-22','2015-02-22',26,'2381.000000',NULL,NULL,'2500.000000',NULL,NULL,NULL,NULL,NULL,NULL,NULL,NULL,NULL,NULL,'\0',1,'2012-12-22 06:05:35','2012-12-22 06:05:35',1,NULL),(1373,56,'2015-02-22','2015-03-22',27,'2381.000000',NULL,NULL,'2500.000000',NULL,NULL,NULL,NULL,NULL,NULL,NULL,NULL,NULL,NULL,'\0',1,'2012-12-22 06:05:35','2012-12-22 06:05:35',1,NULL),(1374,56,'2015-03-22','2015-04-22',28,'2381.000000',NULL,NULL,'2500.000000',NULL,NULL,NULL,NULL,NULL,NULL,NULL,NULL,NULL,NULL,'\0',1,'2012-12-22 06:05:35','2012-12-22 06:05:35',1,NULL),(1375,56,'2015-04-22','2015-05-22',29,'2381.000000',NULL,NULL,'2500.000000',NULL,NULL,NULL,NULL,NULL,NULL,NULL,NULL,NULL,NULL,'\0',1,'2012-12-22 06:05:35','2012-12-22 06:05:35',1,NULL),(1376,56,'2015-05-22','2015-06-22',30,'2381.000000',NULL,NULL,'2500.000000',NULL,NULL,NULL,NULL,NULL,NULL,NULL,NULL,NULL,NULL,'\0',1,'2012-12-22 06:05:35','2012-12-22 06:05:35',1,NULL),(1377,56,'2015-06-22','2015-07-22',31,'2381.000000',NULL,NULL,'2500.000000',NULL,NULL,NULL,NULL,NULL,NULL,NULL,NULL,NULL,NULL,'\0',1,'2012-12-22 06:05:35','2012-12-22 06:05:35',1,NULL),(1378,56,'2015-07-22','2015-08-22',32,'2381.000000',NULL,NULL,'2500.000000',NULL,NULL,NULL,NULL,NULL,NULL,NULL,NULL,NULL,NULL,'\0',1,'2012-12-22 06:05:35','2012-12-22 06:05:35',1,NULL),(1379,56,'2015-08-22','2015-09-22',33,'2381.000000',NULL,NULL,'2500.000000',NULL,NULL,NULL,NULL,NULL,NULL,NULL,NULL,NULL,NULL,'\0',1,'2012-12-22 06:05:35','2012-12-22 06:05:35',1,NULL),(1380,56,'2015-09-22','2015-10-22',34,'2381.000000',NULL,NULL,'2500.000000',NULL,NULL,NULL,NULL,NULL,NULL,NULL,NULL,NULL,NULL,'\0',1,'2012-12-22 06:05:35','2012-12-22 06:05:35',1,NULL),(1381,56,'2015-10-22','2015-11-22',35,'2381.000000',NULL,NULL,'2500.000000',NULL,NULL,NULL,NULL,NULL,NULL,NULL,NULL,NULL,NULL,'\0',1,'2012-12-22 06:05:35','2012-12-22 06:05:35',1,NULL),(1382,56,'2015-11-22','2015-12-22',36,'2381.000000',NULL,NULL,'2500.000000',NULL,NULL,NULL,NULL,NULL,NULL,NULL,NULL,NULL,NULL,'\0',1,'2012-12-22 06:05:35','2012-12-22 06:05:35',1,NULL),(1383,56,'2015-12-22','2016-01-22',37,'2381.000000',NULL,NULL,'2500.000000',NULL,NULL,NULL,NULL,NULL,NULL,NULL,NULL,NULL,NULL,'\0',1,'2012-12-22 06:05:35','2012-12-22 06:05:35',1,NULL),(1384,56,'2016-01-22','2016-02-22',38,'2381.000000',NULL,NULL,'2500.000000',NULL,NULL,NULL,NULL,NULL,NULL,NULL,NULL,NULL,NULL,'\0',1,'2012-12-22 06:05:35','2012-12-22 06:05:35',1,NULL),(1385,56,'2016-02-22','2016-03-22',39,'2381.000000',NULL,NULL,'2500.000000',NULL,NULL,NULL,NULL,NULL,NULL,NULL,NULL,NULL,NULL,'\0',1,'2012-12-22 06:05:35','2012-12-22 06:05:35',1,NULL),(1386,56,'2016-03-22','2016-04-22',40,'2381.000000',NULL,NULL,'2500.000000',NULL,NULL,NULL,NULL,NULL,NULL,NULL,NULL,NULL,NULL,'\0',1,'2012-12-22 06:05:35','2012-12-22 06:05:35',1,NULL),(1387,56,'2016-04-22','2016-05-22',41,'2381.000000',NULL,NULL,'2500.000000',NULL,NULL,NULL,NULL,NULL,NULL,NULL,NULL,NULL,NULL,'\0',1,'2012-12-22 06:05:35','2012-12-22 06:05:35',1,NULL),(1388,56,'2016-05-22','2016-06-22',42,'2381.000000',NULL,NULL,'2500.000000',NULL,NULL,NULL,NULL,NULL,NULL,NULL,NULL,NULL,NULL,'\0',1,'2012-12-22 06:05:35','2012-12-22 06:05:35',1,NULL),(1389,56,'2016-06-22','2016-07-22',43,'2381.000000',NULL,NULL,'2500.000000',NULL,NULL,NULL,NULL,NULL,NULL,NULL,NULL,NULL,NULL,'\0',1,'2012-12-22 06:05:35','2012-12-22 06:05:35',1,NULL),(1390,56,'2016-07-22','2016-08-22',44,'2381.000000',NULL,NULL,'2500.000000',NULL,NULL,NULL,NULL,NULL,NULL,NULL,NULL,NULL,NULL,'\0',1,'2012-12-22 06:05:35','2012-12-22 06:05:35',1,NULL),(1391,56,'2016-08-22','2016-09-22',45,'2381.000000',NULL,NULL,'2500.000000',NULL,NULL,NULL,NULL,NULL,NULL,NULL,NULL,NULL,NULL,'\0',1,'2012-12-22 06:05:35','2012-12-22 06:05:35',1,NULL),(1392,56,'2016-09-22','2016-10-22',46,'2381.000000',NULL,NULL,'2500.000000',NULL,NULL,NULL,NULL,NULL,NULL,NULL,NULL,NULL,NULL,'\0',1,'2012-12-22 06:05:35','2012-12-22 06:05:35',1,NULL),(1393,56,'2016-10-22','2016-11-22',47,'2381.000000',NULL,NULL,'2500.000000',NULL,NULL,NULL,NULL,NULL,NULL,NULL,NULL,NULL,NULL,'\0',1,'2012-12-22 06:05:35','2012-12-22 06:05:35',1,NULL),(1394,56,'2016-11-22','2016-12-22',48,'2381.000000',NULL,NULL,'2500.000000',NULL,NULL,NULL,NULL,NULL,NULL,NULL,NULL,NULL,NULL,'\0',1,'2012-12-22 06:05:35','2012-12-22 06:05:35',1,NULL),(1395,56,'2016-12-22','2017-01-22',49,'2381.000000',NULL,NULL,'2500.000000',NULL,NULL,NULL,NULL,NULL,NULL,NULL,NULL,NULL,NULL,'\0',1,'2012-12-22 06:05:35','2012-12-22 06:05:35',1,NULL),(1396,56,'2017-01-22','2017-02-22',50,'2381.000000',NULL,NULL,'2500.000000',NULL,NULL,NULL,NULL,NULL,NULL,NULL,NULL,NULL,NULL,'\0',1,'2012-12-22 06:05:35','2012-12-22 06:05:35',1,NULL),(1397,56,'2017-02-22','2017-03-22',51,'2381.000000',NULL,NULL,'2500.000000',NULL,NULL,NULL,NULL,NULL,NULL,NULL,NULL,NULL,NULL,'\0',1,'2012-12-22 06:05:35','2012-12-22 06:05:35',1,NULL),(1398,56,'2017-03-22','2017-04-22',52,'2381.000000',NULL,NULL,'2500.000000',NULL,NULL,NULL,NULL,NULL,NULL,NULL,NULL,NULL,NULL,'\0',1,'2012-12-22 06:05:35','2012-12-22 06:05:35',1,NULL),(1399,56,'2017-04-22','2017-05-22',53,'2381.000000',NULL,NULL,'2500.000000',NULL,NULL,NULL,NULL,NULL,NULL,NULL,NULL,NULL,NULL,'\0',1,'2012-12-22 06:05:35','2012-12-22 06:05:35',1,NULL),(1400,56,'2017-05-22','2017-06-22',54,'2381.000000',NULL,NULL,'2500.000000',NULL,NULL,NULL,NULL,NULL,NULL,NULL,NULL,NULL,NULL,'\0',1,'2012-12-22 06:05:35','2012-12-22 06:05:35',1,NULL),(1401,56,'2017-06-22','2017-07-22',55,'2381.000000',NULL,NULL,'2500.000000',NULL,NULL,NULL,NULL,NULL,NULL,NULL,NULL,NULL,NULL,'\0',1,'2012-12-22 06:05:35','2012-12-22 06:05:35',1,NULL),(1402,56,'2017-07-22','2017-08-22',56,'2381.000000',NULL,NULL,'2500.000000',NULL,NULL,NULL,NULL,NULL,NULL,NULL,NULL,NULL,NULL,'\0',1,'2012-12-22 06:05:35','2012-12-22 06:05:35',1,NULL),(1403,56,'2017-08-22','2017-09-22',57,'2381.000000',NULL,NULL,'2500.000000',NULL,NULL,NULL,NULL,NULL,NULL,NULL,NULL,NULL,NULL,'\0',1,'2012-12-22 06:05:35','2012-12-22 06:05:35',1,NULL),(1404,56,'2017-09-22','2017-10-22',58,'2381.000000',NULL,NULL,'2500.000000',NULL,NULL,NULL,NULL,NULL,NULL,NULL,NULL,NULL,NULL,'\0',1,'2012-12-22 06:05:35','2012-12-22 06:05:35',1,NULL),(1405,56,'2017-10-22','2017-11-22',59,'2381.000000',NULL,NULL,'2500.000000',NULL,NULL,NULL,NULL,NULL,NULL,NULL,NULL,NULL,NULL,'\0',1,'2012-12-22 06:05:35','2012-12-22 06:05:35',1,NULL),(1406,56,'2017-11-22','2017-12-22',60,'2381.000000',NULL,NULL,'2500.000000',NULL,NULL,NULL,NULL,NULL,NULL,NULL,NULL,NULL,NULL,'\0',1,'2012-12-22 06:05:35','2012-12-22 06:05:35',1,NULL),(1407,56,'2017-12-22','2018-01-22',61,'2381.000000',NULL,NULL,'2500.000000',NULL,NULL,NULL,NULL,NULL,NULL,NULL,NULL,NULL,NULL,'\0',1,'2012-12-22 06:05:35','2012-12-22 06:05:35',1,NULL),(1408,56,'2018-01-22','2018-02-22',62,'2381.000000',NULL,NULL,'2500.000000',NULL,NULL,NULL,NULL,NULL,NULL,NULL,NULL,NULL,NULL,'\0',1,'2012-12-22 06:05:35','2012-12-22 06:05:35',1,NULL),(1409,56,'2018-02-22','2018-03-22',63,'2381.000000',NULL,NULL,'2500.000000',NULL,NULL,NULL,NULL,NULL,NULL,NULL,NULL,NULL,NULL,'\0',1,'2012-12-22 06:05:35','2012-12-22 06:05:35',1,NULL),(1410,56,'2018-03-22','2018-04-22',64,'2381.000000',NULL,NULL,'2500.000000',NULL,NULL,NULL,NULL,NULL,NULL,NULL,NULL,NULL,NULL,'\0',1,'2012-12-22 06:05:35','2012-12-22 06:05:35',1,NULL),(1411,56,'2018-04-22','2018-05-22',65,'2381.000000',NULL,NULL,'2500.000000',NULL,NULL,NULL,NULL,NULL,NULL,NULL,NULL,NULL,NULL,'\0',1,'2012-12-22 06:05:35','2012-12-22 06:05:35',1,NULL),(1412,56,'2018-05-22','2018-06-22',66,'2381.000000',NULL,NULL,'2500.000000',NULL,NULL,NULL,NULL,NULL,NULL,NULL,NULL,NULL,NULL,'\0',1,'2012-12-22 06:05:35','2012-12-22 06:05:35',1,NULL),(1413,56,'2018-06-22','2018-07-22',67,'2381.000000',NULL,NULL,'2500.000000',NULL,NULL,NULL,NULL,NULL,NULL,NULL,NULL,NULL,NULL,'\0',1,'2012-12-22 06:05:35','2012-12-22 06:05:35',1,NULL),(1414,56,'2018-07-22','2018-08-22',68,'2381.000000',NULL,NULL,'2500.000000',NULL,NULL,NULL,NULL,NULL,NULL,NULL,NULL,NULL,NULL,'\0',1,'2012-12-22 06:05:35','2012-12-22 06:05:35',1,NULL),(1415,56,'2018-08-22','2018-09-22',69,'2381.000000',NULL,NULL,'2500.000000',NULL,NULL,NULL,NULL,NULL,NULL,NULL,NULL,NULL,NULL,'\0',1,'2012-12-22 06:05:35','2012-12-22 06:05:35',1,NULL),(1416,56,'2018-09-22','2018-10-22',70,'2381.000000',NULL,NULL,'2500.000000',NULL,NULL,NULL,NULL,NULL,NULL,NULL,NULL,NULL,NULL,'\0',1,'2012-12-22 06:05:35','2012-12-22 06:05:35',1,NULL),(1417,56,'2018-10-22','2018-11-22',71,'2381.000000',NULL,NULL,'2500.000000',NULL,NULL,NULL,NULL,NULL,NULL,NULL,NULL,NULL,NULL,'\0',1,'2012-12-22 06:05:35','2012-12-22 06:05:35',1,NULL),(1418,56,'2018-11-22','2018-12-22',72,'2381.000000',NULL,NULL,'2500.000000',NULL,NULL,NULL,NULL,NULL,NULL,NULL,NULL,NULL,NULL,'\0',1,'2012-12-22 06:05:35','2012-12-22 06:05:35',1,NULL),(1419,56,'2018-12-22','2019-01-22',73,'2381.000000',NULL,NULL,'2500.000000',NULL,NULL,NULL,NULL,NULL,NULL,NULL,NULL,NULL,NULL,'\0',1,'2012-12-22 06:05:35','2012-12-22 06:05:35',1,NULL),(1420,56,'2019-01-22','2019-02-22',74,'2381.000000',NULL,NULL,'2500.000000',NULL,NULL,NULL,NULL,NULL,NULL,NULL,NULL,NULL,NULL,'\0',1,'2012-12-22 06:05:35','2012-12-22 06:05:35',1,NULL),(1421,56,'2019-02-22','2019-03-22',75,'2381.000000',NULL,NULL,'2500.000000',NULL,NULL,NULL,NULL,NULL,NULL,NULL,NULL,NULL,NULL,'\0',1,'2012-12-22 06:05:35','2012-12-22 06:05:35',1,NULL),(1422,56,'2019-03-22','2019-04-22',76,'2381.000000',NULL,NULL,'2500.000000',NULL,NULL,NULL,NULL,NULL,NULL,NULL,NULL,NULL,NULL,'\0',1,'2012-12-22 06:05:35','2012-12-22 06:05:35',1,NULL),(1423,56,'2019-04-22','2019-05-22',77,'2381.000000',NULL,NULL,'2500.000000',NULL,NULL,NULL,NULL,NULL,NULL,NULL,NULL,NULL,NULL,'\0',1,'2012-12-22 06:05:35','2012-12-22 06:05:35',1,NULL),(1424,56,'2019-05-22','2019-06-22',78,'2381.000000',NULL,NULL,'2500.000000',NULL,NULL,NULL,NULL,NULL,NULL,NULL,NULL,NULL,NULL,'\0',1,'2012-12-22 06:05:35','2012-12-22 06:05:35',1,NULL),(1425,56,'2019-06-22','2019-07-22',79,'2381.000000',NULL,NULL,'2500.000000',NULL,NULL,NULL,NULL,NULL,NULL,NULL,NULL,NULL,NULL,'\0',1,'2012-12-22 06:05:35','2012-12-22 06:05:35',1,NULL),(1426,56,'2019-07-22','2019-08-22',80,'2381.000000',NULL,NULL,'2500.000000',NULL,NULL,NULL,NULL,NULL,NULL,NULL,NULL,NULL,NULL,'\0',1,'2012-12-22 06:05:35','2012-12-22 06:05:35',1,NULL),(1427,56,'2019-08-22','2019-09-22',81,'2381.000000',NULL,NULL,'2500.000000',NULL,NULL,NULL,NULL,NULL,NULL,NULL,NULL,NULL,NULL,'\0',1,'2012-12-22 06:05:35','2012-12-22 06:05:35',1,NULL),(1428,56,'2019-09-22','2019-10-22',82,'2381.000000',NULL,NULL,'2500.000000',NULL,NULL,NULL,NULL,NULL,NULL,NULL,NULL,NULL,NULL,'\0',1,'2012-12-22 06:05:35','2012-12-22 06:05:35',1,NULL),(1429,56,'2019-10-22','2019-11-22',83,'2381.000000',NULL,NULL,'2500.000000',NULL,NULL,NULL,NULL,NULL,NULL,NULL,NULL,NULL,NULL,'\0',1,'2012-12-22 06:05:35','2012-12-22 06:05:35',1,NULL),(1430,56,'2019-11-22','2019-12-22',84,'2377.000000',NULL,NULL,'2500.000000',NULL,NULL,NULL,NULL,NULL,NULL,NULL,NULL,NULL,NULL,'\0',1,'2012-12-22 06:05:35','2012-12-22 06:05:35',1,NULL),(1441,57,'2012-12-22','2013-01-05',1,'3427.920000',NULL,NULL,'161.540000',NULL,NULL,NULL,NULL,NULL,NULL,NULL,NULL,NULL,NULL,'\0',1,'2012-12-22 09:03:31','2012-12-22 09:03:59',1,'161.540000'),(1442,57,'2013-01-05','2013-01-19',2,'3443.740000',NULL,NULL,'145.720000',NULL,NULL,NULL,NULL,NULL,NULL,NULL,NULL,NULL,NULL,'\0',1,'2012-12-22 09:03:31','2012-12-22 09:03:59',1,'145.720000'),(1443,57,'2013-01-19','2013-02-02',3,'3459.640000',NULL,NULL,'129.820000',NULL,NULL,NULL,NULL,NULL,NULL,NULL,NULL,NULL,NULL,'\0',1,'2012-12-22 09:03:31','2012-12-22 09:03:59',1,'129.820000'),(1444,57,'2013-02-02','2013-02-16',4,'3475.600000',NULL,NULL,'113.860000',NULL,NULL,NULL,NULL,NULL,NULL,NULL,NULL,NULL,NULL,'\0',1,'2012-12-22 09:03:31','2012-12-22 09:03:59',1,'113.860000'),(1445,57,'2013-02-16','2013-03-02',5,'3491.650000',NULL,NULL,'97.810000',NULL,NULL,NULL,NULL,NULL,NULL,NULL,NULL,NULL,NULL,'\0',1,'2012-12-22 09:03:31','2012-12-22 09:03:59',1,'97.810000'),(1446,57,'2013-03-02','2013-03-16',6,'3507.760000',NULL,NULL,'81.700000',NULL,NULL,NULL,NULL,NULL,NULL,NULL,NULL,NULL,NULL,'\0',1,'2012-12-22 09:03:31','2012-12-22 09:03:59',1,'81.700000'),(1447,57,'2013-03-16','2013-03-30',7,'3523.950000',NULL,NULL,'65.510000',NULL,NULL,NULL,NULL,NULL,NULL,NULL,NULL,NULL,NULL,'\0',1,'2012-12-22 09:03:31','2012-12-22 09:03:59',1,'65.510000'),(1448,57,'2013-03-30','2013-04-13',8,'3540.220000',NULL,NULL,'49.240000',NULL,NULL,NULL,NULL,NULL,NULL,NULL,NULL,NULL,NULL,'\0',1,'2012-12-22 09:03:31','2012-12-22 09:03:59',1,'49.240000'),(1449,57,'2013-04-13','2013-04-27',9,'3556.550000',NULL,NULL,'32.910000',NULL,NULL,NULL,NULL,NULL,NULL,NULL,NULL,NULL,NULL,'\0',1,'2012-12-22 09:03:31','2012-12-22 09:03:59',1,'32.910000'),(1450,57,'2013-04-27','2013-05-11',10,'3572.970000',NULL,NULL,'16.490000',NULL,NULL,NULL,NULL,NULL,NULL,NULL,NULL,NULL,NULL,'\0',1,'2012-12-22 09:03:31','2012-12-22 09:03:59',1,'16.490000'),(1451,48,'2012-12-01','2013-12-01',1,'100000.000000',NULL,NULL,'21000.000000',NULL,NULL,NULL,NULL,NULL,NULL,NULL,NULL,NULL,NULL,'\0',1,'2012-12-22 09:13:33','2012-12-22 09:13:33',1,NULL),(1452,58,'2012-12-22','2013-01-22',1,'4167.000000',NULL,NULL,'625.000000',NULL,NULL,NULL,NULL,NULL,NULL,NULL,NULL,NULL,NULL,'\0',1,'2012-12-22 09:21:45','2012-12-22 09:21:45',1,NULL),(1453,58,'2013-01-22','2013-02-22',2,'4167.000000',NULL,NULL,'625.000000',NULL,NULL,NULL,NULL,NULL,NULL,NULL,NULL,NULL,NULL,'\0',1,'2012-12-22 09:21:45','2012-12-22 09:21:45',1,NULL),(1454,58,'2013-02-22','2013-03-22',3,'4167.000000',NULL,NULL,'625.000000',NULL,NULL,NULL,NULL,NULL,NULL,NULL,NULL,NULL,NULL,'\0',1,'2012-12-22 09:21:45','2012-12-22 09:21:45',1,NULL),(1455,58,'2013-03-22','2013-04-22',4,'4167.000000',NULL,NULL,'625.000000',NULL,NULL,NULL,NULL,NULL,NULL,NULL,NULL,NULL,NULL,'\0',1,'2012-12-22 09:21:45','2012-12-22 09:21:45',1,NULL),(1456,58,'2013-04-22','2013-05-22',5,'4167.000000',NULL,NULL,'625.000000',NULL,NULL,NULL,NULL,NULL,NULL,NULL,NULL,NULL,NULL,'\0',1,'2012-12-22 09:21:45','2012-12-22 09:21:45',1,NULL),(1457,58,'2013-05-22','2013-06-22',6,'4167.000000',NULL,NULL,'625.000000',NULL,NULL,NULL,NULL,NULL,NULL,NULL,NULL,NULL,NULL,'\0',1,'2012-12-22 09:21:45','2012-12-22 09:21:45',1,NULL),(1458,58,'2013-06-22','2013-07-22',7,'4167.000000',NULL,NULL,'625.000000',NULL,NULL,NULL,NULL,NULL,NULL,NULL,NULL,NULL,NULL,'\0',1,'2012-12-22 09:21:45','2012-12-22 09:21:45',1,NULL),(1459,58,'2013-07-22','2013-08-22',8,'4167.000000',NULL,NULL,'625.000000',NULL,NULL,NULL,NULL,NULL,NULL,NULL,NULL,NULL,NULL,'\0',1,'2012-12-22 09:21:45','2012-12-22 09:21:45',1,NULL),(1460,58,'2013-08-22','2013-09-22',9,'4167.000000',NULL,NULL,'625.000000',NULL,NULL,NULL,NULL,NULL,NULL,NULL,NULL,NULL,NULL,'\0',1,'2012-12-22 09:21:45','2012-12-22 09:21:45',1,NULL),(1461,58,'2013-09-22','2013-10-22',10,'4167.000000',NULL,NULL,'625.000000',NULL,NULL,NULL,NULL,NULL,NULL,NULL,NULL,NULL,NULL,'\0',1,'2012-12-22 09:21:45','2012-12-22 09:21:45',1,NULL),(1462,58,'2013-10-22','2013-11-22',11,'4167.000000',NULL,NULL,'625.000000',NULL,NULL,NULL,NULL,NULL,NULL,NULL,NULL,NULL,NULL,'\0',1,'2012-12-22 09:21:45','2012-12-22 09:21:45',1,NULL),(1463,58,'2013-11-22','2013-12-22',12,'4163.000000',NULL,NULL,'625.000000',NULL,NULL,NULL,NULL,NULL,NULL,NULL,NULL,NULL,NULL,'\0',1,'2012-12-22 09:21:45','2012-12-22 09:21:45',1,NULL),(1464,59,'2012-12-23','2013-01-23',1,NULL,NULL,NULL,'140000.000000',NULL,NULL,NULL,NULL,NULL,NULL,NULL,NULL,NULL,NULL,'\0',1,'2012-12-23 19:04:49','2012-12-23 19:04:49',1,NULL),(1465,59,'2013-01-23','2013-02-23',2,NULL,NULL,NULL,'140000.000000',NULL,NULL,NULL,NULL,NULL,NULL,NULL,NULL,NULL,NULL,'\0',1,'2012-12-23 19:04:49','2012-12-23 19:04:49',1,NULL),(1466,59,'2013-02-23','2013-03-23',3,NULL,NULL,NULL,'140000.000000',NULL,NULL,NULL,NULL,NULL,NULL,NULL,NULL,NULL,NULL,'\0',1,'2012-12-23 19:04:49','2012-12-23 19:04:49',1,NULL),(1467,59,'2013-03-23','2013-04-23',4,NULL,NULL,NULL,'140000.000000',NULL,NULL,NULL,NULL,NULL,NULL,NULL,NULL,NULL,NULL,'\0',1,'2012-12-23 19:04:49','2012-12-23 19:04:49',1,NULL),(1468,59,'2013-04-23','2013-05-23',5,NULL,NULL,NULL,'140000.000000',NULL,NULL,NULL,NULL,NULL,NULL,NULL,NULL,NULL,NULL,'\0',1,'2012-12-23 19:04:49','2012-12-23 19:04:49',1,NULL),(1469,59,'2013-05-23','2013-06-23',6,NULL,NULL,NULL,'140000.000000',NULL,NULL,NULL,NULL,NULL,NULL,NULL,NULL,NULL,NULL,'\0',1,'2012-12-23 19:04:49','2012-12-23 19:04:49',1,NULL),(1470,59,'2013-06-23','2013-07-23',7,NULL,NULL,NULL,'140000.000000',NULL,NULL,NULL,NULL,NULL,NULL,NULL,NULL,NULL,NULL,'\0',1,'2012-12-23 19:04:49','2012-12-23 19:04:49',1,NULL),(1471,59,'2013-07-23','2013-08-23',8,NULL,NULL,NULL,'140000.000000',NULL,NULL,NULL,NULL,NULL,NULL,NULL,NULL,NULL,NULL,'\0',1,'2012-12-23 19:04:49','2012-12-23 19:04:49',1,NULL),(1472,59,'2013-08-23','2013-09-23',9,NULL,NULL,NULL,'140000.000000',NULL,NULL,NULL,NULL,NULL,NULL,NULL,NULL,NULL,NULL,'\0',1,'2012-12-23 19:04:49','2012-12-23 19:04:49',1,NULL),(1473,59,'2013-09-23','2013-10-23',10,NULL,NULL,NULL,'140000.000000',NULL,NULL,NULL,NULL,NULL,NULL,NULL,NULL,NULL,NULL,'\0',1,'2012-12-23 19:04:49','2012-12-23 19:04:49',1,NULL),(1474,59,'2013-10-23','2013-11-23',11,NULL,NULL,NULL,'140000.000000',NULL,NULL,NULL,NULL,NULL,NULL,NULL,NULL,NULL,NULL,'\0',1,'2012-12-23 19:04:49','2012-12-23 19:04:49',1,NULL),(1475,59,'2013-11-23','2013-12-23',12,NULL,NULL,NULL,'140000.000000',NULL,NULL,NULL,NULL,NULL,NULL,NULL,NULL,NULL,NULL,'\0',1,'2012-12-23 19:04:49','2012-12-23 19:04:49',1,NULL),(1476,59,'2013-12-23','2014-01-23',13,NULL,NULL,NULL,'140000.000000',NULL,NULL,NULL,NULL,NULL,NULL,NULL,NULL,NULL,NULL,'\0',1,'2012-12-23 19:04:49','2012-12-23 19:04:49',1,NULL),(1477,59,'2014-01-23','2014-02-23',14,NULL,NULL,NULL,'140000.000000',NULL,NULL,NULL,NULL,NULL,NULL,NULL,NULL,NULL,NULL,'\0',1,'2012-12-23 19:04:49','2012-12-23 19:04:49',1,NULL),(1478,59,'2014-02-23','2014-03-23',15,NULL,NULL,NULL,'140000.000000',NULL,NULL,NULL,NULL,NULL,NULL,NULL,NULL,NULL,NULL,'\0',1,'2012-12-23 19:04:49','2012-12-23 19:04:49',1,NULL),(1479,59,'2014-03-23','2014-04-23',16,NULL,NULL,NULL,'140000.000000',NULL,NULL,NULL,NULL,NULL,NULL,NULL,NULL,NULL,NULL,'\0',1,'2012-12-23 19:04:49','2012-12-23 19:04:49',1,NULL),(1480,59,'2014-04-23','2014-05-23',17,NULL,NULL,NULL,'140000.000000',NULL,NULL,NULL,NULL,NULL,NULL,NULL,NULL,NULL,NULL,'\0',1,'2012-12-23 19:04:49','2012-12-23 19:04:49',1,NULL),(1481,59,'2014-05-23','2014-06-23',18,NULL,NULL,NULL,'140000.000000',NULL,NULL,NULL,NULL,NULL,NULL,NULL,NULL,NULL,NULL,'\0',1,'2012-12-23 19:04:49','2012-12-23 19:04:49',1,NULL),(1482,59,'2014-06-23','2014-07-23',19,NULL,NULL,NULL,'140000.000000',NULL,NULL,NULL,NULL,NULL,NULL,NULL,NULL,NULL,NULL,'\0',1,'2012-12-23 19:04:49','2012-12-23 19:04:49',1,NULL),(1483,59,'2014-07-23','2014-08-23',20,NULL,NULL,NULL,'140000.000000',NULL,NULL,NULL,NULL,NULL,NULL,NULL,NULL,NULL,NULL,'\0',1,'2012-12-23 19:04:49','2012-12-23 19:04:49',1,NULL),(1484,59,'2014-08-23','2014-09-23',21,NULL,NULL,NULL,'140000.000000',NULL,NULL,NULL,NULL,NULL,NULL,NULL,NULL,NULL,NULL,'\0',1,'2012-12-23 19:04:49','2012-12-23 19:04:49',1,NULL),(1485,59,'2014-09-23','2014-10-23',22,NULL,NULL,NULL,'140000.000000',NULL,NULL,NULL,NULL,NULL,NULL,NULL,NULL,NULL,NULL,'\0',1,'2012-12-23 19:04:49','2012-12-23 19:04:49',1,NULL),(1486,59,'2014-10-23','2014-11-23',23,NULL,NULL,NULL,'140000.000000',NULL,NULL,NULL,NULL,NULL,NULL,NULL,NULL,NULL,NULL,'\0',1,'2012-12-23 19:04:49','2012-12-23 19:04:49',1,NULL),(1487,59,'2014-11-23','2014-12-23',24,NULL,NULL,NULL,'140000.000000',NULL,NULL,NULL,NULL,NULL,NULL,NULL,NULL,NULL,NULL,'\0',1,'2012-12-23 19:04:49','2012-12-23 19:04:49',1,NULL),(1488,59,'2014-12-23','2015-01-23',25,NULL,NULL,NULL,'140000.000000',NULL,NULL,NULL,NULL,NULL,NULL,NULL,NULL,NULL,NULL,'\0',1,'2012-12-23 19:04:49','2012-12-23 19:04:49',1,NULL),(1489,59,'2015-01-23','2015-02-23',26,NULL,NULL,NULL,'140000.000000',NULL,NULL,NULL,NULL,NULL,NULL,NULL,NULL,NULL,NULL,'\0',1,'2012-12-23 19:04:49','2012-12-23 19:04:49',1,NULL),(1490,59,'2015-02-23','2015-03-23',27,NULL,NULL,NULL,'140000.000000',NULL,NULL,NULL,NULL,NULL,NULL,NULL,NULL,NULL,NULL,'\0',1,'2012-12-23 19:04:49','2012-12-23 19:04:49',1,NULL),(1491,59,'2015-03-23','2015-04-23',28,NULL,NULL,NULL,'140000.000000',NULL,NULL,NULL,NULL,NULL,NULL,NULL,NULL,NULL,NULL,'\0',1,'2012-12-23 19:04:49','2012-12-23 19:04:49',1,NULL),(1492,59,'2015-04-23','2015-05-23',29,NULL,NULL,NULL,'140000.000000',NULL,NULL,NULL,NULL,NULL,NULL,NULL,NULL,NULL,NULL,'\0',1,'2012-12-23 19:04:49','2012-12-23 19:04:49',1,NULL),(1493,59,'2015-05-23','2015-06-23',30,NULL,NULL,NULL,'140000.000000',NULL,NULL,NULL,NULL,NULL,NULL,NULL,NULL,NULL,NULL,'\0',1,'2012-12-23 19:04:49','2012-12-23 19:04:49',1,NULL),(1494,59,'2015-06-23','2015-07-23',31,NULL,NULL,NULL,'140000.000000',NULL,NULL,NULL,NULL,NULL,NULL,NULL,NULL,NULL,NULL,'\0',1,'2012-12-23 19:04:49','2012-12-23 19:04:49',1,NULL),(1495,59,'2015-07-23','2015-08-23',32,NULL,NULL,NULL,'140000.000000',NULL,NULL,NULL,NULL,NULL,NULL,NULL,NULL,NULL,NULL,'\0',1,'2012-12-23 19:04:49','2012-12-23 19:04:49',1,NULL),(1496,59,'2015-08-23','2015-09-23',33,NULL,NULL,NULL,'140000.000000',NULL,NULL,NULL,NULL,NULL,NULL,NULL,NULL,NULL,NULL,'\0',1,'2012-12-23 19:04:49','2012-12-23 19:04:49',1,NULL),(1497,59,'2015-09-23','2015-10-23',34,NULL,NULL,NULL,'140000.000000',NULL,NULL,NULL,NULL,NULL,NULL,NULL,NULL,NULL,NULL,'\0',1,'2012-12-23 19:04:49','2012-12-23 19:04:49',1,NULL),(1498,59,'2015-10-23','2015-11-23',35,NULL,NULL,NULL,'140000.000000',NULL,NULL,NULL,NULL,NULL,NULL,NULL,NULL,NULL,NULL,'\0',1,'2012-12-23 19:04:49','2012-12-23 19:04:49',1,NULL),(1499,59,'2015-11-23','2015-12-23',36,NULL,NULL,NULL,'140000.000000',NULL,NULL,NULL,NULL,NULL,NULL,NULL,NULL,NULL,NULL,'\0',1,'2012-12-23 19:04:49','2012-12-23 19:04:49',1,NULL),(1500,59,'2015-12-23','2016-01-23',37,NULL,NULL,NULL,'140000.000000',NULL,NULL,NULL,NULL,NULL,NULL,NULL,NULL,NULL,NULL,'\0',1,'2012-12-23 19:04:49','2012-12-23 19:04:49',1,NULL),(1501,59,'2016-01-23','2016-02-23',38,NULL,NULL,NULL,'140000.000000',NULL,NULL,NULL,NULL,NULL,NULL,NULL,NULL,NULL,NULL,'\0',1,'2012-12-23 19:04:49','2012-12-23 19:04:49',1,NULL),(1502,59,'2016-02-23','2016-03-23',39,NULL,NULL,NULL,'140000.000000',NULL,NULL,NULL,NULL,NULL,NULL,NULL,NULL,NULL,NULL,'\0',1,'2012-12-23 19:04:49','2012-12-23 19:04:49',1,NULL),(1503,59,'2016-03-23','2016-04-23',40,NULL,NULL,NULL,'140000.000000',NULL,NULL,NULL,NULL,NULL,NULL,NULL,NULL,NULL,NULL,'\0',1,'2012-12-23 19:04:49','2012-12-23 19:04:49',1,NULL),(1504,59,'2016-04-23','2016-05-23',41,NULL,NULL,NULL,'140000.000000',NULL,NULL,NULL,NULL,NULL,NULL,NULL,NULL,NULL,NULL,'\0',1,'2012-12-23 19:04:49','2012-12-23 19:04:49',1,NULL),(1505,59,'2016-05-23','2016-06-23',42,NULL,NULL,NULL,'140000.000000',NULL,NULL,NULL,NULL,NULL,NULL,NULL,NULL,NULL,NULL,'\0',1,'2012-12-23 19:04:49','2012-12-23 19:04:49',1,NULL),(1506,59,'2016-06-23','2016-07-23',43,NULL,NULL,NULL,'140000.000000',NULL,NULL,NULL,NULL,NULL,NULL,NULL,NULL,NULL,NULL,'\0',1,'2012-12-23 19:04:49','2012-12-23 19:04:49',1,NULL),(1507,59,'2016-07-23','2016-08-23',44,NULL,NULL,NULL,'140000.000000',NULL,NULL,NULL,NULL,NULL,NULL,NULL,NULL,NULL,NULL,'\0',1,'2012-12-23 19:04:49','2012-12-23 19:04:49',1,NULL),(1508,59,'2016-08-23','2016-09-23',45,NULL,NULL,NULL,'140000.000000',NULL,NULL,NULL,NULL,NULL,NULL,NULL,NULL,NULL,NULL,'\0',1,'2012-12-23 19:04:49','2012-12-23 19:04:49',1,NULL),(1509,59,'2016-09-23','2016-10-23',46,NULL,NULL,NULL,'140000.000000',NULL,NULL,NULL,NULL,NULL,NULL,NULL,NULL,NULL,NULL,'\0',1,'2012-12-23 19:04:49','2012-12-23 19:04:49',1,NULL),(1510,59,'2016-10-23','2016-11-23',47,NULL,NULL,NULL,'140000.000000',NULL,NULL,NULL,NULL,NULL,NULL,NULL,NULL,NULL,NULL,'\0',1,'2012-12-23 19:04:49','2012-12-23 19:04:49',1,NULL),(1511,59,'2016-11-23','2016-12-23',48,NULL,NULL,NULL,'140000.000000',NULL,NULL,NULL,NULL,NULL,NULL,NULL,NULL,NULL,NULL,'\0',1,'2012-12-23 19:04:49','2012-12-23 19:04:49',1,NULL),(1512,59,'2016-12-23','2017-01-23',49,NULL,NULL,NULL,'140000.000000',NULL,NULL,NULL,NULL,NULL,NULL,NULL,NULL,NULL,NULL,'\0',1,'2012-12-23 19:04:49','2012-12-23 19:04:49',1,NULL),(1513,59,'2017-01-23','2017-02-23',50,NULL,NULL,NULL,'140000.000000',NULL,NULL,NULL,NULL,NULL,NULL,NULL,NULL,NULL,NULL,'\0',1,'2012-12-23 19:04:49','2012-12-23 19:04:49',1,NULL),(1514,59,'2017-02-23','2017-03-23',51,NULL,NULL,NULL,'140000.000000',NULL,NULL,NULL,NULL,NULL,NULL,NULL,NULL,NULL,NULL,'\0',1,'2012-12-23 19:04:49','2012-12-23 19:04:49',1,NULL),(1515,59,'2017-03-23','2017-04-23',52,NULL,NULL,NULL,'140000.000000',NULL,NULL,NULL,NULL,NULL,NULL,NULL,NULL,NULL,NULL,'\0',1,'2012-12-23 19:04:49','2012-12-23 19:04:49',1,NULL),(1516,59,'2017-04-23','2017-05-23',53,NULL,NULL,NULL,'140000.000000',NULL,NULL,NULL,NULL,NULL,NULL,NULL,NULL,NULL,NULL,'\0',1,'2012-12-23 19:04:49','2012-12-23 19:04:49',1,NULL),(1517,59,'2017-05-23','2017-06-23',54,NULL,NULL,NULL,'140000.000000',NULL,NULL,NULL,NULL,NULL,NULL,NULL,NULL,NULL,NULL,'\0',1,'2012-12-23 19:04:49','2012-12-23 19:04:49',1,NULL),(1518,59,'2017-06-23','2017-07-23',55,NULL,NULL,NULL,'140000.000000',NULL,NULL,NULL,NULL,NULL,NULL,NULL,NULL,NULL,NULL,'\0',1,'2012-12-23 19:04:49','2012-12-23 19:04:49',1,NULL),(1519,59,'2017-07-23','2017-08-23',56,NULL,NULL,NULL,'140000.000000',NULL,NULL,NULL,NULL,NULL,NULL,NULL,NULL,NULL,NULL,'\0',1,'2012-12-23 19:04:49','2012-12-23 19:04:49',1,NULL),(1520,59,'2017-08-23','2017-09-23',57,NULL,NULL,NULL,'140000.000000',NULL,NULL,NULL,NULL,NULL,NULL,NULL,NULL,NULL,NULL,'\0',1,'2012-12-23 19:04:49','2012-12-23 19:04:49',1,NULL),(1521,59,'2017-09-23','2017-10-23',58,NULL,NULL,NULL,'140000.000000',NULL,NULL,NULL,NULL,NULL,NULL,NULL,NULL,NULL,NULL,'\0',1,'2012-12-23 19:04:49','2012-12-23 19:04:49',1,NULL),(1522,59,'2017-10-23','2017-11-23',59,NULL,NULL,NULL,'140000.000000',NULL,NULL,NULL,NULL,NULL,NULL,NULL,NULL,NULL,NULL,'\0',1,'2012-12-23 19:04:49','2012-12-23 19:04:49',1,NULL),(1523,59,'2017-11-23','2017-12-23',60,NULL,NULL,NULL,'140000.000000',NULL,NULL,NULL,NULL,NULL,NULL,NULL,NULL,NULL,NULL,'\0',1,'2012-12-23 19:04:49','2012-12-23 19:04:49',1,NULL),(1524,59,'2017-12-23','2018-01-23',61,NULL,NULL,NULL,'140000.000000',NULL,NULL,NULL,NULL,NULL,NULL,NULL,NULL,NULL,NULL,'\0',1,'2012-12-23 19:04:49','2012-12-23 19:04:49',1,NULL),(1525,59,'2018-01-23','2018-02-23',62,NULL,NULL,NULL,'140000.000000',NULL,NULL,NULL,NULL,NULL,NULL,NULL,NULL,NULL,NULL,'\0',1,'2012-12-23 19:04:49','2012-12-23 19:04:49',1,NULL),(1526,59,'2018-02-23','2018-03-23',63,NULL,NULL,NULL,'140000.000000',NULL,NULL,NULL,NULL,NULL,NULL,NULL,NULL,NULL,NULL,'\0',1,'2012-12-23 19:04:49','2012-12-23 19:04:49',1,NULL),(1527,59,'2018-03-23','2018-04-23',64,NULL,NULL,NULL,'140000.000000',NULL,NULL,NULL,NULL,NULL,NULL,NULL,NULL,NULL,NULL,'\0',1,'2012-12-23 19:04:49','2012-12-23 19:04:49',1,NULL),(1528,59,'2018-04-23','2018-05-23',65,NULL,NULL,NULL,'140000.000000',NULL,NULL,NULL,NULL,NULL,NULL,NULL,NULL,NULL,NULL,'\0',1,'2012-12-23 19:04:49','2012-12-23 19:04:49',1,NULL),(1529,59,'2018-05-23','2018-06-23',66,NULL,NULL,NULL,'140000.000000',NULL,NULL,NULL,NULL,NULL,NULL,NULL,NULL,NULL,NULL,'\0',1,'2012-12-23 19:04:49','2012-12-23 19:04:49',1,NULL),(1530,59,'2018-06-23','2018-07-23',67,NULL,NULL,NULL,'140000.000000',NULL,NULL,NULL,NULL,NULL,NULL,NULL,NULL,NULL,NULL,'\0',1,'2012-12-23 19:04:49','2012-12-23 19:04:49',1,NULL),(1531,59,'2018-07-23','2018-08-23',68,NULL,NULL,NULL,'140000.000000',NULL,NULL,NULL,NULL,NULL,NULL,NULL,NULL,NULL,NULL,'\0',1,'2012-12-23 19:04:49','2012-12-23 19:04:49',1,NULL),(1532,59,'2018-08-23','2018-09-23',69,NULL,NULL,NULL,'140000.000000',NULL,NULL,NULL,NULL,NULL,NULL,NULL,NULL,NULL,NULL,'\0',1,'2012-12-23 19:04:49','2012-12-23 19:04:49',1,NULL),(1533,59,'2018-09-23','2018-10-23',70,NULL,NULL,NULL,'140000.000000',NULL,NULL,NULL,NULL,NULL,NULL,NULL,NULL,NULL,NULL,'\0',1,'2012-12-23 19:04:49','2012-12-23 19:04:49',1,NULL),(1534,59,'2018-10-23','2018-11-23',71,NULL,NULL,NULL,'140000.000000',NULL,NULL,NULL,NULL,NULL,NULL,NULL,NULL,NULL,NULL,'\0',1,'2012-12-23 19:04:49','2012-12-23 19:04:49',1,NULL),(1535,59,'2018-11-23','2018-12-23',72,NULL,NULL,NULL,'140000.000000',NULL,NULL,NULL,NULL,NULL,NULL,NULL,NULL,NULL,NULL,'\0',1,'2012-12-23 19:04:49','2012-12-23 19:04:49',1,NULL),(1536,59,'2018-12-23','2019-01-23',73,NULL,NULL,NULL,'140000.000000',NULL,NULL,NULL,NULL,NULL,NULL,NULL,NULL,NULL,NULL,'\0',1,'2012-12-23 19:04:49','2012-12-23 19:04:49',1,NULL),(1537,59,'2019-01-23','2019-02-23',74,NULL,NULL,NULL,'140000.000000',NULL,NULL,NULL,NULL,NULL,NULL,NULL,NULL,NULL,NULL,'\0',1,'2012-12-23 19:04:49','2012-12-23 19:04:49',1,NULL),(1538,59,'2019-02-23','2019-03-23',75,NULL,NULL,NULL,'140000.000000',NULL,NULL,NULL,NULL,NULL,NULL,NULL,NULL,NULL,NULL,'\0',1,'2012-12-23 19:04:49','2012-12-23 19:04:49',1,NULL),(1539,59,'2019-03-23','2019-04-23',76,NULL,NULL,NULL,'140000.000000',NULL,NULL,NULL,NULL,NULL,NULL,NULL,NULL,NULL,NULL,'\0',1,'2012-12-23 19:04:49','2012-12-23 19:04:49',1,NULL),(1540,59,'2019-04-23','2019-05-23',77,NULL,NULL,NULL,'140000.000000',NULL,NULL,NULL,NULL,NULL,NULL,NULL,NULL,NULL,NULL,'\0',1,'2012-12-23 19:04:49','2012-12-23 19:04:49',1,NULL),(1541,59,'2019-05-23','2019-06-23',78,NULL,NULL,NULL,'140000.000000',NULL,NULL,NULL,NULL,NULL,NULL,NULL,NULL,NULL,NULL,'\0',1,'2012-12-23 19:04:49','2012-12-23 19:04:49',1,NULL),(1542,59,'2019-06-23','2019-07-23',79,NULL,NULL,NULL,'140000.000000',NULL,NULL,NULL,NULL,NULL,NULL,NULL,NULL,NULL,NULL,'\0',1,'2012-12-23 19:04:49','2012-12-23 19:04:49',1,NULL),(1543,59,'2019-07-23','2019-08-23',80,NULL,NULL,NULL,'140000.000000',NULL,NULL,NULL,NULL,NULL,NULL,NULL,NULL,NULL,NULL,'\0',1,'2012-12-23 19:04:49','2012-12-23 19:04:49',1,NULL),(1544,59,'2019-08-23','2019-09-23',81,NULL,NULL,NULL,'140000.000000',NULL,NULL,NULL,NULL,NULL,NULL,NULL,NULL,NULL,NULL,'\0',1,'2012-12-23 19:04:49','2012-12-23 19:04:49',1,NULL),(1545,59,'2019-09-23','2019-10-23',82,NULL,NULL,NULL,'140000.000000',NULL,NULL,NULL,NULL,NULL,NULL,NULL,NULL,NULL,NULL,'\0',1,'2012-12-23 19:04:49','2012-12-23 19:04:49',1,NULL),(1546,59,'2019-10-23','2019-11-23',83,NULL,NULL,NULL,'140000.000000',NULL,NULL,NULL,NULL,NULL,NULL,NULL,NULL,NULL,NULL,'\0',1,'2012-12-23 19:04:49','2012-12-23 19:04:49',1,NULL),(1547,59,'2019-11-23','2019-12-23',84,NULL,NULL,NULL,'140000.000000',NULL,NULL,NULL,NULL,NULL,NULL,NULL,NULL,NULL,NULL,'\0',1,'2012-12-23 19:04:49','2012-12-23 19:04:49',1,NULL),(1548,59,'2019-12-23','2020-01-23',85,NULL,NULL,NULL,'140000.000000',NULL,NULL,NULL,NULL,NULL,NULL,NULL,NULL,NULL,NULL,'\0',1,'2012-12-23 19:04:49','2012-12-23 19:04:49',1,NULL),(1549,59,'2020-01-23','2020-02-23',86,NULL,NULL,NULL,'140000.000000',NULL,NULL,NULL,NULL,NULL,NULL,NULL,NULL,NULL,NULL,'\0',1,'2012-12-23 19:04:49','2012-12-23 19:04:49',1,NULL),(1550,59,'2020-02-23','2020-03-23',87,NULL,NULL,NULL,'140000.000000',NULL,NULL,NULL,NULL,NULL,NULL,NULL,NULL,NULL,NULL,'\0',1,'2012-12-23 19:04:49','2012-12-23 19:04:49',1,NULL),(1551,59,'2020-03-23','2020-04-23',88,NULL,NULL,NULL,'140000.000000',NULL,NULL,NULL,NULL,NULL,NULL,NULL,NULL,NULL,NULL,'\0',1,'2012-12-23 19:04:49','2012-12-23 19:04:49',1,NULL),(1552,59,'2020-04-23','2020-05-23',89,NULL,NULL,NULL,'140000.000000',NULL,NULL,NULL,NULL,NULL,NULL,NULL,NULL,NULL,NULL,'\0',1,'2012-12-23 19:04:49','2012-12-23 19:04:49',1,NULL),(1553,59,'2020-05-23','2020-06-23',90,NULL,NULL,NULL,'140000.000000',NULL,NULL,NULL,NULL,NULL,NULL,NULL,NULL,NULL,NULL,'\0',1,'2012-12-23 19:04:49','2012-12-23 19:04:49',1,NULL),(1554,59,'2020-06-23','2020-07-23',91,NULL,NULL,NULL,'140000.000000',NULL,NULL,NULL,NULL,NULL,NULL,NULL,NULL,NULL,NULL,'\0',1,'2012-12-23 19:04:49','2012-12-23 19:04:49',1,NULL),(1555,59,'2020-07-23','2020-08-23',92,NULL,NULL,NULL,'140000.000000',NULL,NULL,NULL,NULL,NULL,NULL,NULL,NULL,NULL,NULL,'\0',1,'2012-12-23 19:04:49','2012-12-23 19:04:49',1,NULL),(1556,59,'2020-08-23','2020-09-23',93,NULL,NULL,NULL,'140000.000000',NULL,NULL,NULL,NULL,NULL,NULL,NULL,NULL,NULL,NULL,'\0',1,'2012-12-23 19:04:49','2012-12-23 19:04:49',1,NULL),(1557,59,'2020-09-23','2020-10-23',94,NULL,NULL,NULL,'140000.000000',NULL,NULL,NULL,NULL,NULL,NULL,NULL,NULL,NULL,NULL,'\0',1,'2012-12-23 19:04:49','2012-12-23 19:04:49',1,NULL),(1558,59,'2020-10-23','2020-11-23',95,NULL,NULL,NULL,'140000.000000',NULL,NULL,NULL,NULL,NULL,NULL,NULL,NULL,NULL,NULL,'\0',1,'2012-12-23 19:04:49','2012-12-23 19:04:49',1,NULL),(1559,59,'2020-11-23','2020-12-23',96,NULL,NULL,NULL,'140000.000000',NULL,NULL,NULL,NULL,NULL,NULL,NULL,NULL,NULL,NULL,'\0',1,'2012-12-23 19:04:49','2012-12-23 19:04:49',1,NULL),(1560,59,'2020-12-23','2021-01-23',97,NULL,NULL,NULL,'140000.000000',NULL,NULL,NULL,NULL,NULL,NULL,NULL,NULL,NULL,NULL,'\0',1,'2012-12-23 19:04:49','2012-12-23 19:04:49',1,NULL),(1561,59,'2021-01-23','2021-02-23',98,NULL,NULL,NULL,'140000.000000',NULL,NULL,NULL,NULL,NULL,NULL,NULL,NULL,NULL,NULL,'\0',1,'2012-12-23 19:04:49','2012-12-23 19:04:49',1,NULL),(1562,59,'2021-02-23','2021-03-23',99,NULL,NULL,NULL,'140000.000000',NULL,NULL,NULL,NULL,NULL,NULL,NULL,NULL,NULL,NULL,'\0',1,'2012-12-23 19:04:49','2012-12-23 19:04:49',1,NULL),(1563,59,'2021-03-23','2021-04-23',100,NULL,NULL,NULL,'140000.000000',NULL,NULL,NULL,NULL,NULL,NULL,NULL,NULL,NULL,NULL,'\0',1,'2012-12-23 19:04:49','2012-12-23 19:04:49',1,NULL),(1564,59,'2021-04-23','2021-05-23',101,NULL,NULL,NULL,'140000.000000',NULL,NULL,NULL,NULL,NULL,NULL,NULL,NULL,NULL,NULL,'\0',1,'2012-12-23 19:04:49','2012-12-23 19:04:49',1,NULL),(1565,59,'2021-05-23','2021-06-23',102,NULL,NULL,NULL,'140000.000000',NULL,NULL,NULL,NULL,NULL,NULL,NULL,NULL,NULL,NULL,'\0',1,'2012-12-23 19:04:49','2012-12-23 19:04:49',1,NULL),(1566,59,'2021-06-23','2021-07-23',103,NULL,NULL,NULL,'140000.000000',NULL,NULL,NULL,NULL,NULL,NULL,NULL,NULL,NULL,NULL,'\0',1,'2012-12-23 19:04:49','2012-12-23 19:04:49',1,NULL),(1567,59,'2021-07-23','2021-08-23',104,NULL,NULL,NULL,'140000.000000',NULL,NULL,NULL,NULL,NULL,NULL,NULL,NULL,NULL,NULL,'\0',1,'2012-12-23 19:04:49','2012-12-23 19:04:49',1,NULL),(1568,59,'2021-08-23','2021-09-23',105,NULL,NULL,NULL,'140000.000000',NULL,NULL,NULL,NULL,NULL,NULL,NULL,NULL,NULL,NULL,'\0',1,'2012-12-23 19:04:49','2012-12-23 19:04:49',1,NULL),(1569,59,'2021-09-23','2021-10-23',106,NULL,NULL,NULL,'140000.000000',NULL,NULL,NULL,NULL,NULL,NULL,NULL,NULL,NULL,NULL,'\0',1,'2012-12-23 19:04:49','2012-12-23 19:04:49',1,NULL),(1570,59,'2021-10-23','2021-11-23',107,NULL,NULL,NULL,'140000.000000',NULL,NULL,NULL,NULL,NULL,NULL,NULL,NULL,NULL,NULL,'\0',1,'2012-12-23 19:04:49','2012-12-23 19:04:49',1,NULL),(1571,59,'2021-11-23','2021-12-23',108,NULL,NULL,NULL,'140000.000000',NULL,NULL,NULL,NULL,NULL,NULL,NULL,NULL,NULL,NULL,'\0',1,'2012-12-23 19:04:49','2012-12-23 19:04:49',1,NULL),(1572,59,'2021-12-23','2022-01-23',109,NULL,NULL,NULL,'140000.000000',NULL,NULL,NULL,NULL,NULL,NULL,NULL,NULL,NULL,NULL,'\0',1,'2012-12-23 19:04:49','2012-12-23 19:04:49',1,NULL),(1573,59,'2022-01-23','2022-02-23',110,NULL,NULL,NULL,'140000.000000',NULL,NULL,NULL,NULL,NULL,NULL,NULL,NULL,NULL,NULL,'\0',1,'2012-12-23 19:04:49','2012-12-23 19:04:49',1,NULL),(1574,59,'2022-02-23','2022-03-23',111,NULL,NULL,NULL,'140000.000000',NULL,NULL,NULL,NULL,NULL,NULL,NULL,NULL,NULL,NULL,'\0',1,'2012-12-23 19:04:49','2012-12-23 19:04:49',1,NULL),(1575,59,'2022-03-23','2022-04-23',112,NULL,NULL,NULL,'140000.000000',NULL,NULL,NULL,NULL,NULL,NULL,NULL,NULL,NULL,NULL,'\0',1,'2012-12-23 19:04:49','2012-12-23 19:04:49',1,NULL),(1576,59,'2022-04-23','2022-05-23',113,NULL,NULL,NULL,'140000.000000',NULL,NULL,NULL,NULL,NULL,NULL,NULL,NULL,NULL,NULL,'\0',1,'2012-12-23 19:04:49','2012-12-23 19:04:49',1,NULL),(1577,59,'2022-05-23','2022-06-23',114,NULL,NULL,NULL,'140000.000000',NULL,NULL,NULL,NULL,NULL,NULL,NULL,NULL,NULL,NULL,'\0',1,'2012-12-23 19:04:49','2012-12-23 19:04:49',1,NULL),(1578,59,'2022-06-23','2022-07-23',115,NULL,NULL,NULL,'140000.000000',NULL,NULL,NULL,NULL,NULL,NULL,NULL,NULL,NULL,NULL,'\0',1,'2012-12-23 19:04:49','2012-12-23 19:04:49',1,NULL),(1579,59,'2022-07-23','2022-08-23',116,NULL,NULL,NULL,'140000.000000',NULL,NULL,NULL,NULL,NULL,NULL,NULL,NULL,NULL,NULL,'\0',1,'2012-12-23 19:04:49','2012-12-23 19:04:49',1,NULL),(1580,59,'2022-08-23','2022-09-23',117,NULL,NULL,NULL,'140000.000000',NULL,NULL,NULL,NULL,NULL,NULL,NULL,NULL,NULL,NULL,'\0',1,'2012-12-23 19:04:49','2012-12-23 19:04:49',1,NULL),(1581,59,'2022-09-23','2022-10-23',118,NULL,NULL,NULL,'140000.000000',NULL,NULL,NULL,NULL,NULL,NULL,NULL,NULL,NULL,NULL,'\0',1,'2012-12-23 19:04:49','2012-12-23 19:04:49',1,NULL),(1582,59,'2022-10-23','2022-11-23',119,NULL,NULL,NULL,'140000.000000',NULL,NULL,NULL,NULL,NULL,NULL,NULL,NULL,NULL,NULL,'\0',1,'2012-12-23 19:04:49','2012-12-23 19:04:49',1,NULL),(1583,59,'2022-11-23','2022-12-23',120,'700000.000000',NULL,NULL,'-559999.990000',NULL,NULL,NULL,NULL,NULL,NULL,NULL,NULL,NULL,NULL,'\0',1,'2012-12-23 19:04:49','2012-12-23 19:04:49',1,NULL),(1704,60,'2012-12-01','2013-01-01',1,'100.600000',NULL,NULL,'35000.000000',NULL,NULL,NULL,NULL,NULL,NULL,NULL,NULL,NULL,NULL,'\0',1,'2012-12-31 09:15:15','2012-12-31 09:15:15',1,NULL),(1705,60,'2013-01-01','2013-02-01',2,'105.630000',NULL,NULL,'34994.970000',NULL,NULL,NULL,NULL,NULL,NULL,NULL,NULL,NULL,NULL,'\0',1,'2012-12-31 09:15:15','2012-12-31 09:15:15',1,NULL),(1706,60,'2013-02-01','2013-03-01',3,'110.910000',NULL,NULL,'34989.690000',NULL,NULL,NULL,NULL,NULL,NULL,NULL,NULL,NULL,NULL,'\0',1,'2012-12-31 09:15:15','2012-12-31 09:15:15',1,NULL),(1707,60,'2013-03-01','2013-04-01',4,'116.460000',NULL,NULL,'34984.140000',NULL,NULL,NULL,NULL,NULL,NULL,NULL,NULL,NULL,NULL,'\0',1,'2012-12-31 09:15:15','2012-12-31 09:15:15',1,NULL),(1708,60,'2013-04-01','2013-05-01',5,'122.280000',NULL,NULL,'34978.320000',NULL,NULL,NULL,NULL,NULL,NULL,NULL,NULL,NULL,NULL,'\0',1,'2012-12-31 09:15:15','2012-12-31 09:15:15',1,NULL),(1709,60,'2013-05-01','2013-06-01',6,'128.390000',NULL,NULL,'34972.210000',NULL,NULL,NULL,NULL,NULL,NULL,NULL,NULL,NULL,NULL,'\0',1,'2012-12-31 09:15:15','2012-12-31 09:15:15',1,NULL),(1710,60,'2013-06-01','2013-07-01',7,'134.810000',NULL,NULL,'34965.790000',NULL,NULL,NULL,NULL,NULL,NULL,NULL,NULL,NULL,NULL,'\0',1,'2012-12-31 09:15:15','2012-12-31 09:15:15',1,NULL),(1711,60,'2013-07-01','2013-08-01',8,'141.550000',NULL,NULL,'34959.050000',NULL,NULL,NULL,NULL,NULL,NULL,NULL,NULL,NULL,NULL,'\0',1,'2012-12-31 09:15:15','2012-12-31 09:15:15',1,NULL),(1712,60,'2013-08-01','2013-09-01',9,'148.630000',NULL,NULL,'34951.970000',NULL,NULL,NULL,NULL,NULL,NULL,NULL,NULL,NULL,NULL,'\0',1,'2012-12-31 09:15:15','2012-12-31 09:15:15',1,NULL),(1713,60,'2013-09-01','2013-10-01',10,'156.060000',NULL,NULL,'34944.540000',NULL,NULL,NULL,NULL,NULL,NULL,NULL,NULL,NULL,NULL,'\0',1,'2012-12-31 09:15:15','2012-12-31 09:15:15',1,NULL),(1714,60,'2013-10-01','2013-11-01',11,'163.870000',NULL,NULL,'34936.730000',NULL,NULL,NULL,NULL,NULL,NULL,NULL,NULL,NULL,NULL,'\0',1,'2012-12-31 09:15:15','2012-12-31 09:15:15',1,NULL),(1715,60,'2013-11-01','2013-12-01',12,'172.060000',NULL,NULL,'34928.540000',NULL,NULL,NULL,NULL,NULL,NULL,NULL,NULL,NULL,NULL,'\0',1,'2012-12-31 09:15:15','2012-12-31 09:15:15',1,NULL),(1716,60,'2013-12-01','2014-01-01',13,'180.660000',NULL,NULL,'34919.940000',NULL,NULL,NULL,NULL,NULL,NULL,NULL,NULL,NULL,NULL,'\0',1,'2012-12-31 09:15:15','2012-12-31 09:15:15',1,NULL),(1717,60,'2014-01-01','2014-02-01',14,'189.700000',NULL,NULL,'34910.900000',NULL,NULL,NULL,NULL,NULL,NULL,NULL,NULL,NULL,NULL,'\0',1,'2012-12-31 09:15:15','2012-12-31 09:15:15',1,NULL),(1718,60,'2014-02-01','2014-03-01',15,'199.180000',NULL,NULL,'34901.420000',NULL,NULL,NULL,NULL,NULL,NULL,NULL,NULL,NULL,NULL,'\0',1,'2012-12-31 09:15:15','2012-12-31 09:15:15',1,NULL),(1719,60,'2014-03-01','2014-04-01',16,'209.140000',NULL,NULL,'34891.460000',NULL,NULL,NULL,NULL,NULL,NULL,NULL,NULL,NULL,NULL,'\0',1,'2012-12-31 09:15:15','2012-12-31 09:15:15',1,NULL),(1720,60,'2014-04-01','2014-05-01',17,'219.600000',NULL,NULL,'34881.000000',NULL,NULL,NULL,NULL,NULL,NULL,NULL,NULL,NULL,NULL,'\0',1,'2012-12-31 09:15:15','2012-12-31 09:15:15',1,NULL),(1721,60,'2014-05-01','2014-06-01',18,'230.580000',NULL,NULL,'34870.020000',NULL,NULL,NULL,NULL,NULL,NULL,NULL,NULL,NULL,NULL,'\0',1,'2012-12-31 09:15:15','2012-12-31 09:15:15',1,NULL),(1722,60,'2014-06-01','2014-07-01',19,'242.110000',NULL,NULL,'34858.490000',NULL,NULL,NULL,NULL,NULL,NULL,NULL,NULL,NULL,NULL,'\0',1,'2012-12-31 09:15:15','2012-12-31 09:15:15',1,NULL),(1723,60,'2014-07-01','2014-08-01',20,'254.210000',NULL,NULL,'34846.390000',NULL,NULL,NULL,NULL,NULL,NULL,NULL,NULL,NULL,NULL,'\0',1,'2012-12-31 09:15:15','2012-12-31 09:15:15',1,NULL),(1724,60,'2014-08-01','2014-09-01',21,'266.920000',NULL,NULL,'34833.680000',NULL,NULL,NULL,NULL,NULL,NULL,NULL,NULL,NULL,NULL,'\0',1,'2012-12-31 09:15:15','2012-12-31 09:15:15',1,NULL),(1725,60,'2014-09-01','2014-10-01',22,'280.270000',NULL,NULL,'34820.330000',NULL,NULL,NULL,NULL,NULL,NULL,NULL,NULL,NULL,NULL,'\0',1,'2012-12-31 09:15:15','2012-12-31 09:15:15',1,NULL),(1726,60,'2014-10-01','2014-11-01',23,'294.280000',NULL,NULL,'34806.320000',NULL,NULL,NULL,NULL,NULL,NULL,NULL,NULL,NULL,NULL,'\0',1,'2012-12-31 09:15:15','2012-12-31 09:15:15',1,NULL),(1727,60,'2014-11-01','2014-12-01',24,'309.000000',NULL,NULL,'34791.600000',NULL,NULL,NULL,NULL,NULL,NULL,NULL,NULL,NULL,NULL,'\0',1,'2012-12-31 09:15:15','2012-12-31 09:15:15',1,NULL),(1728,60,'2014-12-01','2015-01-01',25,'324.440000',NULL,NULL,'34776.160000',NULL,NULL,NULL,NULL,NULL,NULL,NULL,NULL,NULL,NULL,'\0',1,'2012-12-31 09:15:15','2012-12-31 09:15:15',1,NULL),(1729,60,'2015-01-01','2015-02-01',26,'340.670000',NULL,NULL,'34759.930000',NULL,NULL,NULL,NULL,NULL,NULL,NULL,NULL,NULL,NULL,'\0',1,'2012-12-31 09:15:15','2012-12-31 09:15:15',1,NULL),(1730,60,'2015-02-01','2015-03-01',27,'357.700000',NULL,NULL,'34742.900000',NULL,NULL,NULL,NULL,NULL,NULL,NULL,NULL,NULL,NULL,'\0',1,'2012-12-31 09:15:15','2012-12-31 09:15:15',1,NULL),(1731,60,'2015-03-01','2015-04-01',28,'375.590000',NULL,NULL,'34725.010000',NULL,NULL,NULL,NULL,NULL,NULL,NULL,NULL,NULL,NULL,'\0',1,'2012-12-31 09:15:15','2012-12-31 09:15:15',1,NULL),(1732,60,'2015-04-01','2015-05-01',29,'394.360000',NULL,NULL,'34706.240000',NULL,NULL,NULL,NULL,NULL,NULL,NULL,NULL,NULL,NULL,'\0',1,'2012-12-31 09:15:15','2012-12-31 09:15:15',1,NULL),(1733,60,'2015-05-01','2015-06-01',30,'414.080000',NULL,NULL,'34686.520000',NULL,NULL,NULL,NULL,NULL,NULL,NULL,NULL,NULL,NULL,'\0',1,'2012-12-31 09:15:15','2012-12-31 09:15:15',1,NULL),(1734,60,'2015-06-01','2015-07-01',31,'434.790000',NULL,NULL,'34665.810000',NULL,NULL,NULL,NULL,NULL,NULL,NULL,NULL,NULL,NULL,'\0',1,'2012-12-31 09:15:15','2012-12-31 09:15:15',1,NULL),(1735,60,'2015-07-01','2015-08-01',32,'456.530000',NULL,NULL,'34644.070000',NULL,NULL,NULL,NULL,NULL,NULL,NULL,NULL,NULL,NULL,'\0',1,'2012-12-31 09:15:15','2012-12-31 09:15:15',1,NULL),(1736,60,'2015-08-01','2015-09-01',33,'479.350000',NULL,NULL,'34621.250000',NULL,NULL,NULL,NULL,NULL,NULL,NULL,NULL,NULL,NULL,'\0',1,'2012-12-31 09:15:15','2012-12-31 09:15:15',1,NULL),(1737,60,'2015-09-01','2015-10-01',34,'503.320000',NULL,NULL,'34597.280000',NULL,NULL,NULL,NULL,NULL,NULL,NULL,NULL,NULL,NULL,'\0',1,'2012-12-31 09:15:15','2012-12-31 09:15:15',1,NULL),(1738,60,'2015-10-01','2015-11-01',35,'528.490000',NULL,NULL,'34572.110000',NULL,NULL,NULL,NULL,NULL,NULL,NULL,NULL,NULL,NULL,'\0',1,'2012-12-31 09:15:15','2012-12-31 09:15:15',1,NULL),(1739,60,'2015-11-01','2015-12-01',36,'554.910000',NULL,NULL,'34545.690000',NULL,NULL,NULL,NULL,NULL,NULL,NULL,NULL,NULL,NULL,'\0',1,'2012-12-31 09:15:15','2012-12-31 09:15:15',1,NULL),(1740,60,'2015-12-01','2016-01-01',37,'582.660000',NULL,NULL,'34517.940000',NULL,NULL,NULL,NULL,NULL,NULL,NULL,NULL,NULL,NULL,'\0',1,'2012-12-31 09:15:15','2012-12-31 09:15:15',1,NULL),(1741,60,'2016-01-01','2016-02-01',38,'611.790000',NULL,NULL,'34488.810000',NULL,NULL,NULL,NULL,NULL,NULL,NULL,NULL,NULL,NULL,'\0',1,'2012-12-31 09:15:15','2012-12-31 09:15:15',1,NULL),(1742,60,'2016-02-01','2016-03-01',39,'642.380000',NULL,NULL,'34458.220000',NULL,NULL,NULL,NULL,NULL,NULL,NULL,NULL,NULL,NULL,'\0',1,'2012-12-31 09:15:15','2012-12-31 09:15:15',1,NULL),(1743,60,'2016-03-01','2016-04-01',40,'674.500000',NULL,NULL,'34426.100000',NULL,NULL,NULL,NULL,NULL,NULL,NULL,NULL,NULL,NULL,'\0',1,'2012-12-31 09:15:15','2012-12-31 09:15:15',1,NULL),(1744,60,'2016-04-01','2016-05-01',41,'708.220000',NULL,NULL,'34392.380000',NULL,NULL,NULL,NULL,NULL,NULL,NULL,NULL,NULL,NULL,'\0',1,'2012-12-31 09:15:15','2012-12-31 09:15:15',1,NULL),(1745,60,'2016-05-01','2016-06-01',42,'743.630000',NULL,NULL,'34356.970000',NULL,NULL,NULL,NULL,NULL,NULL,NULL,NULL,NULL,NULL,'\0',1,'2012-12-31 09:15:15','2012-12-31 09:15:15',1,NULL),(1746,60,'2016-06-01','2016-07-01',43,'780.820000',NULL,NULL,'34319.780000',NULL,NULL,NULL,NULL,NULL,NULL,NULL,NULL,NULL,NULL,'\0',1,'2012-12-31 09:15:15','2012-12-31 09:15:15',1,NULL),(1747,60,'2016-07-01','2016-08-01',44,'819.860000',NULL,NULL,'34280.740000',NULL,NULL,NULL,NULL,NULL,NULL,NULL,NULL,NULL,NULL,'\0',1,'2012-12-31 09:15:15','2012-12-31 09:15:15',1,NULL),(1748,60,'2016-08-01','2016-09-01',45,'860.850000',NULL,NULL,'34239.750000',NULL,NULL,NULL,NULL,NULL,NULL,NULL,NULL,NULL,NULL,'\0',1,'2012-12-31 09:15:15','2012-12-31 09:15:15',1,NULL),(1749,60,'2016-09-01','2016-10-01',46,'903.890000',NULL,NULL,'34196.710000',NULL,NULL,NULL,NULL,NULL,NULL,NULL,NULL,NULL,NULL,'\0',1,'2012-12-31 09:15:15','2012-12-31 09:15:15',1,NULL),(1750,60,'2016-10-01','2016-11-01',47,'949.090000',NULL,NULL,'34151.510000',NULL,NULL,NULL,NULL,NULL,NULL,NULL,NULL,NULL,NULL,'\0',1,'2012-12-31 09:15:15','2012-12-31 09:15:15',1,NULL),(1751,60,'2016-11-01','2016-12-01',48,'996.540000',NULL,NULL,'34104.060000',NULL,NULL,NULL,NULL,NULL,NULL,NULL,NULL,NULL,NULL,'\0',1,'2012-12-31 09:15:15','2012-12-31 09:15:15',1,NULL),(1752,60,'2016-12-01','2017-01-01',49,'1046.370000',NULL,NULL,'34054.230000',NULL,NULL,NULL,NULL,NULL,NULL,NULL,NULL,NULL,NULL,'\0',1,'2012-12-31 09:15:15','2012-12-31 09:15:15',1,NULL),(1753,60,'2017-01-01','2017-02-01',50,'1098.690000',NULL,NULL,'34001.910000',NULL,NULL,NULL,NULL,NULL,NULL,NULL,NULL,NULL,NULL,'\0',1,'2012-12-31 09:15:15','2012-12-31 09:15:15',1,NULL),(1754,60,'2017-02-01','2017-03-01',51,'1153.620000',NULL,NULL,'33946.980000',NULL,NULL,NULL,NULL,NULL,NULL,NULL,NULL,NULL,NULL,'\0',1,'2012-12-31 09:15:15','2012-12-31 09:15:15',1,NULL),(1755,60,'2017-03-01','2017-04-01',52,'1211.300000',NULL,NULL,'33889.300000',NULL,NULL,NULL,NULL,NULL,NULL,NULL,NULL,NULL,NULL,'\0',1,'2012-12-31 09:15:15','2012-12-31 09:15:15',1,NULL),(1756,60,'2017-04-01','2017-05-01',53,'1271.870000',NULL,NULL,'33828.730000',NULL,NULL,NULL,NULL,NULL,NULL,NULL,NULL,NULL,NULL,'\0',1,'2012-12-31 09:15:15','2012-12-31 09:15:15',1,NULL),(1757,60,'2017-05-01','2017-06-01',54,'1335.460000',NULL,NULL,'33765.140000',NULL,NULL,NULL,NULL,NULL,NULL,NULL,NULL,NULL,NULL,'\0',1,'2012-12-31 09:15:15','2012-12-31 09:15:15',1,NULL),(1758,60,'2017-06-01','2017-07-01',55,'1402.230000',NULL,NULL,'33698.370000',NULL,NULL,NULL,NULL,NULL,NULL,NULL,NULL,NULL,NULL,'\0',1,'2012-12-31 09:15:15','2012-12-31 09:15:15',1,NULL),(1759,60,'2017-07-01','2017-08-01',56,'1472.340000',NULL,NULL,'33628.260000',NULL,NULL,NULL,NULL,NULL,NULL,NULL,NULL,NULL,NULL,'\0',1,'2012-12-31 09:15:15','2012-12-31 09:15:15',1,NULL),(1760,60,'2017-08-01','2017-09-01',57,'1545.960000',NULL,NULL,'33554.640000',NULL,NULL,NULL,NULL,NULL,NULL,NULL,NULL,NULL,NULL,'\0',1,'2012-12-31 09:15:15','2012-12-31 09:15:15',1,NULL),(1761,60,'2017-09-01','2017-10-01',58,'1623.260000',NULL,NULL,'33477.340000',NULL,NULL,NULL,NULL,NULL,NULL,NULL,NULL,NULL,NULL,'\0',1,'2012-12-31 09:15:15','2012-12-31 09:15:15',1,NULL),(1762,60,'2017-10-01','2017-11-01',59,'1704.420000',NULL,NULL,'33396.180000',NULL,NULL,NULL,NULL,NULL,NULL,NULL,NULL,NULL,NULL,'\0',1,'2012-12-31 09:15:15','2012-12-31 09:15:15',1,NULL),(1763,60,'2017-11-01','2017-12-01',60,'1789.640000',NULL,NULL,'33310.960000',NULL,NULL,NULL,NULL,NULL,NULL,NULL,NULL,NULL,NULL,'\0',1,'2012-12-31 09:15:15','2012-12-31 09:15:15',1,NULL),(1764,60,'2017-12-01','2018-01-01',61,'1879.130000',NULL,NULL,'33221.470000',NULL,NULL,NULL,NULL,NULL,NULL,NULL,NULL,NULL,NULL,'\0',1,'2012-12-31 09:15:15','2012-12-31 09:15:15',1,NULL),(1765,60,'2018-01-01','2018-02-01',62,'1973.080000',NULL,NULL,'33127.520000',NULL,NULL,NULL,NULL,NULL,NULL,NULL,NULL,NULL,NULL,'\0',1,'2012-12-31 09:15:15','2012-12-31 09:15:15',1,NULL),(1766,60,'2018-02-01','2018-03-01',63,'2071.740000',NULL,NULL,'33028.860000',NULL,NULL,NULL,NULL,NULL,NULL,NULL,NULL,NULL,NULL,'\0',1,'2012-12-31 09:15:15','2012-12-31 09:15:15',1,NULL),(1767,60,'2018-03-01','2018-04-01',64,'2175.320000',NULL,NULL,'32925.280000',NULL,NULL,NULL,NULL,NULL,NULL,NULL,NULL,NULL,NULL,'\0',1,'2012-12-31 09:15:15','2012-12-31 09:15:15',1,NULL),(1768,60,'2018-04-01','2018-05-01',65,'2284.090000',NULL,NULL,'32816.510000',NULL,NULL,NULL,NULL,NULL,NULL,NULL,NULL,NULL,NULL,'\0',1,'2012-12-31 09:15:15','2012-12-31 09:15:15',1,NULL),(1769,60,'2018-05-01','2018-06-01',66,'2398.290000',NULL,NULL,'32702.310000',NULL,NULL,NULL,NULL,NULL,NULL,NULL,NULL,NULL,NULL,'\0',1,'2012-12-31 09:15:15','2012-12-31 09:15:15',1,NULL),(1770,60,'2018-06-01','2018-07-01',67,'2518.210000',NULL,NULL,'32582.390000',NULL,NULL,NULL,NULL,NULL,NULL,NULL,NULL,NULL,NULL,'\0',1,'2012-12-31 09:15:15','2012-12-31 09:15:15',1,NULL),(1771,60,'2018-07-01','2018-08-01',68,'2644.120000',NULL,NULL,'32456.480000',NULL,NULL,NULL,NULL,NULL,NULL,NULL,NULL,NULL,NULL,'\0',1,'2012-12-31 09:15:15','2012-12-31 09:15:15',1,NULL),(1772,60,'2018-08-01','2018-09-01',69,'2776.320000',NULL,NULL,'32324.280000',NULL,NULL,NULL,NULL,NULL,NULL,NULL,NULL,NULL,NULL,'\0',1,'2012-12-31 09:15:15','2012-12-31 09:15:15',1,NULL),(1773,60,'2018-09-01','2018-10-01',70,'2915.140000',NULL,NULL,'32185.460000',NULL,NULL,NULL,NULL,NULL,NULL,NULL,NULL,NULL,NULL,'\0',1,'2012-12-31 09:15:15','2012-12-31 09:15:15',1,NULL),(1774,60,'2018-10-01','2018-11-01',71,'3060.900000',NULL,NULL,'32039.700000',NULL,NULL,NULL,NULL,NULL,NULL,NULL,NULL,NULL,NULL,'\0',1,'2012-12-31 09:15:15','2012-12-31 09:15:15',1,NULL),(1775,60,'2018-11-01','2018-12-01',72,'3213.940000',NULL,NULL,'31886.660000',NULL,NULL,NULL,NULL,NULL,NULL,NULL,NULL,NULL,NULL,'\0',1,'2012-12-31 09:15:15','2012-12-31 09:15:15',1,NULL),(1776,60,'2018-12-01','2019-01-01',73,'3374.640000',NULL,NULL,'31725.960000',NULL,NULL,NULL,NULL,NULL,NULL,NULL,NULL,NULL,NULL,'\0',1,'2012-12-31 09:15:15','2012-12-31 09:15:15',1,NULL),(1777,60,'2019-01-01','2019-02-01',74,'3543.370000',NULL,NULL,'31557.230000',NULL,NULL,NULL,NULL,NULL,NULL,NULL,NULL,NULL,NULL,'\0',1,'2012-12-31 09:15:15','2012-12-31 09:15:15',1,NULL),(1778,60,'2019-02-01','2019-03-01',75,'3720.540000',NULL,NULL,'31380.060000',NULL,NULL,NULL,NULL,NULL,NULL,NULL,NULL,NULL,NULL,'\0',1,'2012-12-31 09:15:15','2012-12-31 09:15:15',1,NULL),(1779,60,'2019-03-01','2019-04-01',76,'3906.570000',NULL,NULL,'31194.030000',NULL,NULL,NULL,NULL,NULL,NULL,NULL,NULL,NULL,NULL,'\0',1,'2012-12-31 09:15:15','2012-12-31 09:15:15',1,NULL),(1780,60,'2019-04-01','2019-05-01',77,'4101.900000',NULL,NULL,'30998.700000',NULL,NULL,NULL,NULL,NULL,NULL,NULL,NULL,NULL,NULL,'\0',1,'2012-12-31 09:15:15','2012-12-31 09:15:15',1,NULL),(1781,60,'2019-05-01','2019-06-01',78,'4306.990000',NULL,NULL,'30793.610000',NULL,NULL,NULL,NULL,NULL,NULL,NULL,NULL,NULL,NULL,'\0',1,'2012-12-31 09:15:15','2012-12-31 09:15:15',1,NULL),(1782,60,'2019-06-01','2019-07-01',79,'4522.340000',NULL,NULL,'30578.260000',NULL,NULL,NULL,NULL,NULL,NULL,NULL,NULL,NULL,NULL,'\0',1,'2012-12-31 09:15:15','2012-12-31 09:15:15',1,NULL),(1783,60,'2019-07-01','2019-08-01',80,'4748.460000',NULL,NULL,'30352.140000',NULL,NULL,NULL,NULL,NULL,NULL,NULL,NULL,NULL,NULL,'\0',1,'2012-12-31 09:15:15','2012-12-31 09:15:15',1,NULL),(1784,60,'2019-08-01','2019-09-01',81,'4985.880000',NULL,NULL,'30114.720000',NULL,NULL,NULL,NULL,NULL,NULL,NULL,NULL,NULL,NULL,'\0',1,'2012-12-31 09:15:15','2012-12-31 09:15:15',1,NULL),(1785,60,'2019-09-01','2019-10-01',82,'5235.170000',NULL,NULL,'29865.430000',NULL,NULL,NULL,NULL,NULL,NULL,NULL,NULL,NULL,NULL,'\0',1,'2012-12-31 09:15:15','2012-12-31 09:15:15',1,NULL),(1786,60,'2019-10-01','2019-11-01',83,'5496.930000',NULL,NULL,'29603.670000',NULL,NULL,NULL,NULL,NULL,NULL,NULL,NULL,NULL,NULL,'\0',1,'2012-12-31 09:15:15','2012-12-31 09:15:15',1,NULL),(1787,60,'2019-11-01','2019-12-01',84,'5771.780000',NULL,NULL,'29328.820000',NULL,NULL,NULL,NULL,NULL,NULL,NULL,NULL,NULL,NULL,'\0',1,'2012-12-31 09:15:15','2012-12-31 09:15:15',1,NULL),(1788,60,'2019-12-01','2020-01-01',85,'6060.370000',NULL,NULL,'29040.230000',NULL,NULL,NULL,NULL,NULL,NULL,NULL,NULL,NULL,NULL,'\0',1,'2012-12-31 09:15:15','2012-12-31 09:15:15',1,NULL),(1789,60,'2020-01-01','2020-02-01',86,'6363.390000',NULL,NULL,'28737.210000',NULL,NULL,NULL,NULL,NULL,NULL,NULL,NULL,NULL,NULL,'\0',1,'2012-12-31 09:15:15','2012-12-31 09:15:15',1,NULL),(1790,60,'2020-02-01','2020-03-01',87,'6681.560000',NULL,NULL,'28419.040000',NULL,NULL,NULL,NULL,NULL,NULL,NULL,NULL,NULL,NULL,'\0',1,'2012-12-31 09:15:15','2012-12-31 09:15:15',1,NULL),(1791,60,'2020-03-01','2020-04-01',88,'7015.630000',NULL,NULL,'28084.970000',NULL,NULL,NULL,NULL,NULL,NULL,NULL,NULL,NULL,NULL,'\0',1,'2012-12-31 09:15:15','2012-12-31 09:15:15',1,NULL),(1792,60,'2020-04-01','2020-05-01',89,'7366.420000',NULL,NULL,'27734.180000',NULL,NULL,NULL,NULL,NULL,NULL,NULL,NULL,NULL,NULL,'\0',1,'2012-12-31 09:15:15','2012-12-31 09:15:15',1,NULL),(1793,60,'2020-05-01','2020-06-01',90,'7734.740000',NULL,NULL,'27365.860000',NULL,NULL,NULL,NULL,NULL,NULL,NULL,NULL,NULL,NULL,'\0',1,'2012-12-31 09:15:15','2012-12-31 09:15:15',1,NULL),(1794,60,'2020-06-01','2020-07-01',91,'8121.470000',NULL,NULL,'26979.130000',NULL,NULL,NULL,NULL,NULL,NULL,NULL,NULL,NULL,NULL,'\0',1,'2012-12-31 09:15:16','2012-12-31 09:15:16',1,NULL),(1795,60,'2020-07-01','2020-08-01',92,'8527.550000',NULL,NULL,'26573.050000',NULL,NULL,NULL,NULL,NULL,NULL,NULL,NULL,NULL,NULL,'\0',1,'2012-12-31 09:15:16','2012-12-31 09:15:16',1,NULL),(1796,60,'2020-08-01','2020-09-01',93,'8953.920000',NULL,NULL,'26146.680000',NULL,NULL,NULL,NULL,NULL,NULL,NULL,NULL,NULL,NULL,'\0',1,'2012-12-31 09:15:16','2012-12-31 09:15:16',1,NULL),(1797,60,'2020-09-01','2020-10-01',94,'9401.620000',NULL,NULL,'25698.980000',NULL,NULL,NULL,NULL,NULL,NULL,NULL,NULL,NULL,NULL,'\0',1,'2012-12-31 09:15:16','2012-12-31 09:15:16',1,NULL),(1798,60,'2020-10-01','2020-11-01',95,'9871.700000',NULL,NULL,'25228.900000',NULL,NULL,NULL,NULL,NULL,NULL,NULL,NULL,NULL,NULL,'\0',1,'2012-12-31 09:15:16','2012-12-31 09:15:16',1,NULL),(1799,60,'2020-11-01','2020-12-01',96,'10365.290000',NULL,NULL,'24735.310000',NULL,NULL,NULL,NULL,NULL,NULL,NULL,NULL,NULL,NULL,'\0',1,'2012-12-31 09:15:16','2012-12-31 09:15:16',1,NULL),(1800,60,'2020-12-01','2021-01-01',97,'10883.550000',NULL,NULL,'24217.050000',NULL,NULL,NULL,NULL,NULL,NULL,NULL,NULL,NULL,NULL,'\0',1,'2012-12-31 09:15:16','2012-12-31 09:15:16',1,NULL),(1801,60,'2021-01-01','2021-02-01',98,'11427.730000',NULL,NULL,'23672.870000',NULL,NULL,NULL,NULL,NULL,NULL,NULL,NULL,NULL,NULL,'\0',1,'2012-12-31 09:15:16','2012-12-31 09:15:16',1,NULL),(1802,60,'2021-02-01','2021-03-01',99,'11999.120000',NULL,NULL,'23101.480000',NULL,NULL,NULL,NULL,NULL,NULL,NULL,NULL,NULL,NULL,'\0',1,'2012-12-31 09:15:16','2012-12-31 09:15:16',1,NULL),(1803,60,'2021-03-01','2021-04-01',100,'12599.070000',NULL,NULL,'22501.530000',NULL,NULL,NULL,NULL,NULL,NULL,NULL,NULL,NULL,NULL,'\0',1,'2012-12-31 09:15:16','2012-12-31 09:15:16',1,NULL),(1804,60,'2021-04-01','2021-05-01',101,'13229.020000',NULL,NULL,'21871.580000',NULL,NULL,NULL,NULL,NULL,NULL,NULL,NULL,NULL,NULL,'\0',1,'2012-12-31 09:15:16','2012-12-31 09:15:16',1,NULL),(1805,60,'2021-05-01','2021-06-01',102,'13890.480000',NULL,NULL,'21210.120000',NULL,NULL,NULL,NULL,NULL,NULL,NULL,NULL,NULL,NULL,'\0',1,'2012-12-31 09:15:16','2012-12-31 09:15:16',1,NULL),(1806,60,'2021-06-01','2021-07-01',103,'14585.000000',NULL,NULL,'20515.600000',NULL,NULL,NULL,NULL,NULL,NULL,NULL,NULL,NULL,NULL,'\0',1,'2012-12-31 09:15:16','2012-12-31 09:15:16',1,NULL),(1807,60,'2021-07-01','2021-08-01',104,'15314.250000',NULL,NULL,'19786.350000',NULL,NULL,NULL,NULL,NULL,NULL,NULL,NULL,NULL,NULL,'\0',1,'2012-12-31 09:15:16','2012-12-31 09:15:16',1,NULL),(1808,60,'2021-08-01','2021-09-01',105,'16079.960000',NULL,NULL,'19020.640000',NULL,NULL,NULL,NULL,NULL,NULL,NULL,NULL,NULL,NULL,'\0',1,'2012-12-31 09:15:16','2012-12-31 09:15:16',1,NULL),(1809,60,'2021-09-01','2021-10-01',106,'16883.960000',NULL,NULL,'18216.640000',NULL,NULL,NULL,NULL,NULL,NULL,NULL,NULL,NULL,NULL,'\0',1,'2012-12-31 09:15:16','2012-12-31 09:15:16',1,NULL),(1810,60,'2021-10-01','2021-11-01',107,'17728.160000',NULL,NULL,'17372.440000',NULL,NULL,NULL,NULL,NULL,NULL,NULL,NULL,NULL,NULL,'\0',1,'2012-12-31 09:15:16','2012-12-31 09:15:16',1,NULL),(1811,60,'2021-11-01','2021-12-01',108,'18614.570000',NULL,NULL,'16486.030000',NULL,NULL,NULL,NULL,NULL,NULL,NULL,NULL,NULL,NULL,'\0',1,'2012-12-31 09:15:16','2012-12-31 09:15:16',1,NULL),(1812,60,'2021-12-01','2022-01-01',109,'19545.300000',NULL,NULL,'15555.300000',NULL,NULL,NULL,NULL,NULL,NULL,NULL,NULL,NULL,NULL,'\0',1,'2012-12-31 09:15:16','2012-12-31 09:15:16',1,NULL),(1813,60,'2022-01-01','2022-02-01',110,'20522.560000',NULL,NULL,'14578.040000',NULL,NULL,NULL,NULL,NULL,NULL,NULL,NULL,NULL,NULL,'\0',1,'2012-12-31 09:15:16','2012-12-31 09:15:16',1,NULL),(1814,60,'2022-02-01','2022-03-01',111,'21548.690000',NULL,NULL,'13551.910000',NULL,NULL,NULL,NULL,NULL,NULL,NULL,NULL,NULL,NULL,'\0',1,'2012-12-31 09:15:16','2012-12-31 09:15:16',1,NULL),(1815,60,'2022-03-01','2022-04-01',112,'22626.120000',NULL,NULL,'12474.480000',NULL,NULL,NULL,NULL,NULL,NULL,NULL,NULL,NULL,NULL,'\0',1,'2012-12-31 09:15:16','2012-12-31 09:15:16',1,NULL),(1816,60,'2022-04-01','2022-05-01',113,'23757.430000',NULL,NULL,'11343.170000',NULL,NULL,NULL,NULL,NULL,NULL,NULL,NULL,NULL,NULL,'\0',1,'2012-12-31 09:15:16','2012-12-31 09:15:16',1,NULL),(1817,60,'2022-05-01','2022-06-01',114,'24945.300000',NULL,NULL,'10155.300000',NULL,NULL,NULL,NULL,NULL,NULL,NULL,NULL,NULL,NULL,'\0',1,'2012-12-31 09:15:16','2012-12-31 09:15:16',1,NULL),(1818,60,'2022-06-01','2022-07-01',115,'26192.560000',NULL,NULL,'8908.040000',NULL,NULL,NULL,NULL,NULL,NULL,NULL,NULL,NULL,NULL,'\0',1,'2012-12-31 09:15:16','2012-12-31 09:15:16',1,NULL),(1819,60,'2022-07-01','2022-08-01',116,'27502.190000',NULL,NULL,'7598.410000',NULL,NULL,NULL,NULL,NULL,NULL,NULL,NULL,NULL,NULL,'\0',1,'2012-12-31 09:15:16','2012-12-31 09:15:16',1,NULL),(1820,60,'2022-08-01','2022-09-01',117,'28877.300000',NULL,NULL,'6223.300000',NULL,NULL,NULL,NULL,NULL,NULL,NULL,NULL,NULL,NULL,'\0',1,'2012-12-31 09:15:16','2012-12-31 09:15:16',1,NULL),(1821,60,'2022-09-01','2022-10-01',118,'30321.170000',NULL,NULL,'4779.430000',NULL,NULL,NULL,NULL,NULL,NULL,NULL,NULL,NULL,NULL,'\0',1,'2012-12-31 09:15:16','2012-12-31 09:15:16',1,NULL),(1822,60,'2022-10-01','2022-11-01',119,'31837.230000',NULL,NULL,'3263.370000',NULL,NULL,NULL,NULL,NULL,NULL,NULL,NULL,NULL,NULL,'\0',1,'2012-12-31 09:15:16','2012-12-31 09:15:16',1,NULL),(1823,60,'2022-11-01','2022-12-01',120,'33430.250000',NULL,NULL,'1670.370000',NULL,NULL,NULL,NULL,NULL,NULL,NULL,NULL,NULL,NULL,'\0',1,'2012-12-31 09:15:16','2012-12-31 09:15:16',1,NULL),(1824,61,'2013-01-14','2013-01-31',1,'100000.000000',NULL,NULL,'10000.000000',NULL,NULL,NULL,NULL,NULL,NULL,NULL,NULL,NULL,NULL,'\0',25,'2013-01-14 10:51:16','2013-01-14 10:51:16',25,NULL),(1825,62,'2013-01-18','2013-02-18',1,'833.330000',NULL,NULL,'75.000000',NULL,NULL,NULL,NULL,NULL,NULL,NULL,NULL,NULL,NULL,'\0',1,'2013-01-18 13:41:30','2013-01-18 13:41:30',1,NULL),(1826,62,'2013-02-18','2013-03-18',2,'833.330000',NULL,NULL,'62.500000',NULL,NULL,NULL,NULL,NULL,NULL,NULL,NULL,NULL,NULL,'\0',1,'2013-01-18 13:41:30','2013-01-18 13:41:30',1,NULL),(1827,62,'2013-03-18','2013-04-18',3,'833.330000',NULL,NULL,'50.000000',NULL,NULL,NULL,NULL,NULL,NULL,NULL,NULL,NULL,NULL,'\0',1,'2013-01-18 13:41:30','2013-01-18 13:41:30',1,NULL),(1828,62,'2013-04-18','2013-05-18',4,'833.330000',NULL,NULL,'37.500000',NULL,NULL,NULL,NULL,NULL,NULL,NULL,NULL,NULL,NULL,'\0',1,'2013-01-18 13:41:30','2013-01-18 13:41:30',1,NULL),(1829,62,'2013-05-18','2013-06-18',5,'833.330000',NULL,NULL,'25.000000',NULL,NULL,NULL,NULL,NULL,NULL,NULL,NULL,NULL,NULL,'\0',1,'2013-01-18 13:41:30','2013-01-18 13:41:30',1,NULL),(1830,62,'2013-06-18','2013-07-18',6,'833.350000',NULL,NULL,'12.500000',NULL,NULL,NULL,NULL,NULL,NULL,NULL,NULL,NULL,NULL,'\0',1,'2013-01-18 13:41:30','2013-01-18 13:41:30',1,NULL);
/*!40000 ALTER TABLE `m_loan_repayment_schedule` ENABLE KEYS */;
UNLOCK TABLES;

--
-- Table structure for table `m_loan_transaction`
--

DROP TABLE IF EXISTS `m_loan_transaction`;
/*!40101 SET @saved_cs_client     = @@character_set_client */;
/*!40101 SET character_set_client = utf8 */;
CREATE TABLE `m_loan_transaction` (
  `id` bigint(20) NOT NULL AUTO_INCREMENT,
  `loan_id` bigint(20) NOT NULL,
  `transaction_type_enum` smallint(5) NOT NULL,
  `contra_id` bigint(20) DEFAULT NULL,
  `transaction_date` date NOT NULL,
  `amount` decimal(19,6) NOT NULL,
  `createdby_id` bigint(20) DEFAULT NULL,
  `created_date` datetime DEFAULT NULL,
  `lastmodified_date` datetime DEFAULT NULL,
  `lastmodifiedby_id` bigint(20) DEFAULT NULL,
  `principal_portion_derived` decimal(19,6) DEFAULT NULL,
  `interest_portion_derived` decimal(19,6) DEFAULT NULL,
  `fee_charges_portion_derived` decimal(19,6) DEFAULT NULL,
  `penalty_charges_portion_derived` decimal(19,6) DEFAULT NULL,
  PRIMARY KEY (`id`),
  KEY `FKCFCEA42640BE0710` (`loan_id`),
  KEY `FKCFCEA426FC69F3F1` (`contra_id`),
  CONSTRAINT `FKCFCEA42640BE0710` FOREIGN KEY (`loan_id`) REFERENCES `m_loan` (`id`),
  CONSTRAINT `FKCFCEA426FC69F3F1` FOREIGN KEY (`contra_id`) REFERENCES `m_loan_transaction` (`id`)
) ENGINE=InnoDB AUTO_INCREMENT=113 DEFAULT CHARSET=utf8;
/*!40101 SET character_set_client = @saved_cs_client */;

--
-- Dumping data for table `m_loan_transaction`
--

LOCK TABLES `m_loan_transaction` WRITE;
/*!40000 ALTER TABLE `m_loan_transaction` DISABLE KEYS */;
INSERT INTO `m_loan_transaction` VALUES (3,5,1,NULL,'2012-04-17','700000.000000',1,'2012-07-19 17:55:54','2012-07-19 17:55:54',1,'0.000000','0.000000',NULL,NULL),(4,2,1,NULL,'2012-07-17','35000.000000',1,'2012-07-20 08:56:30','2012-07-20 08:56:30',1,'0.000000','0.000000',NULL,NULL),(5,2,2,NULL,'2012-07-19','3589.460000',1,'2012-07-20 10:37:14','2012-07-20 10:37:14',1,'0.000000','0.000000',NULL,NULL),(6,10,1,NULL,'2012-07-23','100000.000000',5,'2012-07-23 04:52:24','2012-07-23 04:52:24',5,'0.000000','0.000000',NULL,NULL),(7,11,1,NULL,'2012-07-31','100000.000000',1,'2012-07-31 12:54:24','2012-07-31 12:54:24',1,'0.000000','0.000000',NULL,NULL),(8,11,2,NULL,'2012-07-31','121000.000000',1,'2012-07-31 12:54:51','2012-07-31 12:54:51',1,'100000.000000','21000.000000',NULL,NULL),(9,12,1,NULL,'2012-08-02','100000.000000',1,'2012-08-02 04:15:43','2012-08-02 04:15:43',1,'0.000000','0.000000',NULL,NULL),(10,12,2,NULL,'2012-08-02','10223.000000',1,'2012-08-02 04:15:56','2012-08-02 04:15:56',1,'9819.000000','404.000000',NULL,NULL),(11,13,1,NULL,'2012-08-02','50000.000000',1,'2012-08-03 21:40:08','2012-08-03 21:40:08',1,'0.000000','0.000000',NULL,NULL),(12,13,2,32,'2012-08-02','10000.000000',1,'2012-08-03 21:40:38','2012-08-07 07:41:41',1,'2500.000000','7500.000000',NULL,NULL),(13,14,1,NULL,'2012-08-02','50000.000000',1,'2012-08-03 21:46:11','2012-08-03 21:46:11',1,'0.000000','0.000000',NULL,NULL),(14,14,2,NULL,'2012-08-03','300.000000',1,'2012-08-03 21:47:27','2012-08-03 21:47:27',1,'156.000000','144.000000',NULL,NULL),(15,15,1,NULL,'2011-08-03','50000.000000',1,'2012-08-03 21:49:12','2012-08-03 21:49:12',1,'0.000000','0.000000',NULL,NULL),(16,15,2,NULL,'2012-08-02','1500.000000',1,'2012-08-03 21:49:35','2012-08-03 21:49:35',1,'1068.000000','432.000000',NULL,NULL),(17,16,1,NULL,'2011-08-03','50000.000000',1,'2012-08-03 22:14:30','2012-08-03 22:14:30',1,'0.000000','0.000000',NULL,NULL),(18,16,2,20,'2011-08-24','400.000000',1,'2012-08-03 22:15:01','2012-08-03 22:15:14',1,'0.000000','400.000000',NULL,NULL),(19,16,2,NULL,'2011-08-24','1100.000000',1,'2012-08-03 22:15:14','2012-08-03 22:15:14',1,'449.000000','651.000000',NULL,NULL),(20,16,3,18,'2011-08-24','-400.000000',1,'2012-08-03 22:15:14','2012-08-03 22:15:14',1,'0.000000','0.000000',NULL,NULL),(21,17,1,NULL,'2011-08-03','50000.000000',1,'2012-08-03 22:17:08','2012-08-03 22:17:08',1,'0.000000','0.000000',NULL,NULL),(22,17,2,24,'2012-08-03','400.000000',1,'2012-08-03 22:17:42','2012-08-03 22:18:29',1,'0.000000','400.000000',NULL,NULL),(23,17,2,NULL,'2012-08-03','1300.000000',1,'2012-08-03 22:18:29','2012-08-03 22:18:29',1,'0.000000','1300.000000',NULL,NULL),(24,17,3,22,'2012-08-03','-400.000000',1,'2012-08-03 22:18:29','2012-08-03 22:18:29',1,'0.000000','0.000000',NULL,NULL),(25,18,1,NULL,'2011-08-03','50000.000000',1,'2012-08-03 22:21:11','2012-08-03 22:21:11',1,'0.000000','0.000000',NULL,NULL),(26,18,2,28,'2012-08-03','600.000000',1,'2012-08-03 22:21:29','2012-08-03 22:21:43',1,'0.000000','600.000000',NULL,NULL),(27,18,2,40,'2012-08-03','1100.000000',1,'2012-08-03 22:21:42','2012-08-07 08:08:44',1,'0.000000','1100.000000',NULL,NULL),(28,18,3,26,'2012-08-03','-600.000000',1,'2012-08-03 22:21:42','2012-08-03 22:21:42',1,'0.000000','0.000000',NULL,NULL),(29,19,1,NULL,'2011-08-03','50000.000000',1,'2012-08-03 22:31:29','2012-08-03 22:31:29',1,'0.000000','0.000000',NULL,NULL),(30,19,2,NULL,'2012-08-02','3000.000000',1,'2012-08-03 22:31:46','2012-08-03 22:31:46',1,'0.000000','3000.000000',NULL,NULL),(31,13,2,34,'2012-08-02','20000.000000',1,'2012-08-07 07:41:41','2012-08-07 07:42:04',1,'12500.000000','7500.000000',NULL,NULL),(32,13,3,12,'2012-08-02','-10000.000000',1,'2012-08-07 07:41:41','2012-08-07 07:41:41',1,'0.000000','0.000000',NULL,NULL),(33,13,2,36,'2012-08-02','40000.000000',1,'2012-08-07 07:42:04','2012-08-07 07:43:06',1,'25000.000000','15000.000000',NULL,NULL),(34,13,3,31,'2012-08-02','-20000.000000',1,'2012-08-07 07:42:04','2012-08-07 07:42:04',1,'0.000000','0.000000',NULL,NULL),(35,13,2,38,'2012-08-02','70000.000000',1,'2012-08-07 07:43:06','2012-08-07 07:43:47',1,'50000.000000','15000.000000',NULL,NULL),(36,13,3,33,'2012-08-02','-40000.000000',1,'2012-08-07 07:43:06','2012-08-07 07:43:06',1,'0.000000','0.000000',NULL,NULL),(37,13,2,NULL,'2012-08-02','10000.000000',1,'2012-08-07 07:43:47','2012-08-07 07:43:47',1,'2500.000000','7500.000000',NULL,NULL),(38,13,3,35,'2012-08-02','-70000.000000',1,'2012-08-07 07:43:47','2012-08-07 07:43:47',1,'0.000000','0.000000',NULL,NULL),(39,18,2,42,'2012-08-03','50000.000000',1,'2012-08-07 08:08:44','2012-08-07 08:10:31',1,'42368.000000','7632.000000',NULL,NULL),(40,18,3,27,'2012-08-03','-1100.000000',1,'2012-08-07 08:08:44','2012-08-07 08:08:44',1,'0.000000','0.000000',NULL,NULL),(41,18,2,44,'2012-08-03','20000.000000',1,'2012-08-07 08:10:31','2012-08-07 08:11:15',1,'12368.000000','7632.000000',NULL,NULL),(42,18,3,39,'2012-08-03','-50000.000000',1,'2012-08-07 08:10:31','2012-08-07 08:10:31',1,'0.000000','0.000000',NULL,NULL),(43,18,2,46,'2012-08-03','11000.000000',1,'2012-08-07 08:11:15','2012-08-07 08:11:48',1,'3368.000000','7632.000000',NULL,NULL),(44,18,3,41,'2012-08-03','-20000.000000',1,'2012-08-07 08:11:15','2012-08-07 08:11:15',1,'0.000000','0.000000',NULL,NULL),(45,18,2,NULL,'2012-08-03','1000.000000',1,'2012-08-07 08:11:48','2012-08-07 08:11:48',1,'0.000000','1000.000000',NULL,NULL),(46,18,3,43,'2012-08-03','-11000.000000',1,'2012-08-07 08:11:48','2012-08-07 08:11:48',1,'0.000000','0.000000',NULL,NULL),(47,27,1,NULL,'2012-09-05','1000000.000000',1,'2012-09-05 08:58:57','2012-09-05 08:58:57',1,'0.000000','0.000000',NULL,NULL),(49,29,1,NULL,'2012-09-07','150.000000',1,'2012-09-07 18:52:58','2012-09-07 18:52:58',1,'0.000000','0.000000',NULL,NULL),(50,29,2,NULL,'2012-09-07','15.380000',1,'2012-09-07 18:53:42','2012-09-07 18:53:42',1,'14.690000','0.690000',NULL,NULL),(51,31,1,NULL,'2012-08-31','35000.000000',1,'2012-09-07 19:37:50','2012-09-07 19:37:50',1,'0.000000','0.000000',NULL,NULL),(52,33,1,NULL,'2011-06-01','1000000.000000',1,'2012-09-10 17:05:34','2012-09-10 17:05:34',1,'0.000000','0.000000',NULL,NULL),(53,33,2,55,'2011-07-01','93100.000000',1,'2012-09-10 17:05:45','2012-09-10 17:05:59',1,'75600.000000','17500.000000',NULL,NULL),(54,33,2,NULL,'2011-07-02','93100.000000',1,'2012-09-10 17:05:59','2012-09-10 17:05:59',1,'75600.000000','17500.000000',NULL,NULL),(55,33,3,53,'2011-07-01','-93100.000000',1,'2012-09-10 17:05:59','2012-09-10 17:05:59',1,'0.000000','0.000000',NULL,NULL),(56,33,2,NULL,'2012-05-01','1024000.000000',1,'2012-09-10 17:16:39','2012-09-10 17:16:39',1,'924135.000000','99865.000000',NULL,NULL),(57,5,2,NULL,'2012-05-18','67083.000000',1,'2012-09-21 22:34:07','2012-09-21 22:34:07',1,'58333.000000','8750.000000',NULL,NULL),(58,36,1,NULL,'2012-09-25','50000.000000',12,'2012-09-25 10:24:23','2012-09-25 10:24:23',12,'0.000000','0.000000',NULL,NULL),(59,36,2,61,'2012-09-25','4792.000000',12,'2012-09-25 10:24:56','2012-09-25 10:25:14',12,'4167.000000','625.000000',NULL,NULL),(60,36,2,NULL,'2012-09-25','4792.000000',12,'2012-09-25 10:25:14','2012-09-25 10:25:14',12,'4167.000000','625.000000',NULL,NULL),(61,36,3,59,'2012-09-25','-4792.000000',12,'2012-09-25 10:25:14','2012-09-25 10:25:14',12,'0.000000','0.000000',NULL,NULL),(62,33,6,NULL,'2012-10-13','265.000000',1,'2012-10-13 12:54:52','2012-10-13 12:54:52',1,'265.000000','0.000000',NULL,NULL),(68,22,1,NULL,'2012-08-25','100000.000000',1,'2012-10-18 12:46:25','2012-10-18 12:46:25',1,'0.000000','0.000000',NULL,NULL),(69,22,2,NULL,'2012-09-25','9311.000000',1,'2012-10-18 12:46:57','2012-10-18 12:46:57',1,'7561.000000','1750.000000',NULL,NULL),(70,46,1,NULL,'2012-10-29','100000.000000',1,'2012-10-29 10:18:33','2012-10-29 10:18:33',1,'0.000000','0.000000',NULL,NULL),(71,46,5,NULL,'2012-10-29','10.000000',1,'2012-10-29 10:18:33','2012-10-29 10:18:33',1,'0.000000','0.000000',NULL,NULL),(72,46,2,74,'2012-10-29','9311.000000',1,'2012-10-29 10:21:16','2012-10-29 10:22:27',1,'7561.000000','1750.000000',NULL,NULL),(73,46,2,83,'2012-10-29','200.000000',1,'2012-10-29 10:22:27','2012-11-15 08:48:42',1,'0.000000','200.000000',NULL,NULL),(74,46,3,72,'2012-10-29','-9311.000000',1,'2012-10-29 10:22:27','2012-10-29 10:22:27',1,'0.000000','0.000000',NULL,NULL),(75,22,2,NULL,'2012-10-10','100000.000000',1,'2012-11-02 22:33:24','2012-11-02 22:33:24',1,'92439.000000','1618.000000',NULL,NULL),(76,44,1,NULL,'2012-06-01','100000.000000',1,'2012-11-02 22:41:17','2012-11-02 22:41:17',1,'0.000000','0.000000',NULL,NULL),(77,44,1,NULL,'2012-05-25','100000.000000',1,'2012-11-02 22:41:29','2012-11-02 22:41:29',1,'0.000000','0.000000',NULL,NULL),(78,44,2,NULL,'2012-06-25','10333.000000',1,'2012-11-02 22:42:40','2012-11-02 22:42:40',1,'8333.000000','2000.000000',NULL,NULL),(79,44,2,NULL,'2012-07-25','113667.000000',1,'2012-11-02 22:43:12','2012-11-02 22:43:12',1,'91667.000000','22000.000000',NULL,NULL),(80,46,2,NULL,'2012-11-01','9111.000000',1,'2012-11-03 00:31:39','2012-11-03 00:31:39',1,'7561.000000','1550.000000',NULL,NULL),(81,47,1,NULL,'2012-11-15','1000.000000',1,'2012-11-15 05:36:13','2012-11-15 05:36:13',1,'0.000000','0.000000',NULL,NULL),(82,46,2,NULL,'2012-10-29','300.000000',1,'2012-11-15 08:48:42','2012-11-15 08:48:42',1,'0.000000','300.000000',NULL,NULL),(83,46,3,73,'2012-10-29','-200.000000',1,'2012-11-15 08:48:42','2012-11-15 08:48:42',1,'0.000000','0.000000',NULL,NULL),(84,5,2,NULL,'2012-06-18','67083.000000',1,'2012-11-27 16:17:37','2012-11-27 16:17:37',1,'58333.000000','8750.000000',NULL,NULL),(85,5,4,NULL,'2012-07-18','8750.000000',1,'2012-11-27 16:18:13','2012-11-27 16:18:13',1,'0.000000','8750.000000',NULL,NULL),(86,46,2,88,'2012-10-30','100.000000',1,'2012-12-07 11:22:35','2012-12-07 11:23:20',1,'0.000000','100.000000',NULL,NULL),(87,46,2,NULL,'2012-10-30','1000.000000',1,'2012-12-07 11:23:20','2012-12-07 11:23:20',1,'0.000000','1000.000000',NULL,NULL),(88,46,3,86,'2012-10-30','-100.000000',1,'2012-12-07 11:23:20','2012-12-07 11:23:20',1,'0.000000','0.000000',NULL,NULL),(89,52,1,NULL,'2012-12-12','100000.000000',1,'2012-12-12 07:44:21','2012-12-12 07:44:21',1,'0.000000','0.000000',NULL,NULL),(90,52,5,NULL,'2012-12-12','501000.000000',1,'2012-12-12 07:44:21','2012-12-12 07:44:21',1,'0.000000','0.000000',NULL,NULL),(91,52,2,93,'2012-12-12','3000.000000',1,'2012-12-12 07:45:13','2012-12-12 07:47:17',1,'2340.880000','659.120000',NULL,NULL),(92,52,2,95,'2012-12-12','913.000000',1,'2012-12-12 07:47:17','2012-12-12 07:50:15',1,'746.330000','166.670000',NULL,NULL),(93,52,3,91,'2012-12-12','-3000.000000',1,'2012-12-12 07:47:17','2012-12-12 07:47:17',1,'0.000000','0.000000',NULL,NULL),(94,52,2,NULL,'2012-12-12','920.130000',1,'2012-12-12 07:50:15','2012-12-12 07:51:42',1,'837.520000','82.610000',NULL,NULL),(95,52,3,92,'2012-12-12','-913.000000',1,'2012-12-12 07:50:15','2012-12-12 07:50:15',1,'0.000000','0.000000',NULL,NULL),(96,52,4,NULL,'2012-12-12','249.470000',1,'2012-12-12 07:51:42','2012-12-12 07:51:42',1,'0.000000','249.470000',NULL,NULL),(107,57,1,NULL,'2012-12-22','35000.000000',1,'2012-12-22 09:03:31','2012-12-22 09:03:31',1,'0.000000','0.000000','0.000000','0.000000'),(108,57,4,NULL,'2012-12-22','894.600000',1,'2012-12-22 09:03:59','2012-12-22 09:03:59',1,NULL,'894.600000',NULL,NULL),(109,60,1,NULL,'2012-12-01','700000.000000',1,'2012-12-31 09:15:15','2012-12-31 09:15:15',1,'0.000000','0.000000','0.000000','0.000000'),(110,60,5,NULL,'2012-12-01','7500.000000',1,'2012-12-31 09:15:15','2012-12-31 09:15:15',1,NULL,NULL,'7500.000000',NULL),(111,46,2,NULL,'2012-12-29','8211.000000',1,'2012-12-31 21:01:18','2012-12-31 21:01:18',1,'7693.000000','518.000000',NULL,NULL),(112,61,1,NULL,'2013-01-14','100000.000000',25,'2013-01-14 10:52:23','2013-01-14 10:52:23',25,'0.000000','0.000000','0.000000','0.000000');
/*!40000 ALTER TABLE `m_loan_transaction` ENABLE KEYS */;
UNLOCK TABLES;

--
-- Table structure for table `m_loan_xadditional information`
--

DROP TABLE IF EXISTS `m_loan_xadditional information`;
/*!40101 SET @saved_cs_client     = @@character_set_client */;
/*!40101 SET character_set_client = utf8 */;
CREATE TABLE `m_loan_xadditional information` (
  `id` bigint(20) NOT NULL AUTO_INCREMENT,
  `Business Location` varchar(50) DEFAULT NULL,
  `Business Location Other` varchar(50) DEFAULT NULL,
  `Business` varchar(10) DEFAULT NULL,
  `Business Description` mediumtext,
  `Business Title` varchar(100) DEFAULT NULL,
  PRIMARY KEY (`id`),
  CONSTRAINT `portfolio_loan_extra_Additional Information_fk1` FOREIGN KEY (`id`) REFERENCES `m_loan` (`id`) ON DELETE NO ACTION ON UPDATE NO ACTION
) ENGINE=InnoDB AUTO_INCREMENT=32 DEFAULT CHARSET=utf8;
/*!40101 SET character_set_client = @saved_cs_client */;

--
-- Dumping data for table `m_loan_xadditional information`
--

LOCK TABLES `m_loan_xadditional information` WRITE;
/*!40000 ALTER TABLE `m_loan_xadditional information` DISABLE KEYS */;
INSERT INTO `m_loan_xadditional information` VALUES (1,'East Sikkim',NULL,'New',NULL,NULL),(30,'Other','Metropolis','Existing','Reporting on those wacky superheroes.','Daily Planet'),(31,'Other','EVERYWHERE','New',NULL,'Batman Justice Inc.');
/*!40000 ALTER TABLE `m_loan_xadditional information` ENABLE KEYS */;
UNLOCK TABLES;

--
-- Table structure for table `m_note`
--

DROP TABLE IF EXISTS `m_note`;
/*!40101 SET @saved_cs_client     = @@character_set_client */;
/*!40101 SET character_set_client = utf8 */;
CREATE TABLE `m_note` (
  `id` bigint(20) NOT NULL AUTO_INCREMENT,
  `client_id` bigint(20) NOT NULL,
  `loan_id` bigint(20) DEFAULT NULL,
  `loan_transaction_id` bigint(20) DEFAULT NULL,
  `deposit_account_id` bigint(20) DEFAULT NULL,
  `saving_account_id` bigint(20) DEFAULT NULL,
  `note_type_enum` smallint(5) NOT NULL,
  `note` varchar(1000) DEFAULT NULL,
  `created_date` datetime DEFAULT NULL,
  `createdby_id` bigint(20) DEFAULT NULL,
  `lastmodified_date` datetime DEFAULT NULL,
  `lastmodifiedby_id` bigint(20) DEFAULT NULL,
  PRIMARY KEY (`id`),
  KEY `FK7C9708924D26803` (`loan_transaction_id`),
  KEY `FK7C97089541F0A56` (`createdby_id`),
  KEY `FK7C970897179A0CB` (`client_id`),
  KEY `FK7C970898F889C3F` (`lastmodifiedby_id`),
  KEY `FK7C9708940BE0710` (`loan_id`),
  KEY `FK_m_note_m_deposit_account` (`deposit_account_id`),
  KEY `FK_m_note_m_saving_account` (`saving_account_id`),
  CONSTRAINT `FK_m_note_m_saving_account` FOREIGN KEY (`saving_account_id`) REFERENCES `m_saving_account` (`id`),
  CONSTRAINT `FK7C9708924D26803` FOREIGN KEY (`loan_transaction_id`) REFERENCES `m_loan_transaction` (`id`),
  CONSTRAINT `FK7C9708940BE0710` FOREIGN KEY (`loan_id`) REFERENCES `m_loan` (`id`),
  CONSTRAINT `FK7C97089541F0A56` FOREIGN KEY (`createdby_id`) REFERENCES `m_appuser` (`id`),
  CONSTRAINT `FK7C970897179A0CB` FOREIGN KEY (`client_id`) REFERENCES `m_client` (`id`),
  CONSTRAINT `FK7C970898F889C3F` FOREIGN KEY (`lastmodifiedby_id`) REFERENCES `m_appuser` (`id`),
  CONSTRAINT `FK_m_note_m_deposit_account` FOREIGN KEY (`deposit_account_id`) REFERENCES `m_deposit_account` (`id`)
) ENGINE=InnoDB AUTO_INCREMENT=76 DEFAULT CHARSET=utf8;
/*!40101 SET character_set_client = @saved_cs_client */;

--
-- Dumping data for table `m_note`
--

LOCK TABLES `m_note` WRITE;
/*!40000 ALTER TABLE `m_note` DISABLE KEYS */;
INSERT INTO `m_note` VALUES (1,8,NULL,NULL,NULL,NULL,100,'Just a quick\r\nnote','2012-07-17 01:22:13',1,'2012-07-17 01:22:13',1),(2,1,NULL,NULL,NULL,NULL,100,'First note\r\n\r\nedited','2012-07-17 05:15:05',1,'2012-07-17 05:15:17',1),(3,11,NULL,NULL,NULL,NULL,100,'one','2012-07-17 05:19:42',1,'2012-07-17 05:19:42',1),(4,2,NULL,NULL,NULL,NULL,100,'Declan has just started','2012-07-17 05:20:22',1,'2012-07-17 05:20:22',1),(5,13,3,NULL,NULL,NULL,200,'ras','2012-07-19 17:03:50',1,'2012-07-19 17:03:50',1),(6,13,3,NULL,NULL,NULL,200,'ras','2012-07-19 17:04:16',1,'2012-07-19 17:04:16',1),(7,13,4,NULL,NULL,NULL,200,'ras','2012-07-19 17:07:53',1,'2012-07-19 17:07:53',1),(8,13,4,NULL,NULL,NULL,200,'ras','2012-07-19 17:16:05',1,'2012-07-19 17:16:05',1),(9,13,4,NULL,NULL,NULL,200,'ras','2012-07-19 17:16:39',1,'2012-07-19 17:16:39',1),(10,13,4,NULL,NULL,NULL,200,'ras','2012-07-19 17:49:52',1,'2012-07-19 17:49:52',1),(11,13,4,NULL,NULL,NULL,200,'ras','2012-07-19 17:50:01',1,'2012-07-19 17:50:01',1),(12,13,4,NULL,NULL,NULL,200,'ras','2012-07-19 17:50:15',1,'2012-07-19 17:50:15',1),(13,13,5,NULL,NULL,NULL,200,'ras','2012-07-19 17:55:40',1,'2012-07-19 17:55:40',1),(14,13,5,NULL,NULL,NULL,200,'ras','2012-07-19 17:55:54',1,'2012-07-19 17:55:54',1),(15,2,6,NULL,NULL,NULL,200,'my note of approval','2012-08-12 15:38:54',1,'2012-08-12 15:38:54',1),(16,16,NULL,NULL,NULL,NULL,100,'test adding first note','2012-08-21 09:28:15',1,'2012-08-21 09:28:15',1),(17,17,26,NULL,NULL,NULL,200,'asf','2012-09-05 08:55:57',1,'2012-09-05 08:55:57',1),(18,17,26,NULL,NULL,NULL,200,'f','2012-09-05 08:56:15',1,'2012-09-05 08:56:15',1),(19,17,26,NULL,NULL,NULL,200,'fx','2012-09-05 08:56:26',1,'2012-09-05 08:56:26',1),(20,17,27,NULL,NULL,NULL,200,'7yiy','2012-09-05 08:58:46',1,'2012-09-05 08:58:46',1),(21,17,27,NULL,NULL,NULL,200,'i0[','2012-09-05 08:58:57',1,'2012-09-05 08:58:57',1),(22,17,28,NULL,NULL,NULL,200,'u90i','2012-09-05 09:02:05',1,'2012-09-05 09:02:05',1),(23,17,28,NULL,NULL,NULL,200,'8-9i0','2012-09-05 09:02:11',1,'2012-09-05 09:02:11',1),(24,17,28,NULL,NULL,NULL,200,'testing','2012-09-05 15:03:20',1,'2012-09-05 15:03:20',1),(25,17,28,NULL,NULL,NULL,200,'more testing meow','2012-09-05 15:03:38',1,'2012-09-05 15:21:46',1),(26,15,NULL,NULL,NULL,NULL,100,'Testing','2012-09-07 00:08:31',1,'2012-09-07 00:08:31',1),(27,24,29,NULL,NULL,NULL,200,'General villainy','2012-09-07 18:36:29',1,'2012-09-07 18:36:29',1),(28,24,29,NULL,NULL,NULL,200,'Lex Luthor seems like a fine fellow with no nefarious aims. Approved!','2012-09-07 18:46:38',1,'2012-09-07 18:46:38',1),(29,24,29,NULL,NULL,NULL,200,'Laughed evilly.','2012-09-07 18:52:58',1,'2012-09-07 18:52:58',1),(30,24,29,50,NULL,NULL,300,'Mentioned lasers...','2012-09-07 18:53:42',1,'2012-09-07 18:53:42',1),(31,25,30,NULL,NULL,NULL,200,'Making a paper.','2012-09-07 19:33:07',1,'2012-09-07 19:33:07',1),(32,25,NULL,NULL,NULL,NULL,100,'He misses superdog.','2012-09-07 19:33:29',1,'2012-09-07 19:33:29',1),(33,25,30,NULL,NULL,NULL,200,'We have faith.','2012-09-07 19:34:45',1,'2012-09-07 19:34:45',1),(34,26,31,NULL,NULL,NULL,200,'For justice.','2012-09-07 19:35:12',1,'2012-09-07 19:35:12',1),(35,26,31,NULL,NULL,NULL,200,'Batman is the hero that we need.','2012-09-07 19:36:58',1,'2012-09-07 19:36:58',1),(36,26,31,NULL,NULL,NULL,200,'Did you know the Joker KILLED HIS PARENTS???','2012-09-07 19:37:50',1,'2012-09-07 19:37:50',1),(38,27,NULL,NULL,NULL,NULL,100,'this is test client for adding pictures or load files','2012-09-07 20:51:28',1,'2012-09-07 20:51:28',1),(39,2,23,NULL,NULL,NULL,200,'zasxa','2012-09-09 08:13:05',1,'2012-09-09 08:13:05',1),(40,2,23,NULL,NULL,NULL,200,'asdas','2012-09-09 08:13:10',1,'2012-09-09 08:13:10',1),(41,5,9,NULL,NULL,NULL,200,'dont like repayment schedule','2012-09-21 22:32:27',1,'2012-09-21 22:32:27',1),(42,29,NULL,NULL,NULL,NULL,100,'Hoqw are youe','2012-09-22 08:00:26',1,'2012-09-22 08:00:26',1),(43,30,35,NULL,NULL,NULL,200,'your loan application will approve on given date','2012-09-25 10:03:56',1,'2012-09-25 10:05:18',1),(44,30,35,NULL,NULL,NULL,200,'ok i am agree','2012-09-25 10:17:23',12,'2012-09-25 10:17:23',12),(45,30,36,59,NULL,NULL,300,'ddddd','2012-09-25 10:24:56',12,'2012-09-25 10:24:56',12),(46,30,36,60,NULL,NULL,300,'ww','2012-09-25 10:25:14',12,'2012-09-25 10:25:14',12),(47,30,38,NULL,NULL,NULL,200,'ffff','2012-09-25 10:40:27',12,'2012-09-25 10:40:27',12),(48,16,NULL,NULL,NULL,NULL,100,'2nd note','2012-10-01 11:08:11',1,'2012-10-01 11:08:11',1),(49,23,NULL,NULL,NULL,NULL,100,'nice client','2012-10-25 15:08:27',1,'2012-10-25 15:08:27',1),(50,16,NULL,NULL,NULL,NULL,100,'test note','2012-10-29 10:04:45',1,'2012-10-29 10:04:45',1),(51,16,46,NULL,NULL,NULL,200,'approved','2012-10-29 10:17:46',1,'2012-10-29 10:17:46',1),(52,16,44,NULL,NULL,NULL,200,'test','2012-11-02 22:40:55',1,'2012-11-02 22:40:55',1),(53,16,44,78,NULL,NULL,300,'124000','2012-11-02 22:42:40',1,'2012-11-02 22:42:40',1),(54,16,46,82,NULL,NULL,300,'Demo - Adjustment','2012-11-15 08:48:42',1,'2012-11-15 08:48:42',1),(55,3,NULL,NULL,NULL,NULL,100,'fdffdf','2012-11-17 12:02:36',1,'2012-11-17 12:02:36',1),(56,27,NULL,NULL,2,NULL,400,'jj','2012-11-26 20:42:26',1,'2012-11-26 20:42:26',1),(57,43,NULL,NULL,NULL,NULL,100,'test 2','2012-12-03 20:57:51',1,'2012-12-03 20:58:01',1),(58,16,NULL,NULL,NULL,NULL,100,'a new note for esther','2012-12-07 11:32:13',1,'2012-12-07 11:32:13',1),(59,59,52,NULL,NULL,NULL,200,'approved','2012-12-12 07:44:04',1,'2012-12-12 07:44:04',1),(60,59,52,NULL,NULL,NULL,200,'ok','2012-12-12 07:44:21',1,'2012-12-12 07:44:21',1),(61,59,52,91,NULL,NULL,300,'advanced  repayment','2012-12-12 07:45:13',1,'2012-12-12 07:45:13',1),(62,59,52,92,NULL,NULL,300,'adjusted','2012-12-12 07:47:17',1,'2012-12-12 07:47:17',1),(65,59,52,96,NULL,NULL,300,'waive 249.47','2012-12-12 07:51:42',1,'2012-12-12 07:51:42',1),(66,58,53,NULL,NULL,NULL,200,'I like you.','2012-12-12 07:54:02',1,'2012-12-12 07:54:02',1),(67,17,NULL,NULL,6,NULL,400,'fine thats ok','2012-12-21 08:52:02',1,'2012-12-21 08:52:02',1),(68,17,54,NULL,NULL,NULL,200,'fdsf','2012-12-21 09:12:30',1,'2012-12-21 09:12:30',1),(69,58,56,NULL,NULL,NULL,200,'gft','2012-12-22 06:06:11',1,'2012-12-22 06:06:11',1),(70,17,NULL,NULL,9,NULL,400,'bcvbv','2012-12-31 19:23:28',1,'2012-12-31 19:23:28',1),(71,17,NULL,NULL,9,NULL,400,'df','2012-12-31 19:24:27',1,'2012-12-31 19:24:27',1),(72,17,NULL,NULL,NULL,NULL,100,'','2013-01-08 05:41:56',1,'2013-01-08 05:41:56',1),(73,17,NULL,NULL,NULL,NULL,100,'ytyrty','2013-01-08 05:42:23',1,'2013-01-08 05:42:23',1),(74,65,NULL,NULL,NULL,NULL,100,'hgfh','2013-01-18 12:55:11',1,'2013-01-18 12:55:11',1),(75,65,NULL,NULL,NULL,NULL,100,'hjbjhg','2013-01-18 12:55:21',1,'2013-01-18 12:55:21',1);
/*!40000 ALTER TABLE `m_note` ENABLE KEYS */;
UNLOCK TABLES;

--
-- Table structure for table `m_office`
--

DROP TABLE IF EXISTS `m_office`;
/*!40101 SET @saved_cs_client     = @@character_set_client */;
/*!40101 SET character_set_client = utf8 */;
CREATE TABLE `m_office` (
  `id` bigint(20) NOT NULL AUTO_INCREMENT,
  `parent_id` bigint(20) DEFAULT NULL,
  `hierarchy` varchar(100) DEFAULT NULL,
  `external_id` varchar(100) DEFAULT NULL,
  `name` varchar(50) NOT NULL,
  `opening_date` date NOT NULL,
  PRIMARY KEY (`id`),
  UNIQUE KEY `name_org` (`name`),
  UNIQUE KEY `externalid_org` (`external_id`),
  KEY `FK2291C477E2551DCC` (`parent_id`),
  CONSTRAINT `FK2291C477E2551DCC` FOREIGN KEY (`parent_id`) REFERENCES `m_office` (`id`)
) ENGINE=InnoDB AUTO_INCREMENT=26 DEFAULT CHARSET=utf8;
/*!40101 SET character_set_client = @saved_cs_client */;

--
-- Dumping data for table `m_office`
--

LOCK TABLES `m_office` WRITE;
/*!40000 ALTER TABLE `m_office` DISABLE KEYS */;
INSERT INTO `m_office` VALUES (1,NULL,'.','1','Head Office','2009-01-01'),(2,9,'.9.2.','2','Z14','2012-01-02'),(3,9,'.9.3.','Z11','Z11','2012-03-01'),(4,9,'.9.4.',NULL,'Z10','2012-04-17'),(5,9,'.9.5.','Z12','Z12','2012-07-04'),(6,9,'.9.6.',NULL,'Z9','2012-07-01'),(7,9,'.9.7.','Z2','Z2','2012-07-19'),(9,1,'.9.','Z-Region','Z-Region','2012-07-19'),(10,9,'.9.10.','Z1','Z1','2012-07-19'),(11,9,'.9.11.','Z3','Z3','2012-07-19'),(12,9,'.9.12.','Z6','Z6','2012-07-23'),(13,9,'.9.13.','Z7','Z7','2012-07-23'),(14,9,'.9.14.','Z8','Z8','2012-07-23'),(15,9,'.9.15.','Z16','Z16','2012-07-23'),(16,9,'.9.16.','Z15','Z15','2012-07-23'),(17,9,'.9.17.','Z17','Z17','2012-07-23'),(18,9,'.9.18.',NULL,'Z4','2011-07-01'),(19,9,'.9.19.',NULL,'Z5','2012-01-01'),(20,9,'.9.20.',NULL,'Z13','2012-11-15'),(21,1,'.21.',NULL,'Hong Kong Head Office','2010-06-01'),(22,21,'.21.22.',NULL,'North Point Office','2010-06-01'),(23,1,'.23.','2510000001','Addis Ababa','2013-01-11'),(24,1,'.24.',NULL,'Intrasoft Technologies Limited','2013-01-01'),(25,24,'.24.25.',NULL,'Intrasoft - Mombasa Branch','2013-01-14');
/*!40000 ALTER TABLE `m_office` ENABLE KEYS */;
UNLOCK TABLES;

--
-- Table structure for table `m_office_transaction`
--

DROP TABLE IF EXISTS `m_office_transaction`;
/*!40101 SET @saved_cs_client     = @@character_set_client */;
/*!40101 SET character_set_client = utf8 */;
CREATE TABLE `m_office_transaction` (
  `id` bigint(20) NOT NULL AUTO_INCREMENT,
  `from_office_id` bigint(20) DEFAULT NULL,
  `to_office_id` bigint(20) DEFAULT NULL,
  `currency_code` varchar(3) NOT NULL,
  `currency_digits` int(11) NOT NULL,
  `transaction_amount` decimal(19,6) NOT NULL,
  `transaction_date` date NOT NULL,
  `description` varchar(100) DEFAULT NULL,
  PRIMARY KEY (`id`),
  KEY `FK1E37728B93C6C1B6` (`to_office_id`),
  KEY `FK1E37728B783C5C25` (`from_office_id`),
  CONSTRAINT `FK1E37728B783C5C25` FOREIGN KEY (`from_office_id`) REFERENCES `m_office` (`id`),
  CONSTRAINT `FK1E37728B93C6C1B6` FOREIGN KEY (`to_office_id`) REFERENCES `m_office` (`id`)
) ENGINE=InnoDB AUTO_INCREMENT=6 DEFAULT CHARSET=utf8;
/*!40101 SET character_set_client = @saved_cs_client */;

--
-- Dumping data for table `m_office_transaction`
--

LOCK TABLES `m_office_transaction` WRITE;
/*!40000 ALTER TABLE `m_office_transaction` DISABLE KEYS */;
INSERT INTO `m_office_transaction` VALUES (1,NULL,1,'USD',2,'55555.000000','2012-07-17',NULL),(2,1,3,'LBP',2,'34000.000000','2012-06-06',NULL),(3,1,9,'USD',2,'2000.000000','2012-08-09','hey dude'),(4,11,10,'USD',2,'10000.000000','2012-12-01',''),(5,10,14,'USD',2,'3000.000000','2013-01-24','');
/*!40000 ALTER TABLE `m_office_transaction` ENABLE KEYS */;
UNLOCK TABLES;

--
-- Table structure for table `m_organisation_currency`
--

DROP TABLE IF EXISTS `m_organisation_currency`;
/*!40101 SET @saved_cs_client     = @@character_set_client */;
/*!40101 SET character_set_client = utf8 */;
CREATE TABLE `m_organisation_currency` (
  `id` bigint(20) NOT NULL AUTO_INCREMENT,
  `code` varchar(3) NOT NULL,
  `decimal_places` smallint(5) NOT NULL,
  `name` varchar(50) NOT NULL,
  `display_symbol` varchar(10) DEFAULT NULL,
  `internationalized_name_code` varchar(50) NOT NULL,
  PRIMARY KEY (`id`)
) ENGINE=InnoDB AUTO_INCREMENT=88 DEFAULT CHARSET=utf8;
/*!40101 SET character_set_client = @saved_cs_client */;

--
-- Dumping data for table `m_organisation_currency`
--

LOCK TABLES `m_organisation_currency` WRITE;
/*!40000 ALTER TABLE `m_organisation_currency` DISABLE KEYS */;
INSERT INTO `m_organisation_currency` VALUES (87,'ZAR',2,'South African Rand','R','currency.ZAR');
/*!40000 ALTER TABLE `m_organisation_currency` ENABLE KEYS */;
UNLOCK TABLES;

--
-- Table structure for table `m_permission`
--

DROP TABLE IF EXISTS `m_permission`;
/*!40101 SET @saved_cs_client     = @@character_set_client */;
/*!40101 SET character_set_client = utf8 */;
CREATE TABLE `m_permission` (
  `id` bigint(20) NOT NULL AUTO_INCREMENT,
  `grouping` varchar(45) DEFAULT NULL,
  `code` varchar(100) NOT NULL,
  `entity_name` varchar(100) DEFAULT NULL,
  `action_name` varchar(100) DEFAULT NULL,
  `can_maker_checker` tinyint(1) NOT NULL DEFAULT '1',
  PRIMARY KEY (`id`),
  UNIQUE KEY `code` (`code`)
) ENGINE=InnoDB AUTO_INCREMENT=349 DEFAULT CHARSET=utf8;
/*!40101 SET character_set_client = @saved_cs_client */;

--
-- Dumping data for table `m_permission`
--

LOCK TABLES `m_permission` WRITE;
/*!40000 ALTER TABLE `m_permission` DISABLE KEYS */;
INSERT INTO `m_permission` VALUES (4,'special','REPORTING_SUPER_USER',NULL,NULL,0),(5,'portfolio','CREATE_LOAN','LOAN','CREATE',1),(6,'portfolio','CREATEHISTORIC_LOAN','LOAN','CREATEHISTORIC',1),(7,'transaction_loan','APPROVE_LOAN','LOAN','APPROVE',1),(8,'transaction_loan','APPROVEINPAST_LOAN','LOAN','APPROVEINPAST',1),(9,'transaction_loan','REJECT_LOAN','LOAN','REJECT',1),(10,'transaction_loan','REJECTINPAST_LOAN','LOAN','REJECTINPAST',1),(11,'transaction_loan','WITHDRAW_LOAN','LOAN','WITHDRAW',1),(12,'transaction_loan','WITHDRAWINPAST_LOAN','LOAN','WITHDRAWINPAST',1),(13,'portfolio','DELETE_LOAN','LOAN','DELETE',1),(14,'transaction_loan','APPROVALUNDO_LOAN','LOAN','APPROVALUNDO',1),(15,'transaction_loan','DISBURSE_LOAN','LOAN','DISBURSE',1),(16,'transaction_loan','DISBURSEINPAST_LOAN','LOAN','DISBURSEINPAST',1),(17,'transaction_loan','DISBURSALUNDO_LOAN','LOAN','DISBURSALUNDO',1),(18,'transaction_loan','REPAYMENT_LOAN','LOAN','REPAYMENT',1),(19,'transaction_loan','REPAYMENTINPAST_LOAN','LOAN','REPAYMENTINPAST',1),(20,'portfolio','CREATE_CLIENT','CLIENT','CREATE',1),(42,'special','ALL_FUNCTIONS',NULL,NULL,0),(43,'special','ALL_FUNCTIONS_READ',NULL,NULL,0),(112,'organisation','CREATE_CHARGE','CHARGE','CREATE',1),(113,'organisation','READ_CHARGE','CHARGE','READ',0),(114,'organisation','UPDATE_CHARGE','CHARGE','UPDATE',1),(115,'organisation','DELETE_CHARGE','CHARGE','DELETE',1),(120,'portfolio','READ_CLIENT','CLIENT','READ',0),(121,'portfolio','UPDATE_CLIENT','CLIENT','UPDATE',1),(122,'portfolio','DELETE_CLIENT','CLIENT','DELETE',1),(123,'portfolio','CREATE_CLIENTIMAGE','CLIENTIMAGE','CREATE',1),(124,'portfolio','READ_CLIENTIMAGE','CLIENTIMAGE','READ',0),(126,'portfolio','DELETE_CLIENTIMAGE','CLIENTIMAGE','DELETE',1),(127,'portfolio','CREATE_CLIENTNOTE','CLIENTNOTE','CREATE',1),(128,'portfolio','READ_CLIENTNOTE','CLIENTNOTE','READ',0),(129,'portfolio','UPDATE_CLIENTNOTE','CLIENTNOTE','UPDATE',1),(130,'portfolio','DELETE_CLIENTNOTE','CLIENTNOTE','DELETE',1),(131,'portfolio','CREATE_CLIENTIDENTIFIER','CLIENTIDENTIFIER','CREATE',1),(132,'portfolio','READ_CLIENTIDENTIFIER','CLIENTIDENTIFIER','READ',0),(133,'portfolio','UPDATE_CLIENTIDENTIFIER','CLIENTIDENTIFIER','UPDATE',1),(134,'portfolio','DELETE_CLIENTIDENTIFIER','CLIENTIDENTIFIER','DELETE',1),(135,'configuration','CREATE_CODE','CODE','CREATE',1),(136,'configuration','READ_CODE','CODE','READ',0),(137,'configuration','UPDATE_CODE','CODE','UPDATE',1),(138,'configuration','DELETE_CODE','CODE','DELETE',1),(139,'configuration','READ_CURRENCY','CURRENCY','READ',0),(140,'configuration','UPDATE_CURRENCY','CURRENCY','UPDATE',1),(141,'portfolio','CREATE_DOCUMENT','DOCUMENT','CREATE',1),(142,'portfolio','READ_DOCUMENT','DOCUMENT','READ',0),(143,'portfolio','UPDATE_DOCUMENT','DOCUMENT','UPDATE',1),(144,'portfolio','DELETE_DOCUMENT','DOCUMENT','DELETE',1),(145,'organisation','CREATE_FUND','FUND','CREATE',1),(146,'organisation','READ_FUND','FUND','READ',0),(147,'organisation','UPDATE_FUND','FUND','UPDATE',1),(148,'organisation','DELETE_FUND','FUND','DELETE',1),(149,'portfolio','CREATE_GROUP','GROUP','CREATE',1),(150,'portfolio','READ_GROUP','GROUP','READ',0),(151,'portfolio','UPDATE_GROUP','GROUP','UPDATE',1),(152,'portfolio','DELETE_GROUP','GROUP','DELETE',1),(153,'organisation','CREATE_LOANPRODUCT','LOANPRODUCT','CREATE',1),(154,'organisation','READ_LOANPRODUCT','LOANPRODUCT','READ',0),(155,'organisation','UPDATE_LOANPRODUCT','LOANPRODUCT','UPDATE',1),(156,'organisation','DELETE_LOANPRODUCT','LOANPRODUCT','DELETE',1),(157,'portfolio','READ_LOAN','LOAN','READ',0),(158,'portfolio','UPDATE_LOAN','LOAN','UPDATE',1),(159,'portfolio','UPDATEHISTORIC_LOAN','LOAN','UPDATEHISTORIC',1),(160,'portfolio','CREATE_LOANCHARGE','LOANCHARGE','CREATE',1),(161,'portfolio','UPDATE_LOANCHARGE','LOANCHARGE','UPDATE',1),(162,'portfolio','DELETE_LOANCHARGE','LOANCHARGE','DELETE',1),(163,'portfolio','WAIVE_LOANCHARGE','LOANCHARGE','WAIVE',1),(164,'transaction_loan','BULKREASSIGN_LOAN','LOAN','BULKREASSIGN',1),(165,'transaction_loan','ADJUST_LOAN','LOAN','ADJUST',1),(166,'transaction_loan','WAIVEINTERESTPORTION_LOAN','LOAN','WAIVEINTERESTPORTION',1),(167,'transaction_loan','WRITEOFF_LOAN','LOAN','WRITEOFF',1),(168,'transaction_loan','CLOSE_LOAN','LOAN','CLOSE',1),(169,'transaction_loan','CLOSEASRESCHEDULED_LOAN','LOAN','CLOSEASRESCHEDULED',1),(170,'organisation','READ_MAKERCHECKER','MAKERCHECKER','READ',0),(171,'organisation','CREATE_OFFICE','OFFICE','CREATE',1),(172,'organisation','READ_OFFICE','OFFICE','READ',0),(173,'organisation','UPDATE_OFFICE','OFFICE','UPDATE',1),(174,'organisation','DELETE_OFFICE','OFFICE','DELETE',1),(175,'organisation','READ_OFFICETRANSACTION','OFFICETRANSACTION','READ',0),(176,'organisation','CREATE_OFFICETRANSACTION','OFFICETRANSACTION','CREATE',1),(177,'configuration','READ_PERMISSION','PERMISSION','READ',0),(178,'authorisation','CREATE_ROLE','ROLE','CREATE',1),(179,'authorisation','READ_ROLE','ROLE','READ',0),(180,'authorisation','UPDATE_ROLE','ROLE','UPDATE',1),(181,'authorisation','DELETE_ROLE','ROLE','DELETE',1),(182,'authorisation','CREATE_USER','USER','CREATE',1),(183,'authorisation','READ_USER','USER','READ',0),(184,'authorisation','UPDATE_USER','USER','UPDATE',1),(185,'authorisation','DELETE_USER','USER','DELETE',1),(186,'organisation','CREATE_STAFF','STAFF','CREATE',1),(187,'organisation','READ_STAFF','STAFF','READ',0),(188,'organisation','UPDATE_STAFF','STAFF','UPDATE',1),(189,'organisation','DELETE_STAFF','STAFF','DELETE',1),(190,'organisation','CREATE_SAVINGSPRODUCT','SAVINGSPRODUCT','CREATE',1),(191,'organisation','READ_SAVINGSPRODUCT','SAVINGSPRODUCT','READ',0),(192,'organisation','UPDATE_SAVINGSPRODUCT','SAVINGSPRODUCT','UPDATE',1),(193,'organisation','DELETE_SAVINGSPRODUCT','SAVINGSPRODUCT','DELETE',1),(194,'organisation','CREATE_DEPOSITPRODUCT','DEPOSITPRODUCT','CREATE',1),(195,'organisation','READ_DEPOSITPRODUCT','DEPOSITPRODUCT','READ',0),(196,'organisation','UPDATE_DEPOSITPRODUCT','DEPOSITPRODUCT','UPDATE',1),(197,'organisation','DELETE_DEPOSITPRODUCT','DEPOSITPRODUCT','DELETE',1),(198,'portfolio','CREATE_DEPOSITACCOUNT','DEPOSITACCOUNT','CREATE',1),(199,'portfolio','READ_DEPOSITACCOUNT','DEPOSITACCOUNT','READ',0),(200,'portfolio','UPDATE_DEPOSITACCOUNT','DEPOSITACCOUNT','UPDATE',1),(201,'portfolio','DELETE_DEPOSITACCOUNT','DEPOSITACCOUNT','DELETE',1),(202,'transaction_deposit','APPROVE_DEPOSITACCOUNT','DEPOSITACCOUNT','APPROVE',1),(203,'transaction_deposit','REJECT_DEPOSITACCOUNT','DEPOSITACCOUNT','REJECT',1),(204,'transaction_deposit','WITHDRAW_DEPOSITACCOUNT','DEPOSITACCOUNT','WITHDRAW',1),(205,'transaction_deposit','APPROVALUNDO_DEPOSITACCOUNT','DEPOSITACCOUNT','APPROVALUNDO',1),(206,'transaction_deposit','WITHDRAWAL_DEPOSITACCOUNT','DEPOSITACCOUNT','WITHDRAWAL',1),(207,'transaction_deposit','INTEREST_DEPOSITACCOUNT','DEPOSITACCOUNT','INTEREST',1),(208,'transaction_deposit','RENEW_DEPOSITACCOUNT','DEPOSITACCOUNT','RENEW',1),(209,'portfolio','CREATE_SAVINGSACCOUNT','SAVINGSACCOUNT','CREATE',1),(210,'portfolio','READ_SAVINGSACCOUNT','SAVINGSACCOUNT','READ',0),(211,'portfolio','UPDATE_SAVINGSACCOUNT','SAVINGSACCOUNT','UPDATE',1),(212,'portfolio','DELETE_SAVINGSACCOUNT','SAVINGSACCOUNT','DELETE',1),(213,'authorisation','PERMISSIONS_ROLE','ROLE','PERMISSIONS',1),(214,'report','READ_Client Listing','Client Listing','READ',0),(215,'report','READ_Client Listing (Pentaho)','Client Listing (Pentaho)','READ',0),(216,'report','READ_Client Listing - Additional and Unlikely','Client Listing - Additional and Unlikely','READ',0),(217,'report','READ_Client Loans Listing','Client Loans Listing','READ',0),(218,'report','READ_Client Loans Listing - Additional','Client Loans Listing - Additional','READ',0),(219,'report','READ_Clients by Surname (a bit silly)','Clients by Surname (a bit silly)','READ',0),(220,'report','READ_Funds Disbursed Summary - Currency','Funds Disbursed Summary - Currency','READ',0),(221,'report','READ_Funds Disbursed Summary - Office, Currency','Funds Disbursed Summary - Office, Currency','READ',0),(222,'report','READ_Loan Disbursals in Previous Year','Loan Disbursals in Previous Year','READ',0),(223,'report','READ_Loan Repayments in Previous Year','Loan Repayments in Previous Year','READ',0),(224,'report','READ_Loans - Active Loans Portfolio Status','Loans - Active Loans Portfolio Status','READ',0),(225,'report','READ_Loans Awaiting Disbursal','Loans Awaiting Disbursal','READ',0),(226,'report','READ_Portfolio at Risk','Portfolio at Risk','READ',0),(227,'report','READ_Upcoming Repayments','Upcoming Repayments','READ',0),(228,'report','READ_Upcoming Repayments Summary - Month, Currency, Loan Risk','Upcoming Repayments Summary - Month, Currency, Loan Risk','READ',0),(229,'datatable','CREATE_m_guarantor_external','m_guarantor_external','CREATE',1),(230,'datatable','CREATE_risk_analysis','risk_analysis','CREATE',1),(232,'datatable','READ_m_guarantor_external','m_guarantor_external','READ',0),(233,'datatable','READ_risk_analysis','risk_analysis','READ',0),(235,'datatable','UPDATE_m_guarantor_external','m_guarantor_external','UPDATE',1),(236,'datatable','UPDATE_risk_analysis','risk_analysis','UPDATE',1),(238,'datatable','DELETE_m_guarantor_external','m_guarantor_external','DELETE',1),(239,'datatable','DELETE_risk_analysis','risk_analysis','DELETE',1),(240,'portfolio','CREATE_LOAN_CHECKER','LOAN','CREATE',0),(241,'portfolio','CREATEHISTORIC_LOAN_CHECKER','LOAN','CREATEHISTORIC',0),(242,'transaction_loan','APPROVE_LOAN_CHECKER','LOAN','APPROVE',0),(243,'transaction_loan','APPROVEINPAST_LOAN_CHECKER','LOAN','APPROVEINPAST',0),(244,'transaction_loan','REJECT_LOAN_CHECKER','LOAN','REJECT',0),(245,'transaction_loan','REJECTINPAST_LOAN_CHECKER','LOAN','REJECTINPAST',0),(246,'transaction_loan','WITHDRAW_LOAN_CHECKER','LOAN','WITHDRAW',0),(247,'transaction_loan','WITHDRAWINPAST_LOAN_CHECKER','LOAN','WITHDRAWINPAST',0),(248,'portfolio','DELETE_LOAN_CHECKER','LOAN','DELETE',0),(249,'transaction_loan','APPROVALUNDO_LOAN_CHECKER','LOAN','APPROVALUNDO',0),(250,'transaction_loan','DISBURSE_LOAN_CHECKER','LOAN','DISBURSE',0),(251,'transaction_loan','DISBURSEINPAST_LOAN_CHECKER','LOAN','DISBURSEINPAST',0),(252,'transaction_loan','DISBURSALUNDO_LOAN_CHECKER','LOAN','DISBURSALUNDO',0),(253,'transaction_loan','REPAYMENT_LOAN_CHECKER','LOAN','REPAYMENT',0),(254,'transaction_loan','REPAYMENTINPAST_LOAN_CHECKER','LOAN','REPAYMENTINPAST',0),(255,'portfolio','CREATE_CLIENT_CHECKER','CLIENT','CREATE',0),(256,'organisation','CREATE_CHARGE_CHECKER','CHARGE','CREATE',0),(257,'organisation','UPDATE_CHARGE_CHECKER','CHARGE','UPDATE',0),(258,'organisation','DELETE_CHARGE_CHECKER','CHARGE','DELETE',0),(259,'portfolio','UPDATE_CLIENT_CHECKER','CLIENT','UPDATE',0),(260,'portfolio','DELETE_CLIENT_CHECKER','CLIENT','DELETE',0),(261,'portfolio','CREATE_CLIENTIMAGE_CHECKER','CLIENTIMAGE','CREATE',0),(262,'portfolio','DELETE_CLIENTIMAGE_CHECKER','CLIENTIMAGE','DELETE',0),(263,'portfolio','CREATE_CLIENTNOTE_CHECKER','CLIENTNOTE','CREATE',0),(264,'portfolio','UPDATE_CLIENTNOTE_CHECKER','CLIENTNOTE','UPDATE',0),(265,'portfolio','DELETE_CLIENTNOTE_CHECKER','CLIENTNOTE','DELETE',0),(266,'portfolio','CREATE_CLIENTIDENTIFIER_CHECKER','CLIENTIDENTIFIER','CREATE',0),(267,'portfolio','UPDATE_CLIENTIDENTIFIER_CHECKER','CLIENTIDENTIFIER','UPDATE',0),(268,'portfolio','DELETE_CLIENTIDENTIFIER_CHECKER','CLIENTIDENTIFIER','DELETE',0),(269,'configuration','CREATE_CODE_CHECKER','CODE','CREATE',0),(270,'configuration','UPDATE_CODE_CHECKER','CODE','UPDATE',0),(271,'configuration','DELETE_CODE_CHECKER','CODE','DELETE',0),(272,'configuration','UPDATE_CURRENCY_CHECKER','CURRENCY','UPDATE',0),(273,'portfolio','CREATE_DOCUMENT_CHECKER','DOCUMENT','CREATE',0),(274,'portfolio','UPDATE_DOCUMENT_CHECKER','DOCUMENT','UPDATE',0),(275,'portfolio','DELETE_DOCUMENT_CHECKER','DOCUMENT','DELETE',0),(276,'organisation','CREATE_FUND_CHECKER','FUND','CREATE',0),(277,'organisation','UPDATE_FUND_CHECKER','FUND','UPDATE',0),(278,'organisation','DELETE_FUND_CHECKER','FUND','DELETE',0),(279,'portfolio','CREATE_GROUP_CHECKER','GROUP','CREATE',0),(280,'portfolio','UPDATE_GROUP_CHECKER','GROUP','UPDATE',0),(281,'portfolio','DELETE_GROUP_CHECKER','GROUP','DELETE',0),(282,'organisation','CREATE_LOANPRODUCT_CHECKER','LOANPRODUCT','CREATE',0),(283,'organisation','UPDATE_LOANPRODUCT_CHECKER','LOANPRODUCT','UPDATE',0),(284,'organisation','DELETE_LOANPRODUCT_CHECKER','LOANPRODUCT','DELETE',0),(285,'portfolio','UPDATE_LOAN_CHECKER','LOAN','UPDATE',0),(286,'portfolio','UPDATEHISTORIC_LOAN_CHECKER','LOAN','UPDATEHISTORIC',0),(287,'portfolio','CREATE_LOANCHARGE_CHECKER','LOANCHARGE','CREATE',0),(288,'portfolio','UPDATE_LOANCHARGE_CHECKER','LOANCHARGE','UPDATE',0),(289,'portfolio','DELETE_LOANCHARGE_CHECKER','LOANCHARGE','DELETE',0),(290,'portfolio','WAIVE_LOANCHARGE_CHECKER','LOANCHARGE','WAIVE',0),(291,'transaction_loan','BULKREASSIGN_LOAN_CHECKER','LOAN','BULKREASSIGN',0),(292,'transaction_loan','ADJUST_LOAN_CHECKER','LOAN','ADJUST',0),(293,'transaction_loan','WAIVEINTERESTPORTION_LOAN_CHECKER','LOAN','WAIVEINTERESTPORTION',0),(294,'transaction_loan','WRITEOFF_LOAN_CHECKER','LOAN','WRITEOFF',0),(295,'transaction_loan','CLOSE_LOAN_CHECKER','LOAN','CLOSE',0),(296,'transaction_loan','CLOSEASRESCHEDULED_LOAN_CHECKER','LOAN','CLOSEASRESCHEDULED',0),(297,'organisation','CREATE_OFFICE_CHECKER','OFFICE','CREATE',0),(298,'organisation','UPDATE_OFFICE_CHECKER','OFFICE','UPDATE',0),(299,'organisation','DELETE_OFFICE_CHECKER','OFFICE','DELETE',0),(300,'organisation','CREATE_OFFICETRANSACTION_CHECKER','OFFICETRANSACTION','CREATE',0),(301,'authorisation','CREATE_ROLE_CHECKER','ROLE','CREATE',0),(302,'authorisation','UPDATE_ROLE_CHECKER','ROLE','UPDATE',0),(303,'authorisation','DELETE_ROLE_CHECKER','ROLE','DELETE',0),(304,'authorisation','CREATE_USER_CHECKER','USER','CREATE',0),(305,'authorisation','UPDATE_USER_CHECKER','USER','UPDATE',0),(306,'authorisation','DELETE_USER_CHECKER','USER','DELETE',0),(307,'organisation','CREATE_STAFF_CHECKER','STAFF','CREATE',0),(308,'organisation','UPDATE_STAFF_CHECKER','STAFF','UPDATE',0),(309,'organisation','DELETE_STAFF_CHECKER','STAFF','DELETE',0),(310,'organisation','CREATE_SAVINGSPRODUCT_CHECKER','SAVINGSPRODUCT','CREATE',0),(311,'organisation','UPDATE_SAVINGSPRODUCT_CHECKER','SAVINGSPRODUCT','UPDATE',0),(312,'organisation','DELETE_SAVINGSPRODUCT_CHECKER','SAVINGSPRODUCT','DELETE',0),(313,'organisation','CREATE_DEPOSITPRODUCT_CHECKER','DEPOSITPRODUCT','CREATE',0),(314,'organisation','UPDATE_DEPOSITPRODUCT_CHECKER','DEPOSITPRODUCT','UPDATE',0),(315,'organisation','DELETE_DEPOSITPRODUCT_CHECKER','DEPOSITPRODUCT','DELETE',0),(316,'portfolio','CREATE_DEPOSITACCOUNT_CHECKER','DEPOSITACCOUNT','CREATE',0),(317,'portfolio','UPDATE_DEPOSITACCOUNT_CHECKER','DEPOSITACCOUNT','UPDATE',0),(318,'portfolio','DELETE_DEPOSITACCOUNT_CHECKER','DEPOSITACCOUNT','DELETE',0),(319,'transaction_deposit','APPROVE_DEPOSITACCOUNT_CHECKER','DEPOSITACCOUNT','APPROVE',0),(320,'transaction_deposit','REJECT_DEPOSITACCOUNT_CHECKER','DEPOSITACCOUNT','REJECT',0),(321,'transaction_deposit','WITHDRAW_DEPOSITACCOUNT_CHECKER','DEPOSITACCOUNT','WITHDRAW',0),(322,'transaction_deposit','APPROVALUNDO_DEPOSITACCOUNT_CHECKER','DEPOSITACCOUNT','APPROVALUNDO',0),(323,'transaction_deposit','WITHDRAWAL_DEPOSITACCOUNT_CHECKER','DEPOSITACCOUNT','WITHDRAWAL',0),(324,'transaction_deposit','INTEREST_DEPOSITACCOUNT_CHECKER','DEPOSITACCOUNT','INTEREST',0),(325,'transaction_deposit','RENEW_DEPOSITACCOUNT_CHECKER','DEPOSITACCOUNT','RENEW',0),(326,'portfolio','CREATE_SAVINGSACCOUNT_CHECKER','SAVINGSACCOUNT','CREATE',0),(327,'portfolio','UPDATE_SAVINGSACCOUNT_CHECKER','SAVINGSACCOUNT','UPDATE',0),(328,'portfolio','DELETE_SAVINGSACCOUNT_CHECKER','SAVINGSACCOUNT','DELETE',0),(329,'authorisation','PERMISSIONS_ROLE_CHECKER','ROLE','PERMISSIONS',0),(330,'datatable','CREATE_m_guarantor_external_CHECKER','m_guarantor_external','CREATE',0),(331,'datatable','CREATE_risk_analysis_CHECKER','risk_analysis','CREATE',0),(332,'datatable','UPDATE_m_guarantor_external_CHECKER','m_guarantor_external','UPDATE',0),(333,'datatable','UPDATE_risk_analysis_CHECKER','risk_analysis','UPDATE',0),(334,'datatable','DELETE_m_guarantor_external_CHECKER','m_guarantor_external','DELETE',0),(335,'datatable','DELETE_risk_analysis_CHECKER','risk_analysis','DELETE',0),(336,'configuration','UPDATE_PERMISSION','PERMISSION','UPDATE',0),(337,'configuration','UPDATE_PERMISSION_CHECKER','PERMISSION','UPDATE',0),(338,'configuration','READ_DATATABLE','DATATABLE','READ',0),(339,'configuration','REGISTER_DATATABLE','DATATABLE','REGISTER',0),(340,'configuration','REGISTER_DATATABLE_CHECKER','DATATABLE','REGISTER',0),(341,'configuration','DEREGISTER_DATATABLE','DATATABLE','DEREGISTER',0),(342,'configuration','DEREGISTER_DATATABLE_CHECKER','DATATABLE','DEREGISTER',0),(343,'special','CHECKER_SUPER_USER',NULL,NULL,0),(344,'configuration','READ_AUDIT','AUDIT','READ',0),(345,'transaction_loan','UPDATELOANOFFICER_LOAN','LOAN','UPDATELOANOFFICER',1),(346,'transaction_loan','UPDATELOANOFFICER_LOAN_CHECKER','LOAN','UPDATELOANOFFICER',0),(347,'configuration','UPDATE_CONFIGURATION','CONFIGURATION','UPDATE',1),(348,'configuration','READ_CONFIGURATION','CONFIGURATION','READ',1);
/*!40000 ALTER TABLE `m_permission` ENABLE KEYS */;
UNLOCK TABLES;

--
-- Table structure for table `m_portfolio_command_source`
--

DROP TABLE IF EXISTS `m_portfolio_command_source`;
/*!40101 SET @saved_cs_client     = @@character_set_client */;
/*!40101 SET character_set_client = utf8 */;
CREATE TABLE `m_portfolio_command_source` (
  `id` bigint(20) NOT NULL AUTO_INCREMENT,
  `action_name` varchar(50) NOT NULL,
  `entity_name` varchar(50) NOT NULL,
  `office_id` bigint(20) DEFAULT NULL,
  `group_id` bigint(20) DEFAULT NULL,
  `client_id` bigint(20) DEFAULT NULL,
  `loan_id` bigint(20) DEFAULT NULL,
  `api_get_url` varchar(100) NOT NULL,
  `resource_id` bigint(20) DEFAULT NULL,
  `command_as_json` text NOT NULL,
  `maker_id` bigint(20) NOT NULL,
  `made_on_date` datetime NOT NULL,
  `checker_id` bigint(20) DEFAULT NULL,
  `checked_on_date` datetime DEFAULT NULL,
  `processing_result_enum` smallint(5) NOT NULL,
  PRIMARY KEY (`id`),
  KEY `FK_m_maker_m_appuser` (`maker_id`),
  KEY `FK_m_checker_m_appuser` (`checker_id`),
  KEY `action_name` (`action_name`),
  KEY `entity_name` (`entity_name`,`resource_id`),
  KEY `made_on_date` (`made_on_date`),
  KEY `checked_on_date` (`checked_on_date`),
  KEY `processing_result_enum` (`processing_result_enum`),
  KEY `office_id` (`office_id`),
  KEY `group_id` (`office_id`),
  KEY `client_id` (`office_id`),
  KEY `loan_id` (`office_id`),
  CONSTRAINT `FK_m_checker_m_appuser` FOREIGN KEY (`checker_id`) REFERENCES `m_appuser` (`id`),
  CONSTRAINT `FK_m_maker_m_appuser` FOREIGN KEY (`maker_id`) REFERENCES `m_appuser` (`id`)
) ENGINE=InnoDB DEFAULT CHARSET=utf8;
/*!40101 SET character_set_client = @saved_cs_client */;

--
-- Dumping data for table `m_portfolio_command_source`
--

LOCK TABLES `m_portfolio_command_source` WRITE;
/*!40000 ALTER TABLE `m_portfolio_command_source` DISABLE KEYS */;
/*!40000 ALTER TABLE `m_portfolio_command_source` ENABLE KEYS */;
UNLOCK TABLES;

--
-- Table structure for table `m_product_deposit`
--

DROP TABLE IF EXISTS `m_product_deposit`;
/*!40101 SET @saved_cs_client     = @@character_set_client */;
/*!40101 SET character_set_client = utf8 */;
CREATE TABLE `m_product_deposit` (
  `id` bigint(20) NOT NULL AUTO_INCREMENT,
  `name` varchar(100) NOT NULL,
  `is_deleted` tinyint(1) NOT NULL DEFAULT '0',
  `external_id` varchar(100) DEFAULT NULL,
  `description` varchar(500) DEFAULT NULL,
  `currency_code` varchar(3) NOT NULL,
  `currency_digits` smallint(5) NOT NULL,
  `minimum_balance` decimal(19,6) DEFAULT NULL,
  `maximum_balance` decimal(19,6) DEFAULT NULL,
  `tenure_months` int(11) NOT NULL,
  `interest_compounded_every` smallint(5) NOT NULL DEFAULT '1',
  `interest_compounded_every_period_enum` smallint(5) NOT NULL DEFAULT '2',
  `maturity_default_interest_rate` decimal(19,6) NOT NULL,
  `maturity_min_interest_rate` decimal(19,6) NOT NULL,
  `maturity_max_interest_rate` decimal(19,6) NOT NULL,
  `is_compounding_interest_allowed` tinyint(1) NOT NULL DEFAULT '0',
  `is_renewal_allowed` tinyint(1) NOT NULL DEFAULT '0',
  `is_preclosure_allowed` tinyint(1) NOT NULL DEFAULT '0',
  `pre_closure_interest_rate` decimal(19,6) NOT NULL,
  `is_lock_in_period_allowed` tinyint(1) NOT NULL DEFAULT '0',
  `lock_in_period` bigint(20) DEFAULT NULL,
  `lock_in_period_type` smallint(5) NOT NULL DEFAULT '2',
  `createdby_id` bigint(20) DEFAULT NULL,
  `created_date` datetime DEFAULT NULL,
  `lastmodified_date` datetime DEFAULT NULL,
  `lastmodifiedby_id` bigint(20) DEFAULT NULL,
  PRIMARY KEY (`id`),
  UNIQUE KEY `name_deposit_product` (`name`),
  UNIQUE KEY `externalid_deposit_product` (`external_id`),
  KEY `FKJPW0000000000003` (`createdby_id`),
  KEY `FKJPW0000000000004` (`lastmodifiedby_id`),
  CONSTRAINT `FKJPX0000000000003` FOREIGN KEY (`createdby_id`) REFERENCES `m_appuser` (`id`),
  CONSTRAINT `FKJPX0000000000004` FOREIGN KEY (`lastmodifiedby_id`) REFERENCES `m_appuser` (`id`)
) ENGINE=InnoDB AUTO_INCREMENT=6 DEFAULT CHARSET=utf8;
/*!40101 SET character_set_client = @saved_cs_client */;

--
-- Dumping data for table `m_product_deposit`
--

LOCK TABLES `m_product_deposit` WRITE;
/*!40000 ALTER TABLE `m_product_deposit` DISABLE KEYS */;
INSERT INTO `m_product_deposit` VALUES (1,'Micro Savings',0,NULL,NULL,'INR',2,'200.000000','200000.000000',0,6,2,'12.000000','11.000000','12.000000',0,1,1,'5.000000',1,12,2,1,'2012-11-15 05:38:30','2012-11-15 05:38:30',1),(4,'PlusOne Deposit',0,NULL,'PlusOne Deposit','HKD',2,'10000.000000','10000000.000000',0,1,2,'1.000000','0.500000','1.500000',0,1,1,'0.000000',1,0,2,1,'2012-11-20 13:36:00','2012-12-12 07:24:13',1),(5,'fgretgr',0,NULL,NULL,'CNY',2,'0.000000','0.000000',0,1,2,'0.000000','0.000000','0.000000',0,1,1,'0.000000',1,0,2,1,'2012-12-28 12:09:12','2012-12-28 12:09:12',1);
/*!40000 ALTER TABLE `m_product_deposit` ENABLE KEYS */;
UNLOCK TABLES;

--
-- Table structure for table `m_product_loan`
--

DROP TABLE IF EXISTS `m_product_loan`;
/*!40101 SET @saved_cs_client     = @@character_set_client */;
/*!40101 SET character_set_client = utf8 */;
CREATE TABLE `m_product_loan` (
  `id` bigint(20) NOT NULL AUTO_INCREMENT,
  `currency_code` varchar(3) NOT NULL,
  `currency_digits` smallint(5) NOT NULL,
  `principal_amount` decimal(19,6) NOT NULL,
  `arrearstolerance_amount` decimal(19,6) DEFAULT NULL,
  `name` varchar(100) NOT NULL,
  `description` varchar(500) DEFAULT NULL,
  `fund_id` bigint(20) DEFAULT NULL,
  `nominal_interest_rate_per_period` decimal(19,6) NOT NULL,
  `interest_period_frequency_enum` smallint(5) NOT NULL,
  `annual_nominal_interest_rate` decimal(19,6) NOT NULL,
  `interest_method_enum` smallint(5) NOT NULL,
  `interest_calculated_in_period_enum` smallint(5) NOT NULL DEFAULT '1',
  `repay_every` smallint(5) NOT NULL,
  `repayment_period_frequency_enum` smallint(5) NOT NULL,
  `number_of_repayments` smallint(5) NOT NULL,
  `amortization_method_enum` smallint(5) NOT NULL,
  `accounting_type` smallint(5) NOT NULL,
  `createdby_id` bigint(20) DEFAULT NULL,
  `created_date` datetime DEFAULT NULL,
  `lastmodified_date` datetime DEFAULT NULL,
  `lastmodifiedby_id` bigint(20) DEFAULT NULL,
  `loan_transaction_strategy_id` bigint(20) DEFAULT NULL,
  PRIMARY KEY (`id`),
  KEY `FKAUD0000000000003` (`createdby_id`),
  KEY `FKAUD0000000000004` (`lastmodifiedby_id`),
  KEY `FKA6A8A7D77240145` (`fund_id`),
  KEY `FK_ltp_strategy` (`loan_transaction_strategy_id`),
  CONSTRAINT `FKA6A8A7D77240145` FOREIGN KEY (`fund_id`) REFERENCES `m_fund` (`id`),
  CONSTRAINT `FKAUD0000000000003` FOREIGN KEY (`createdby_id`) REFERENCES `m_appuser` (`id`),
  CONSTRAINT `FKAUD0000000000004` FOREIGN KEY (`lastmodifiedby_id`) REFERENCES `m_appuser` (`id`),
  CONSTRAINT `FK_ltp_strategy` FOREIGN KEY (`loan_transaction_strategy_id`) REFERENCES `ref_loan_transaction_processing_strategy` (`id`)
) ENGINE=InnoDB AUTO_INCREMENT=19 DEFAULT CHARSET=utf8;
/*!40101 SET character_set_client = @saved_cs_client */;

--
-- Dumping data for table `m_product_loan`
--

LOCK TABLES `m_product_loan` WRITE;
/*!40000 ALTER TABLE `m_product_loan` DISABLE KEYS */;
INSERT INTO `m_product_loan` VALUES (1,'HKD',2,'700000.000000',NULL,'PORetailLoan',NULL,4,'5.000000',2,'21.000000',0,1,1,2,120,1,1,1,'2012-04-12 22:14:34','2012-12-12 08:10:01',24,1),(2,'LBP',2,'35000.000000','10.000000','Different Loan Type',NULL,NULL,'1.000000',2,'12.000000',0,1,2,1,10,1,1,1,'2012-07-17 03:20:34','2012-07-17 03:20:34',1,1),(3,'BND',2,'5000.000000','10.000000','Further Loan Product',NULL,2,'1.500000',2,'18.000000',0,1,1,2,6,0,1,1,'2012-07-17 03:21:38','2012-07-17 03:21:38',1,1),(4,'MMK',0,'50000.000000','0.000000','General','General micro-loan',3,'1.250000',2,'36.000000',1,1,1,2,12,1,1,1,'2012-07-19 15:34:27','2012-07-19 17:13:59',1,1),(5,'MMK',0,'50000.000000','0.000000','Agricultural','Agricultural micro-loan',4,'1.250000',2,'36.000000',1,1,12,2,2,1,1,1,'2012-07-19 15:36:16','2012-07-19 17:14:15',1,1),(6,'MMK',2,'100.000000','10.000000','testloan','testloan from client app',4,'10.000000',2,'120.000000',0,1,1,2,10,0,1,1,'2012-08-01 07:35:46','2012-08-01 07:35:46',1,1),(7,'XOF',0,'500.000000','2000.000000','new-lp-test-1','test creating new lp',3,'2.000000',2,'24.000000',0,1,1,2,12,1,1,1,'2012-09-02 10:47:10','2012-09-02 10:47:20',1,NULL),(8,'GHC',2,'30000.000000','0.000000','another-test-lp','another test updated.',1,'2.000000',2,'24.000000',0,1,1,2,12,1,1,1,'2012-09-02 11:04:41','2012-09-02 11:08:24',1,NULL),(9,'XOF',0,'120000.000000','0.000000','loan product1','loan product1',1,'8.000000',2,'96.000000',0,1,3,2,1233,0,1,1,'2012-09-25 09:31:22','2012-09-25 09:31:22',1,NULL),(10,'BND',2,'120000.000000','0.000000','loan product1','loan product1',2,'8.000000',2,'96.000000',0,1,3,2,1233,0,1,1,'2012-09-25 09:31:22','2012-09-25 09:35:17',1,NULL),(11,'XOF',2,'3333333.000000','0.000000','Collection100','aaa',4,'30.000000',2,'360.000000',0,1,1,2,2,1,1,11,'2012-09-25 09:44:52','2012-09-25 09:44:52',11,NULL),(12,'INR',2,'10000.000000',NULL,'A Flat Loan',NULL,3,'10.000000',3,'10.000000',1,1,1,2,10,1,1,1,'2012-11-02 22:37:14','2012-11-02 22:37:14',1,1),(13,'INR',2,'10000.000000',NULL,'A Flat Loan',NULL,3,'10.000000',3,'10.000000',1,1,1,2,10,1,1,1,'2012-11-02 22:37:14','2012-11-02 22:37:14',1,1),(14,'INR',2,'10000.000000',NULL,'A Flat Loan',NULL,3,'10.000000',3,'10.000000',1,1,1,2,10,1,1,1,'2012-11-02 22:37:14','2012-11-02 22:37:14',1,1),(15,'INR',2,'10000.000000',NULL,'A Flat Loan',NULL,3,'10.000000',3,'10.000000',1,1,1,2,10,1,1,1,'2012-11-02 22:37:14','2012-11-02 22:37:14',1,1),(16,'HKD',2,'10000.000000','10.000000','PlusOne Education Loan','Education loan for higher studies',4,'8.000000',3,'18.000000',0,1,1,2,24,1,1,1,'2012-11-15 05:15:40','2012-12-12 07:32:41',1,NULL),(17,'KES',2,'100000.000000',NULL,'Intrasoft Business Loan','Individual Business Loan',4,'10.000000',2,'24.000000',1,1,1,2,1,1,1,1,'2012-12-07 11:03:57','2013-01-14 10:46:42',25,1),(18,'HKD',2,'1000000.000000',NULL,'POInstalmentLoan','Instalment Loan',4,'5.000000',3,'60.000000',0,1,1,2,120,1,1,1,'2012-12-12 07:30:32','2012-12-12 07:36:04',1,1);
/*!40000 ALTER TABLE `m_product_loan` ENABLE KEYS */;
UNLOCK TABLES;

--
-- Table structure for table `m_product_loan_charge`
--

DROP TABLE IF EXISTS `m_product_loan_charge`;
/*!40101 SET @saved_cs_client     = @@character_set_client */;
/*!40101 SET character_set_client = utf8 */;
CREATE TABLE `m_product_loan_charge` (
  `product_loan_id` bigint(20) NOT NULL,
  `charge_id` bigint(20) NOT NULL,
  PRIMARY KEY (`product_loan_id`,`charge_id`),
  KEY `charge_id` (`charge_id`),
  CONSTRAINT `m_product_loan_charge_ibfk_1` FOREIGN KEY (`charge_id`) REFERENCES `m_charge` (`id`),
  CONSTRAINT `m_product_loan_charge_ibfk_2` FOREIGN KEY (`product_loan_id`) REFERENCES `m_product_loan` (`id`)
) ENGINE=InnoDB DEFAULT CHARSET=utf8;
/*!40101 SET character_set_client = @saved_cs_client */;

--
-- Dumping data for table `m_product_loan_charge`
--

LOCK TABLES `m_product_loan_charge` WRITE;
/*!40000 ALTER TABLE `m_product_loan_charge` DISABLE KEYS */;
INSERT INTO `m_product_loan_charge` VALUES (1,4),(16,4),(18,4),(1,5);
/*!40000 ALTER TABLE `m_product_loan_charge` ENABLE KEYS */;
UNLOCK TABLES;

--
-- Table structure for table `m_product_savings`
--

DROP TABLE IF EXISTS `m_product_savings`;
/*!40101 SET @saved_cs_client     = @@character_set_client */;
/*!40101 SET character_set_client = utf8 */;
CREATE TABLE `m_product_savings` (
  `id` bigint(20) NOT NULL AUTO_INCREMENT,
  `name` varchar(100) NOT NULL,
  `description` varchar(500) DEFAULT NULL,
  `currency_code` varchar(3) DEFAULT NULL,
  `currency_digits` smallint(5) DEFAULT NULL,
  `interest_rate` decimal(19,6) DEFAULT NULL,
  `min_interest_rate` decimal(19,6) DEFAULT NULL,
  `max_interest_rate` decimal(19,6) DEFAULT NULL,
  `savings_deposit_amount` decimal(19,6) NOT NULL,
  `savings_product_type` smallint(5) DEFAULT NULL,
  `tenure_type` smallint(5) DEFAULT NULL,
  `deposit_every` bigint(20) DEFAULT NULL,
  `tenure` int(11) DEFAULT NULL,
  `frequency` int(11) DEFAULT NULL,
  `interest_type` smallint(5) DEFAULT NULL,
  `interest_calculation_method` smallint(5) DEFAULT NULL,
  `min_bal_for_withdrawal` decimal(19,6) NOT NULL,
  `is_partial_deposit_allowed` tinyint(1) NOT NULL DEFAULT '0',
  `is_lock_in_period_allowed` tinyint(1) NOT NULL DEFAULT '0',
  `lock_in_period` bigint(20) DEFAULT NULL,
  `lock_in_period_type` smallint(5) NOT NULL DEFAULT '1',
  `is_deleted` tinyint(1) NOT NULL DEFAULT '0',
  `createdby_id` bigint(20) DEFAULT NULL,
  `created_date` datetime DEFAULT NULL,
  `lastmodified_date` datetime DEFAULT NULL,
  `lastmodifiedby_id` bigint(20) DEFAULT NULL,
  PRIMARY KEY (`id`),
  KEY `FKJPW0000000000003` (`createdby_id`),
  KEY `FKJPW0000000000004` (`lastmodifiedby_id`),
  CONSTRAINT `FKJPW0000000000003` FOREIGN KEY (`createdby_id`) REFERENCES `m_appuser` (`id`),
  CONSTRAINT `FKJPW0000000000004` FOREIGN KEY (`lastmodifiedby_id`) REFERENCES `m_appuser` (`id`)
) ENGINE=InnoDB AUTO_INCREMENT=5 DEFAULT CHARSET=utf8;
/*!40101 SET character_set_client = @saved_cs_client */;

--
-- Dumping data for table `m_product_savings`
--

LOCK TABLES `m_product_savings` WRITE;
/*!40000 ALTER TABLE `m_product_savings` DISABLE KEYS */;
INSERT INTO `m_product_savings` VALUES (4,'sb01','gfdgdfgfd','USD',2,'4.000000','4.000000','4.000000','0.000000',2,1,1,12,2,1,0,'100.000000',1,0,0,2,0,1,'2012-12-18 20:49:49','2012-12-18 20:49:49',1);
/*!40000 ALTER TABLE `m_product_savings` ENABLE KEYS */;
UNLOCK TABLES;

--
-- Table structure for table `m_role`
--

DROP TABLE IF EXISTS `m_role`;
/*!40101 SET @saved_cs_client     = @@character_set_client */;
/*!40101 SET character_set_client = utf8 */;
CREATE TABLE `m_role` (
  `id` bigint(20) NOT NULL AUTO_INCREMENT,
  `name` varchar(100) NOT NULL,
  `description` varchar(500) NOT NULL,
  PRIMARY KEY (`id`)
) ENGINE=InnoDB AUTO_INCREMENT=14 DEFAULT CHARSET=utf8;
/*!40101 SET character_set_client = @saved_cs_client */;

--
-- Dumping data for table `m_role`
--

LOCK TABLES `m_role` WRITE;
/*!40000 ALTER TABLE `m_role` DISABLE KEYS */;
INSERT INTO `m_role` VALUES (1,'Super user','This role provides all application permissions.'),(2,'Field officer','A field officer role allows the user to add client and loans and view reports but nothing else.'),(3,'Data Entry (Portfolio only)','This role allows a user full permissions around client and loan functionality but nothing else.'),(4,'Credit Committe Member','This role allows a user to approve reject or withdraw loans (with reporting).'),(5,'Manager','This role allows a manager to do anything related to portfolio management and also view all reports.'),(6,'Rola1','aaa'),(7,'Read-only-example','User with this role should be only able to view portfolio & reporting information.'),(8,'special role','very'),(9,'Read Only','Read Only'),(10,'ReadOnly','Read only'),(11,'canApplytoLoan','this user have ability to apply loan'),(12,'wewer','werwer'),(13,'XXXXXXXXXXXXXXXXXXXXXXXXXXXXXXXXXXXX','XXXXXXXXXXXXXXXXXXXXXXXXXXXXXXXXXXXXXXXXXXXXXXXXXXXXXx');
/*!40000 ALTER TABLE `m_role` ENABLE KEYS */;
UNLOCK TABLES;

--
-- Table structure for table `m_role_permission`
--

DROP TABLE IF EXISTS `m_role_permission`;
/*!40101 SET @saved_cs_client     = @@character_set_client */;
/*!40101 SET character_set_client = utf8 */;
CREATE TABLE `m_role_permission` (
  `role_id` bigint(20) NOT NULL,
  `permission_id` bigint(20) NOT NULL,
  PRIMARY KEY (`role_id`,`permission_id`),
  KEY `FK8DEDB04815CEC7AB` (`role_id`),
  KEY `FK8DEDB048103B544B` (`permission_id`),
  CONSTRAINT `FK8DEDB048103B544B` FOREIGN KEY (`permission_id`) REFERENCES `m_permission` (`id`),
  CONSTRAINT `FK8DEDB04815CEC7AB` FOREIGN KEY (`role_id`) REFERENCES `m_role` (`id`)
) ENGINE=InnoDB DEFAULT CHARSET=utf8;
/*!40101 SET character_set_client = @saved_cs_client */;

--
-- Dumping data for table `m_role_permission`
--

LOCK TABLES `m_role_permission` WRITE;
/*!40000 ALTER TABLE `m_role_permission` DISABLE KEYS */;
INSERT INTO `m_role_permission` VALUES (1,42);
/*!40000 ALTER TABLE `m_role_permission` ENABLE KEYS */;
UNLOCK TABLES;

--
-- Table structure for table `m_saving_account`
--

DROP TABLE IF EXISTS `m_saving_account`;
/*!40101 SET @saved_cs_client     = @@character_set_client */;
/*!40101 SET character_set_client = utf8 */;
CREATE TABLE `m_saving_account` (
  `id` bigint(20) NOT NULL AUTO_INCREMENT,
  `is_deleted` tinyint(1) NOT NULL DEFAULT '0',
  `status_enum` smallint(5) NOT NULL DEFAULT '0',
  `external_id` varchar(100) DEFAULT NULL,
  `client_id` bigint(20) NOT NULL,
  `product_id` bigint(20) NOT NULL,
  `deposit_amount_per_period` decimal(19,6) NOT NULL,
  `savings_product_type` smallint(5) DEFAULT NULL,
  `currency_code` varchar(3) NOT NULL,
  `currency_digits` smallint(5) NOT NULL,
  `total_deposit_amount` decimal(19,6) NOT NULL,
  `reccuring_nominal_interest_rate` decimal(19,6) NOT NULL,
  `regular_saving_nominal_interest_rate` decimal(19,6) NOT NULL,
  `tenure` int(11) NOT NULL,
  `tenure_type` smallint(5) DEFAULT NULL,
  `deposit_every` bigint(20) DEFAULT NULL,
  `frequency` int(11) DEFAULT NULL,
  `interest_posting_every` int(11) DEFAULT NULL,
  `interest_posting_frequency` int(11) DEFAULT NULL,
  `interest_type` smallint(5) DEFAULT NULL,
  `interest_calculation_method` smallint(5) DEFAULT NULL,
  `projected_commencement_date` date NOT NULL,
  `actual_commencement_date` date DEFAULT NULL,
  `matures_on_date` datetime DEFAULT NULL,
  `projected_interest_accrued_on_maturity` decimal(19,6) NOT NULL,
  `actual_interest_accrued` decimal(19,6) DEFAULT NULL,
  `projected_total_maturity_amount` decimal(19,6) NOT NULL,
  `actual_total_amount` decimal(19,6) DEFAULT NULL,
  `is_preclosure_allowed` tinyint(1) NOT NULL DEFAULT '0',
  `pre_closure_interest_rate` decimal(19,6) NOT NULL,
  `outstanding_amount` decimal(19,6) NOT NULL,
  `interest_posted_amount` decimal(19,6) DEFAULT '0.000000',
  `last_interest_posted_date` date DEFAULT NULL,
  `next_interest_posting_date` date DEFAULT NULL,
  `is_lock_in_period_allowed` tinyint(1) NOT NULL DEFAULT '0',
  `lock_in_period` bigint(20) DEFAULT NULL,
  `lock_in_period_type` smallint(5) NOT NULL DEFAULT '1',
  `withdrawnon_date` datetime DEFAULT NULL,
  `rejectedon_date` datetime DEFAULT NULL,
  `closedon_date` datetime DEFAULT NULL,
  `createdby_id` bigint(20) DEFAULT NULL,
  `created_date` datetime DEFAULT NULL,
  `lastmodified_date` datetime DEFAULT NULL,
  `lastmodifiedby_id` bigint(20) DEFAULT NULL,
  PRIMARY KEY (`id`),
  UNIQUE KEY `deposit_acc_external_id` (`external_id`),
  KEY `FKSA0000000000001` (`client_id`),
  KEY `FKSA0000000000002` (`product_id`),
  CONSTRAINT `FKSA0000000000001` FOREIGN KEY (`client_id`) REFERENCES `m_client` (`id`),
  CONSTRAINT `FKSA0000000000002` FOREIGN KEY (`product_id`) REFERENCES `m_product_savings` (`id`)
) ENGINE=InnoDB AUTO_INCREMENT=10 DEFAULT CHARSET=utf8;
/*!40101 SET character_set_client = @saved_cs_client */;

--
-- Dumping data for table `m_saving_account`
--

LOCK TABLES `m_saving_account` WRITE;
/*!40000 ALTER TABLE `m_saving_account` DISABLE KEYS */;
INSERT INTO `m_saving_account` VALUES (3,0,100,'',47,4,'0.000000',1,'USD',2,'0.000000','4.000000','4.000000',12,2,12,2,NULL,NULL,2,0,'2012-12-22',NULL,NULL,'0.000000','0.000000','0.000000','0.000000',0,'0.000000','0.000000','0.000000',NULL,NULL,1,12,2,NULL,NULL,NULL,1,'2012-12-22 16:11:36','2012-12-22 16:11:36',1),(9,0,100,'66',65,4,'0.000000',1,'USD',2,'0.000000','4.000000','4.000000',12,2,1,2,NULL,NULL,2,0,'2013-01-21',NULL,NULL,'0.000000','0.000000','0.000000','0.000000',0,'0.000000','0.000000','0.000000',NULL,NULL,0,0,2,NULL,NULL,NULL,1,'2013-01-21 13:32:18','2013-01-21 13:32:18',1);
/*!40000 ALTER TABLE `m_saving_account` ENABLE KEYS */;
UNLOCK TABLES;

--
-- Table structure for table `m_saving_account_transaction`
--

DROP TABLE IF EXISTS `m_saving_account_transaction`;
/*!40101 SET @saved_cs_client     = @@character_set_client */;
/*!40101 SET character_set_client = utf8 */;
CREATE TABLE `m_saving_account_transaction` (
  `id` bigint(20) NOT NULL AUTO_INCREMENT,
  `saving_account_id` bigint(20) NOT NULL,
  `transaction_type_enum` smallint(5) NOT NULL,
  `contra_id` bigint(20) DEFAULT NULL,
  `transaction_date` date NOT NULL,
  `amount` decimal(19,6) NOT NULL,
  `createdby_id` bigint(20) DEFAULT NULL,
  `created_date` datetime DEFAULT NULL,
  `lastmodified_date` datetime DEFAULT NULL,
  `lastmodifiedby_id` bigint(20) DEFAULT NULL,
  PRIMARY KEY (`id`),
  KEY `FKSAT0000000001` (`saving_account_id`),
  KEY `FKSAT0000000002` (`contra_id`),
  CONSTRAINT `FKSAT0000000001` FOREIGN KEY (`saving_account_id`) REFERENCES `m_saving_account` (`id`),
  CONSTRAINT `FKSAT0000000002` FOREIGN KEY (`contra_id`) REFERENCES `m_saving_account_transaction` (`id`)
) ENGINE=InnoDB DEFAULT CHARSET=utf8;
/*!40101 SET character_set_client = @saved_cs_client */;

--
-- Dumping data for table `m_saving_account_transaction`
--

LOCK TABLES `m_saving_account_transaction` WRITE;
/*!40000 ALTER TABLE `m_saving_account_transaction` DISABLE KEYS */;
/*!40000 ALTER TABLE `m_saving_account_transaction` ENABLE KEYS */;
UNLOCK TABLES;

--
-- Table structure for table `m_saving_schedule`
--

DROP TABLE IF EXISTS `m_saving_schedule`;
/*!40101 SET @saved_cs_client     = @@character_set_client */;
/*!40101 SET character_set_client = utf8 */;
CREATE TABLE `m_saving_schedule` (
  `id` bigint(20) NOT NULL AUTO_INCREMENT,
  `saving_account_id` bigint(20) NOT NULL,
  `duedate` date NOT NULL,
  `installment` smallint(5) NOT NULL,
  `deposit` decimal(21,4) NOT NULL,
  `payment_date` date DEFAULT NULL,
  `deposit_paid` decimal(21,4) DEFAULT NULL,
  `interest_accured` decimal(21,4) DEFAULT '0.0000',
  `completed_derived` bit(1) NOT NULL,
  `createdby_id` bigint(20) DEFAULT NULL,
  `created_date` datetime DEFAULT NULL,
  `lastmodified_date` datetime DEFAULT NULL,
  `lastmodifiedby_id` bigint(20) DEFAULT NULL,
  PRIMARY KEY (`id`),
  KEY `FKSS00000000001` (`saving_account_id`),
  CONSTRAINT `FKSS00000000001` FOREIGN KEY (`saving_account_id`) REFERENCES `m_saving_account` (`id`)
) ENGINE=InnoDB AUTO_INCREMENT=14 DEFAULT CHARSET=utf8;
/*!40101 SET character_set_client = @saved_cs_client */;

--
-- Dumping data for table `m_saving_schedule`
--

LOCK TABLES `m_saving_schedule` WRITE;
/*!40000 ALTER TABLE `m_saving_schedule` DISABLE KEYS */;
INSERT INTO `m_saving_schedule` VALUES (1,3,'2012-12-22',1,'0.0000',NULL,'0.0000','0.0000','\0',1,'2012-12-22 16:11:36','2012-12-22 16:11:36',1),(2,9,'2013-01-21',1,'0.0000',NULL,'0.0000','0.0000','\0',1,'2013-01-21 13:32:18','2013-01-21 13:32:18',1),(3,9,'2013-02-21',2,'0.0000',NULL,'0.0000','0.0000','\0',1,'2013-01-21 13:32:18','2013-01-21 13:32:18',1),(4,9,'2013-03-21',3,'0.0000',NULL,'0.0000','0.0000','\0',1,'2013-01-21 13:32:18','2013-01-21 13:32:18',1),(5,9,'2013-04-21',4,'0.0000',NULL,'0.0000','0.0000','\0',1,'2013-01-21 13:32:18','2013-01-21 13:32:18',1),(6,9,'2013-05-21',5,'0.0000',NULL,'0.0000','0.0000','\0',1,'2013-01-21 13:32:18','2013-01-21 13:32:18',1),(7,9,'2013-06-21',6,'0.0000',NULL,'0.0000','0.0000','\0',1,'2013-01-21 13:32:18','2013-01-21 13:32:18',1),(8,9,'2013-07-21',7,'0.0000',NULL,'0.0000','0.0000','\0',1,'2013-01-21 13:32:18','2013-01-21 13:32:18',1),(9,9,'2013-08-21',8,'0.0000',NULL,'0.0000','0.0000','\0',1,'2013-01-21 13:32:18','2013-01-21 13:32:18',1),(10,9,'2013-09-21',9,'0.0000',NULL,'0.0000','0.0000','\0',1,'2013-01-21 13:32:18','2013-01-21 13:32:18',1),(11,9,'2013-10-21',10,'0.0000',NULL,'0.0000','0.0000','\0',1,'2013-01-21 13:32:18','2013-01-21 13:32:18',1),(12,9,'2013-11-21',11,'0.0000',NULL,'0.0000','0.0000','\0',1,'2013-01-21 13:32:18','2013-01-21 13:32:18',1),(13,9,'2013-12-21',12,'0.0000',NULL,'0.0000','0.0000','\0',1,'2013-01-21 13:32:18','2013-01-21 13:32:18',1);
/*!40000 ALTER TABLE `m_saving_schedule` ENABLE KEYS */;
UNLOCK TABLES;

--
-- Table structure for table `m_staff`
--

DROP TABLE IF EXISTS `m_staff`;
/*!40101 SET @saved_cs_client     = @@character_set_client */;
/*!40101 SET character_set_client = utf8 */;
CREATE TABLE `m_staff` (
  `id` bigint(20) NOT NULL AUTO_INCREMENT,
  `is_loan_officer` tinyint(1) NOT NULL DEFAULT '0',
  `office_id` bigint(20) DEFAULT NULL,
  `firstname` varchar(50) DEFAULT NULL,
  `lastname` varchar(50) DEFAULT NULL,
  `display_name` varchar(100) NOT NULL,
  PRIMARY KEY (`id`),
  UNIQUE KEY `display_name` (`display_name`),
  KEY `FK_m_staff_m_office` (`office_id`),
  CONSTRAINT `FK_m_staff_m_office` FOREIGN KEY (`office_id`) REFERENCES `m_office` (`id`)
) ENGINE=InnoDB AUTO_INCREMENT=5 DEFAULT CHARSET=utf8;
/*!40101 SET character_set_client = @saved_cs_client */;

--
-- Dumping data for table `m_staff`
--

LOCK TABLES `m_staff` WRITE;
/*!40000 ALTER TABLE `m_staff` DISABLE KEYS */;
INSERT INTO `m_staff` VALUES (1,1,20,'Nayan','Ambali','Ambali, Nayan'),(2,1,21,'Uganda','loanofficer','loanofficer, Uganda'),(3,1,22,'Loan 01','Officer','Officer, Loan 01'),(4,1,22,'Loan 02','Officer','Officer, Loan 02');
/*!40000 ALTER TABLE `m_staff` ENABLE KEYS */;
UNLOCK TABLES;

--
-- Table structure for table `r_enum_value`
--

DROP TABLE IF EXISTS `r_enum_value`;
/*!40101 SET @saved_cs_client     = @@character_set_client */;
/*!40101 SET character_set_client = utf8 */;
CREATE TABLE `r_enum_value` (
  `enum_name` varchar(100) NOT NULL,
  `enum_id` int(11) NOT NULL,
  `enum_message_property` varchar(100) NOT NULL,
  `enum_value` varchar(100) NOT NULL,
  PRIMARY KEY (`enum_name`,`enum_id`),
  UNIQUE KEY `enum_message_property` (`enum_name`,`enum_message_property`),
  UNIQUE KEY `enum_value` (`enum_name`,`enum_value`)
) ENGINE=InnoDB DEFAULT CHARSET=utf8;
/*!40101 SET character_set_client = @saved_cs_client */;

--
-- Dumping data for table `r_enum_value`
--

LOCK TABLES `r_enum_value` WRITE;
/*!40000 ALTER TABLE `r_enum_value` DISABLE KEYS */;
INSERT INTO `r_enum_value` VALUES ('loan_status_id',100,'Submitted and awaiting approval','Submitted and awaiting approval'),('loan_status_id',200,'Approved','Approved'),('loan_status_id',300,'Active','Active'),('loan_status_id',400,'Withdrawn by client','Withdrawn by client'),('loan_status_id',500,'Rejected','Rejected'),('loan_status_id',600,'Closed','Closed'),('loan_status_id',601,'Closed - Written Off','Closed - Written Off'),('loan_status_id',602,'Closed - Reschedule Outstanding Amount','Closed - Reschedule Outstanding Amount'),('loan_status_id',700,'Overpaid','Overpaid'),('loan_transaction_strategy_id',1,'mifos-standard-strategy','Mifos style'),('loan_transaction_strategy_id',2,'heavensfamily-strategy','Heavensfamily'),('loan_transaction_strategy_id',3,'creocore-strategy','Creocore'),('loan_transaction_strategy_id',4,'rbi-india-strategy','RBI (India)'),('processing_result_enum',0,'invalid','Invalid'),('processing_result_enum',1,'processed','Processed'),('processing_result_enum',2,'awaiting.approval','Awaiting Approval'),('processing_result_enum',3,'rejected','Rejected');
/*!40000 ALTER TABLE `r_enum_value` ENABLE KEYS */;
UNLOCK TABLES;

--
-- Table structure for table `ref_loan_transaction_processing_strategy`
--

DROP TABLE IF EXISTS `ref_loan_transaction_processing_strategy`;
/*!40101 SET @saved_cs_client     = @@character_set_client */;
/*!40101 SET character_set_client = utf8 */;
CREATE TABLE `ref_loan_transaction_processing_strategy` (
  `id` bigint(20) NOT NULL AUTO_INCREMENT,
  `code` varchar(100) DEFAULT NULL,
  `name` varchar(255) DEFAULT NULL,
  `createdby_id` bigint(20) DEFAULT NULL,
  `created_date` datetime DEFAULT NULL,
  `lastmodifiedby_id` bigint(20) DEFAULT NULL,
  `lastmodified_date` datetime DEFAULT NULL,
  PRIMARY KEY (`id`),
  UNIQUE KEY `ltp_strategy_code` (`code`)
) ENGINE=InnoDB AUTO_INCREMENT=5 DEFAULT CHARSET=utf8;
/*!40101 SET character_set_client = @saved_cs_client */;

--
-- Dumping data for table `ref_loan_transaction_processing_strategy`
--

LOCK TABLES `ref_loan_transaction_processing_strategy` WRITE;
/*!40000 ALTER TABLE `ref_loan_transaction_processing_strategy` DISABLE KEYS */;
INSERT INTO `ref_loan_transaction_processing_strategy` VALUES (1,'mifos-standard-strategy','Mifos style',NULL,NULL,NULL,NULL),(2,'heavensfamily-strategy','Heavensfamily',NULL,NULL,NULL,NULL),(3,'creocore-strategy','Creocore',NULL,NULL,NULL,NULL),(4,'rbi-india-strategy','RBI (India)',NULL,NULL,NULL,NULL);
/*!40000 ALTER TABLE `ref_loan_transaction_processing_strategy` ENABLE KEYS */;
UNLOCK TABLES;

--
-- Table structure for table `risk_analysis`
--

DROP TABLE IF EXISTS `risk_analysis`;
/*!40101 SET @saved_cs_client     = @@character_set_client */;
/*!40101 SET character_set_client = utf8 */;
CREATE TABLE `risk_analysis` (
  `client_id` bigint(20) NOT NULL,
  `proposed_loan_amount` decimal(19,6) DEFAULT NULL,
  `assets_cash` decimal(19,6) DEFAULT NULL,
  `assets_bank_accounts` decimal(19,6) DEFAULT NULL,
  `assets_accounts_receivable` decimal(19,6) DEFAULT NULL,
  `assets_inventory` decimal(19,6) DEFAULT NULL,
  `assets_total_fixed_business` decimal(19,6) DEFAULT NULL,
  `assets_total_business` decimal(19,6) DEFAULT NULL,
  `assets_total_household` decimal(19,6) DEFAULT NULL,
  `liabilities_accounts_payable` decimal(19,6) DEFAULT NULL,
  `liabilities_business_debts` decimal(19,6) DEFAULT NULL,
  `liabilities_total_business` decimal(19,6) DEFAULT NULL,
  `liabilities_equity_working_capital` decimal(19,6) DEFAULT NULL,
  `liabilities_total_household` decimal(19,6) DEFAULT NULL,
  `liabilities_household_equity` decimal(19,6) DEFAULT NULL,
  `cashflow_cash_sales` decimal(19,6) DEFAULT NULL,
  `cashflow_cash_sales2` decimal(19,6) DEFAULT NULL,
  `cashflow_cost_goods_sold` decimal(19,6) DEFAULT NULL,
  `cashflow_cost_goods_sold2` decimal(19,6) DEFAULT NULL,
  `cashflow_gross_profit` decimal(19,6) DEFAULT NULL,
  `cashflow_other_income1` decimal(19,6) DEFAULT NULL,
  `cashflow_total_income2` decimal(19,6) DEFAULT NULL,
  `cashflow_household_expense` decimal(19,6) DEFAULT NULL,
  `cashflow_payments_to_savings` decimal(19,6) DEFAULT NULL,
  `cashflow_operational_expenses` decimal(19,6) DEFAULT NULL,
  `cashflow_disposable_income` decimal(19,6) DEFAULT NULL,
  `cashflow_amount_loan_installment` decimal(19,6) DEFAULT NULL,
  `cashflow_available_surplus` decimal(19,6) DEFAULT NULL,
  `fi_inventory_turnover` decimal(19,6) DEFAULT NULL,
  `fi_gross_margin` decimal(19,6) DEFAULT NULL,
  `fi_indebtedness` decimal(19,6) DEFAULT NULL,
  `fi_loan_recommendation` decimal(19,6) DEFAULT NULL,
  `fi_roe` decimal(19,6) DEFAULT NULL,
  `fi_repayment_capacity` decimal(19,6) DEFAULT NULL,
  PRIMARY KEY (`client_id`),
  CONSTRAINT `FK_risk_analysis_1` FOREIGN KEY (`client_id`) REFERENCES `m_client` (`id`)
) ENGINE=InnoDB DEFAULT CHARSET=utf8;
/*!40101 SET character_set_client = @saved_cs_client */;

--
-- Dumping data for table `risk_analysis`
--

LOCK TABLES `risk_analysis` WRITE;
/*!40000 ALTER TABLE `risk_analysis` DISABLE KEYS */;
INSERT INTO `risk_analysis` VALUES (3,'33.000000','1.000000',NULL,'3.000000',NULL,NULL,'4.000000',NULL,NULL,NULL,'55.000000','-51.000000',NULL,'0.000000',NULL,NULL,NULL,NULL,'0.000000',NULL,NULL,NULL,NULL,NULL,'0.000000',NULL,'0.000000',NULL,NULL,'-1.080000','-1.730000','0.000000',NULL),(15,'0.000000','0.000000','0.000000','0.000000','0.000000','0.000000','0.000000','0.000000','0.000000','0.000000','0.000000','0.000000','0.000000','0.000000','0.000000','0.000000','0.000000','0.000000','0.000000','0.000000','0.000000','0.000000','0.000000','0.000000','0.000000','0.000000','0.000000','0.000000','0.000000','0.000000','0.000000','0.000000','0.000000'),(16,'444.000000','51.000000',NULL,'33.330000',NULL,NULL,'84.330000',NULL,NULL,NULL,NULL,'84.330000',NULL,'0.000000','444.000000','3.000000','343.000000','42.000000','62.000000',NULL,NULL,NULL,NULL,NULL,'62.000000',NULL,'62.000000',NULL,'0.230000','0.000000','5.270000','0.740000','0.000000'),(22,NULL,'50000.000000',NULL,NULL,NULL,NULL,'50000.000000',NULL,NULL,NULL,NULL,'50000.000000',NULL,'0.000000','20000.000000',NULL,NULL,NULL,'20000.000000',NULL,NULL,'8300.000000',NULL,'2000.000000','9700.000000',NULL,'9700.000000',NULL,'1.000000','0.000000','0.000000','0.400000','0.000000'),(25,NULL,NULL,NULL,NULL,NULL,NULL,NULL,NULL,NULL,NULL,NULL,NULL,NULL,NULL,NULL,NULL,NULL,NULL,NULL,NULL,NULL,NULL,NULL,NULL,NULL,NULL,NULL,NULL,NULL,NULL,NULL,NULL,NULL),(58,NULL,'500000.000000',NULL,NULL,NULL,NULL,'500000.000000',NULL,NULL,NULL,NULL,'500000.000000',NULL,'0.000000',NULL,NULL,NULL,NULL,'0.000000','30000.000000',NULL,'0.000000',NULL,'3000.000000','27000.000000',NULL,'27000.000000',NULL,NULL,'0.000000','0.000000','0.000000','0.000000');
/*!40000 ALTER TABLE `risk_analysis` ENABLE KEYS */;
UNLOCK TABLES;

--
-- Table structure for table `rpt_sequence`
--

DROP TABLE IF EXISTS `rpt_sequence`;
/*!40101 SET @saved_cs_client     = @@character_set_client */;
/*!40101 SET character_set_client = utf8 */;
CREATE TABLE `rpt_sequence` (
  `id` int(11) NOT NULL AUTO_INCREMENT,
  PRIMARY KEY (`id`)
) ENGINE=InnoDB AUTO_INCREMENT=483 DEFAULT CHARSET=utf8;
/*!40101 SET character_set_client = @saved_cs_client */;

--
-- Dumping data for table `rpt_sequence`
--

LOCK TABLES `rpt_sequence` WRITE;
/*!40000 ALTER TABLE `rpt_sequence` DISABLE KEYS */;
INSERT INTO `rpt_sequence` VALUES (1),(2),(3),(4),(5),(6),(7),(8),(9),(10),(11),(12),(13),(14),(15),(16),(17),(18),(19),(20),(21),(22),(23),(24),(25),(26),(27),(28),(29),(30),(31),(32),(33),(34),(35),(36),(37),(38),(39),(40),(41),(42),(43),(44),(45),(46),(47),(48),(49),(50),(51),(52),(53),(54),(55),(56),(57),(58),(59),(60),(61),(62),(63),(64),(65),(66),(67),(68),(69),(70),(71),(72),(73),(74),(75),(76),(77),(78),(79),(80),(81),(82),(83),(84),(85),(86),(87),(88),(89),(90),(91),(92),(93),(94),(95),(96),(97),(98),(99),(100),(101),(102),(103),(104),(105),(106),(107),(108),(109),(110),(111),(112),(113),(114),(115),(116),(117),(118),(119),(120),(121),(122),(123),(124),(125),(126),(127),(128),(129),(130),(131),(132),(133),(134),(135),(136),(137),(138),(139),(140),(141),(142),(143),(144),(145),(146),(147),(148),(149),(150),(151),(152),(153),(154),(155),(156),(157),(158),(159),(160),(161),(162),(163),(164),(165),(166),(167),(168),(169),(170),(171),(172),(173),(174),(175),(176),(177),(178),(179),(180),(181),(182),(183),(184),(185),(186),(187),(188),(189),(190),(191),(192),(193),(194),(195),(196),(197),(198),(199),(200),(201),(202),(203),(204),(205),(206),(207),(208),(209),(210),(211),(212),(213),(214),(215),(216),(217),(218),(219),(220),(221),(222),(223),(224),(225),(226),(227),(228),(229),(230),(231),(232),(233),(234),(235),(236),(237),(238),(239),(240),(241),(242),(243),(244),(245),(246),(247),(248),(249),(250),(251),(252),(253),(254),(255),(256),(257),(258),(259),(260),(261),(262),(263),(264),(265),(266),(267),(268),(269),(270),(271),(272),(273),(274),(275),(276),(277),(278),(279),(280),(281),(282),(283),(284),(285),(286),(287),(288),(289),(290),(291),(292),(293),(294),(295),(296),(297),(298),(299),(300),(301),(302),(303),(304),(305),(306),(307),(308),(309),(310),(311),(312),(313),(314),(315),(316),(317),(318),(319),(320),(321),(322),(323),(324),(325),(326),(327),(328),(329),(330),(331),(332),(333),(334),(335),(336),(337),(338),(339),(340),(341),(342),(343),(344),(345),(346),(347),(348),(349),(350),(351),(352),(353),(354),(355),(356),(357),(358),(359),(360),(361),(362),(363),(364),(365),(366),(367),(368),(369),(370),(371),(372),(373),(374),(375),(376),(377),(378),(379),(380),(381),(382),(383),(384),(385),(386),(387),(388),(389),(390),(391),(392),(393),(394),(395),(396),(397),(398),(399),(400),(401),(402),(403),(404),(405),(406),(407),(408),(409),(410),(411),(412),(413),(414),(415),(416),(417),(418),(419),(420),(421),(422),(423),(424),(425),(426),(427),(428),(429),(430),(431),(432),(433),(434),(435),(436),(437),(438),(439),(440),(441),(442),(443),(444),(445),(446),(447),(448),(449),(450),(451),(452),(453),(454),(455),(456),(457),(458),(459),(460),(461),(462),(463),(464),(465),(466),(467),(468),(469),(470),(471),(472),(473),(474),(475),(476),(477),(478),(479),(480),(481),(482);
/*!40000 ALTER TABLE `rpt_sequence` ENABLE KEYS */;
UNLOCK TABLES;

--
-- Table structure for table `stretchy_parameter`
--

DROP TABLE IF EXISTS `stretchy_parameter`;
/*!40101 SET @saved_cs_client     = @@character_set_client */;
/*!40101 SET character_set_client = utf8 */;
CREATE TABLE `stretchy_parameter` (
  `parameter_id` int(11) NOT NULL AUTO_INCREMENT,
  `parameter_name` varchar(45) NOT NULL,
  `parameter_variable` varchar(45) DEFAULT NULL,
  `parameter_label` varchar(45) NOT NULL,
  `parameter_displayType` varchar(45) NOT NULL,
  `parameter_FormatType` varchar(10) NOT NULL,
  `parameter_default` varchar(45) NOT NULL,
  `special` varchar(1) DEFAULT NULL,
  `selectOne` varchar(1) DEFAULT NULL,
  `selectAll` varchar(1) DEFAULT NULL,
  `parameter_sql` text,
  PRIMARY KEY (`parameter_id`),
  UNIQUE KEY `name_UNIQUE` (`parameter_name`)
) ENGINE=InnoDB AUTO_INCREMENT=83 DEFAULT CHARSET=utf8;
/*!40101 SET character_set_client = @saved_cs_client */;

--
-- Dumping data for table `stretchy_parameter`
--

LOCK TABLES `stretchy_parameter` WRITE;
/*!40000 ALTER TABLE `stretchy_parameter` DISABLE KEYS */;
INSERT INTO `stretchy_parameter` VALUES (3,'FullReportList',NULL,'n/a','n/a','n/a','n/a','Y',NULL,NULL,'select  r.report_id, r.report_name, r.report_type, r.report_subtype, r.report_category,\r  rp.parameter_id, rp.report_parameter_name, p.parameter_name\r  from stretchy_report r\r  left join stretchy_report_parameter rp on rp.report_id = r.report_id\r  left join stretchy_parameter p on p.parameter_id = rp.parameter_id\r  where r.use_report is true\r  and exists\r  (\r select \'f\'\r  from m_appuser_role ur \r  join m_role r on r.id = ur.role_id\r  join m_role_permission rp on rp.role_id = r.id\r  join m_permission p on p.id = rp.permission_id\r  where ur.appuser_id = ${currentUserId}\r  and (p.code in (\'ALL_FUNCTIONS_READ\', \'ALL_FUNCTIONS\') or p.code = concat(\"READ_\", r.report_name))\r )\r  order by r.report_name, rp.parameter_id'),(4,'FullParameterList',NULL,'n/a','n/a','n/a','n/a','Y',NULL,NULL,'select parameter_name, parameter_variable, parameter_label, parameter_displayType, parameter_FormatType, parameter_default, selectOne,  selectAll\r\nfrom stretchy_parameter p\r\nwhere special is null\r\norder by parameter_id'),(5,'selectOfficeId','officeId','Office','select','number','0',NULL,'Y',NULL,'select id, \r\nconcat(substring(\"........................................\", 1, \r\n   ((LENGTH(`hierarchy`) - LENGTH(REPLACE(`hierarchy`, \'.\', \'\')) - 1) * 4)), \r\n   `name`) as tc\r\nfrom m_office\r\nwhere hierarchy like concat(\'${currentUserHierarchy}\', \'%\')\r\norder by hierarchy'),(6,'currencyIdSelectAll','currencyId','Currency','select','number','0',NULL,'Y','Y','select `code`, `name`\r\nfrom m_organisation_currency\r\norder by `code`'),(7,'currencyIdSelectOne','currencyId','Currency','select','number','0',NULL,'Y',NULL,'select `code`, `name`\r\nfrom m_organisation_currency\r\norder by `code`'),(10,'fundIdSelectAll','fundId','Fund','select','number','0',NULL,'Y','Y','(select id, `name`\r\nfrom m_fund\r\norder by `name`)\r\nunion all\r\n(select -10, \'-\')'),(80,'selectStartDate','startDate','startDate','date','date','today',NULL,NULL,NULL,NULL),(81,'selectEndDate','endDate','endDate','date','date','today',NULL,NULL,NULL,NULL),(82,'reportCategoryList',NULL,'n/a','n/a','n/a','n/a','Y',NULL,NULL,'select  r.report_id, r.report_name, r.report_type, r.report_subtype, r.report_category,\r  rp.parameter_id, rp.report_parameter_name, p.parameter_name\r  from stretchy_report r\r  left join stretchy_report_parameter rp on rp.report_id = r.report_id\r  left join stretchy_parameter p on p.parameter_id = rp.parameter_id\r  where r.report_category = \'${reportCategory}\'\r  and r.use_report is true\r  and exists\r  (\r select \'f\'\r  from m_appuser_role ur \r  join m_role r on r.id = ur.role_id\r  join m_role_permission rp on rp.role_id = r.id\r  join m_permission p on p.id = rp.permission_id\r  where ur.appuser_id = ${currentUserId}\r  and (p.code in (\'ALL_FUNCTIONS_READ\', \'ALL_FUNCTIONS\') or p.code = concat(\"READ_\", r.report_name))\r )\r  order by r.report_name, rp.parameter_id');
/*!40000 ALTER TABLE `stretchy_parameter` ENABLE KEYS */;
UNLOCK TABLES;

--
-- Table structure for table `stretchy_report`
--

DROP TABLE IF EXISTS `stretchy_report`;
/*!40101 SET @saved_cs_client     = @@character_set_client */;
/*!40101 SET character_set_client = utf8 */;
CREATE TABLE `stretchy_report` (
  `report_id` int(11) NOT NULL AUTO_INCREMENT,
  `report_name` varchar(100) NOT NULL,
  `report_type` varchar(20) NOT NULL,
  `report_subtype` varchar(20) DEFAULT NULL,
  `report_category` varchar(45) DEFAULT NULL,
  `report_sql` text,
  `description` text,
  `core_report` tinyint(1) DEFAULT '0',
  `use_report` tinyint(1) DEFAULT '0',
  PRIMARY KEY (`report_id`),
  UNIQUE KEY `report_name_UNIQUE` (`report_name`)
) ENGINE=InnoDB AUTO_INCREMENT=51 DEFAULT CHARSET=utf8;
/*!40101 SET character_set_client = @saved_cs_client */;

--
-- Dumping data for table `stretchy_report`
--

LOCK TABLES `stretchy_report` WRITE;
/*!40000 ALTER TABLE `stretchy_report` DISABLE KEYS */;
INSERT INTO `stretchy_report` VALUES (29,'Client Listing','Table',NULL,'Client','select ounder.`name` as \"Office/Branch\",  concat(c.lastname, if(c.firstname > \"\", concat(\", \", c.firstname), \"\")) as \"Name\", \r\nc.joining_date as \"Joining Date\"\r\nfrom m_office o \r\njoin m_office ounder on ounder.hierarchy like concat(o.hierarchy, \'%\')\r\nand ounder.hierarchy like concat(\'${currentUserHierarchy}\', \'%\')\r\njoin m_client c on c.office_id = ounder.id\r\nwhere o.id = ${officeId}\r\nand c.is_deleted=0\r\norder by ounder.hierarchy','Simple sample screen report.\r\nNot really expected to be part of core reports.',0,1),(30,'Client Loans Listing','Table',NULL,'Client','select ounder.`name` as \"Office/Branch\", concat(c.lastname, if(c.firstname > \"\", concat(\", \", c.firstname), \"\")) as \"Name\",c.joining_date as \"Joining Date\",\r\np.name as Loan, st.enum_message_property as \"Status\",  l.number_of_repayments as \"Expected No. Repayments\",\r\nl.annual_nominal_interest_rate as \" Annual Nominal Interest Rate\", \r\nifnull(cur.display_symbol, l.currency_code) as Currency,  l.principal_amount,date( l.submittedon_date) as Submitted,\r\ndate(l.approvedon_date) Approved, l.expected_disbursedon_date As \"Expected Disbursal\",\r\ndate(l.expected_firstrepaymenton_date) as \"Expected First Repayment\",\r\ndate(l.expected_maturedon_date) \"Expected Maturity\",\r\ndate(l.disbursedon_date) as Disbursed, date(l.closedon_date) as Closed,\r\ndate(l.withdrawnon_date) as Withdrawn, date(l.rejectedon_date) as Rejected,\r\ndate(l.rescheduledon_date) Rescheduled, date(l.writtenoffon_date) \"Written Off\"\r\nfrom m_office o \r\njoin m_office ounder on ounder.hierarchy like concat(o.hierarchy, \'%\')\r\nand ounder.hierarchy like concat(\'${currentUserHierarchy}\', \'%\')\r\njoin m_client c on c.office_id = ounder.id\r\nleft join m_loan l on l.client_id = c.id\r\nleft join m_product_loan p on p.id = l.product_id\r\nleft join r_enum_value st on st.enum_name = \'loan_status_id\' and st.enum_id = l.loan_status_id\r\nleft join m_currency cur on cur.code = l.currency_code\r\nwhere o.id = ${officeId}\r\norder by ounder.hierarchy, \"Name\" , l.id','Can be a basic core loan report.',1,1),(31,'Loans Awaiting Disbursal','Table',NULL,'Loan Portfolio','SELECT ounder.`name` as \"Office/Branch\", concat(c.lastname, if(c.firstname > \"\", concat(\", \", c.firstname), \"\")) as \"Name\", \r\nl.id as \"Loan ID\", pl.`name` as \"Product\", \r\nifnull(cur.display_symbol, l.currency_code) as Currency,  \r\nl.principal_amount as Principal,  \r\ndate(l.approvedon_date) \"Approved\", l.expected_disbursedon_date \"Expected Disbursal\"\r\nfrom m_office o \r\njoin m_office ounder on ounder.hierarchy like concat(o.hierarchy, \'%\')\r\nand ounder.hierarchy like concat(\'${currentUserHierarchy}\', \'%\')\r\njoin m_client c on c.office_id = ounder.id\r\njoin m_loan l on l.client_id = c.id\r\njoin m_product_loan pl on pl.id = l.product_id\r\nleft join m_currency cur on cur.code = l.currency_code\r\nwhere o.id = ${officeId}\r\nand l.loan_status_id = 200\r\norder by ounder.hierarchy, l.expected_disbursedon_date, \"Name\"',NULL,0,1),(32,'Upcoming Repayments','Table',NULL,'Loan Portfolio','SELECT r.duedate \"Due Date\", ounder.`name` as \"Office/Branch\",   ifnull(cur.display_symbol, l.currency_code) as Currency,  \r\nc.id as \"Client ID\",\r\nconcat(c.lastname, if(c.firstname > \"\", concat(\", \", c.firstname), \"\")) as \"Name\", \r\nl.id as \"Loan ID\", pl.`name` as \"Product\", \r\n\r\n(select\r\n    if(if(datediff(curdate(), min(r.duedate)) < 0, 0, datediff(curdate(), min(r.duedate))) > 90, \"High\", \r\n        if (if(datediff(curdate(), min(r.duedate)) < 0, 0, datediff(curdate(), min(r.duedate))) > 30, \"Medium\", \r\n            if (if(datediff(curdate(), min(r.duedate)) < 0, 0, datediff(curdate(), min(r.duedate))) = 0, \r\n                if (min(r.installment) = 1, \"Low\", \"Very Low\"),\r\n                if (min(r.installment), \"Medium\", \"Low\")))) \r\nfrom m_loan lr\r\nleft join m_loan_repayment_schedule r on r.loan_id = lr.id\r\n                                        and r.completed_derived is false\r\nwhere lr.id = l.id) as \"Loan Risk\",\r\n\r\n r.installment as Installment, \r\n(r.principal_amount - ifnull(r.principal_completed_derived, 0)) as \"Principal Due\",\r\n(r.interest_amount - ifnull(r.interest_completed_derived, 0)) as \"Interest Due\" ,\r\n((r.principal_amount - ifnull(r.principal_completed_derived, 0)) +\r\n(r.interest_amount - ifnull(r.interest_completed_derived, 0))) as \"Total Due\"\r\nfrom m_office o \r\njoin m_office ounder on ounder.hierarchy like concat(o.hierarchy, \'%\')\r\nand ounder.hierarchy like concat(\'${currentUserHierarchy}\', \'%\')\r\njoin m_client c on c.office_id = ounder.id\r\njoin m_loan l on l.client_id = c.id\r\njoin m_product_loan pl on pl.id = l.product_id\r\njoin m_loan_repayment_schedule r on r.loan_id = l.id\r\nleft join m_currency cur on cur.code = l.currency_code\r\nwhere o.id = ${officeId}\r\nand (l.currency_code = \"${currencyId}\" or \"-1\" = \"${currencyId}\" )\r\nand l.loan_status_id = 300\r\nand r.duedate >= curdate()\r\norder by r.duedate, \"Name\"','Unlikely to be generally useful.  Used as an example for Creocore',0,1),(34,'Loans - Active Loans Portfolio Status','Table',NULL,'Loan','select  x.`Office/Branch`, x.Currency, x.`Name`, x.Loan, x.`Loan ID`, x.Disbursed, \r\nx.`Principal Outstanding`, x.`Interest Outstanding`, x.`Days Overdue`,\r\nx.`Principal Overdue`, x.`Interest Overdue`, \r\n\r\nif(x.`Days Overdue` > 90, \"High\", \r\n        if (x.`Days Overdue` > 30, \"Medium\", \r\n            if (`Days Overdue` = 0, \r\n                if (`First Overdue Installment` = 1, \"Low\", \"Very Low\"),\r\n                if (`First Overdue Installment` = 1, \"Medium\", \"Low\"))))\r\n\r\nas \"Loan Risk\", \r\nx.`First Overdue Installment`, x.`First Overdue Installment Date`\r\nfrom\r\n(select ounder.hierarchy, ounder.`name` as \"Office/Branch\", concat(c.lastname, if(c.firstname > \"\", concat(\", \", c.firstname), \"\")) as \"Name\", p.`name` as Loan,\r\nl.id as \"Loan ID\", l.disbursedon_date as Disbursed, ifnull(cur.display_symbol, l.currency_code) as Currency,\r\nsum(r.principal_amount - ifnull(r.principal_completed_derived, 0)) as \"Principal Outstanding\",\r\nsum(r.interest_amount - ifnull(r.interest_completed_derived, 0)) as \"Interest Outstanding\",\r\nif(datediff(curdate(), min(duedate)) < 0, 0, datediff(curdate(), min(duedate))) as \"Days Overdue\",   \r\nmin(installment) as \"First Overdue Installment\",\r\nmin(duedate) as \"First Overdue Installment Date\",\r\nsum(if(r.duedate <= curdate(), \r\n        (r.principal_amount - ifnull(r.principal_completed_derived, 0))\r\n            , 0)) as \"Principal Overdue\",\r\nsum(if(r.duedate <= curdate(), \r\n        (r.interest_amount - ifnull(r.interest_completed_derived, 0))\r\n            , 0)) as \"Interest Overdue\"\r\n\r\nfrom m_office o \r\njoin m_office ounder on ounder.hierarchy like concat(o.hierarchy, \'%\')\r\nand ounder.hierarchy like concat(\'${currentUserHierarchy}\', \'%\')\r\njoin m_client c on c.office_id = ounder.id\r\njoin m_loan l on l.client_id = c.id\r\nleft join m_currency cur on cur.code = l.currency_code\r\nleft join m_product_loan p on p.id = l.product_id\r\nleft join m_loan_repayment_schedule r on r.loan_id = l.id\r\n                                        and r.completed_derived is false\r\nwhere o.id = ${officeId}\r\nand (l.currency_code = \"${currencyId}\" or \"-1\" = \"${currencyId}\")\r\nand l.loan_status_id = 300\r\ngroup by l.id) x\r\norder by x.hierarchy, x.Currency, x.`Name`, x.Loan, x.`Loan ID`',NULL,0,1),(35,'Portfolio at Risk','Table',NULL,'Loan Portfolio','select  \r\nifnull(cur.display_symbol, l.currency_code) as Currency,  \r\nsum(r.principal_amount - ifnull(r.principal_completed_derived, 0)) as \"Principal Outstanding\",\r\nsum(if(r.duedate <= curdate(), \r\n        (r.principal_amount - ifnull(r.principal_completed_derived, 0))\r\n            , 0)) as \"Principal Overdue\",\r\n            \r\n    cast(round(\r\n    (sum(if(r.duedate <= curdate(), \r\n        (r.principal_amount - ifnull(r.principal_completed_derived, 0))\r\n            , 0)) * 100) / \r\n            sum(r.principal_amount - ifnull(r.principal_completed_derived, 0))\r\n            , 2) as char)\r\n            as \"Portfolio at Risk %\"\r\n            \r\nfrom m_office o \r\njoin m_office ounder on ounder.hierarchy like concat(o.hierarchy, \'%\')\r\nand ounder.hierarchy like concat(\'${currentUserHierarchy}\', \'%\')\r\njoin m_client c on c.office_id = ounder.id\r\njoin  m_loan l on l.client_id = c.id\r\nleft join m_product_loan p on p.id = l.product_id\r\nleft join m_loan_repayment_schedule r on r.loan_id = l.id\r\n                                        and r.completed_derived is false\r\nleft join m_currency cur on cur.code = l.currency_code\r\n\r\nwhere o.id = ${officeId}\r\nand (l.currency_code = \"${currencyId}\" or \"-1\" = \"${currencyId}\")\r\nand l.loan_status_id = 300\r\ngroup by l.currency_code\r\norder by l.currency_code',NULL,0,1),(38,'Upcoming Repayments Summary - Month, Currency, Loan Risk','Table',NULL,'Loan Portfolio','SELECT DATE_FORMAT(r.duedate,\'%Y-%m\') \"Due Month\",  ifnull(cur.display_symbol, l.currency_code) as Currency,  \r\n\r\n(select\r\n    if(if(datediff(curdate(), min(r.duedate)) < 0, 0, datediff(curdate(), min(r.duedate))) > 90, \"4 High\", \r\n        if (if(datediff(curdate(), min(r.duedate)) < 0, 0, datediff(curdate(), min(r.duedate))) > 30, \"3 Medium\", \r\n            if (if(datediff(curdate(), min(r.duedate)) < 0, 0, datediff(curdate(), min(r.duedate))) = 0, \r\n                if (min(r.installment) = 1, \"Low\", \"1 Very Low\"),\r\n                if (min(r.installment), \"3 Medium\", \"2 Low\")))) \r\nfrom m_loan lr\r\nleft join m_loan_repayment_schedule r on r.loan_id = lr.id\r\n                                        and r.completed_derived is false\r\nwhere lr.id = l.id) as \"Loan Risk\",\r\n\r\nsum(r.principal_amount - ifnull(r.principal_completed_derived, 0)) as \"Principal Due\",\r\nsum(r.interest_amount - ifnull(r.interest_completed_derived, 0)) as \"Interest Due\",\r\n\r\n(sum(r.principal_amount - ifnull(r.principal_completed_derived, 0)) +\r\nsum(r.interest_amount - ifnull(r.interest_completed_derived, 0))) as \"Total Due\"\r\n\r\nfrom m_office o \r\njoin m_office ounder on ounder.hierarchy like concat(o.hierarchy, \'%\')\r\nand ounder.hierarchy like concat(\'${currentUserHierarchy}\', \'%\')\r\njoin m_client c on c.office_id = ounder.id\r\njoin m_loan l on l.client_id = c.id\r\njoin m_loan_repayment_schedule r on r.loan_id = l.id\r\nleft join m_currency cur on cur.code = l.currency_code\r\nwhere o.id = ${officeId}\r\nand (l.currency_code = \"${currencyId}\" or \"-1\" = \"${currencyId}\" )\r\nand l.loan_status_id = 300\r\nand r.duedate >= curdate()\r\ngroup by `Due Month`, `Currency`, `Loan Risk`\r\norder by `Due Month`,  `Loan Risk`',NULL,0,1),(39,'Loan Disbursals in Previous Year','Chart','Bar','Loan Portfolio','select prevYr.startMonth as \"Disbursed Month\", ifnull(monthlyDisb.disbursed,0) as Disbursed\r\nfrom\r\n(SELECT DATE_FORMAT(@startDate := date_add(@startDate, interval 1 Month),\'%Y-%m\') as startMonth\r\nFROM rpt_sequence s, (SELECT @startDate := date_add(curdate(), interval -13 Month)) d\r\nWHERE s.id <= 13) prevYr\r\nleft join \r\n(select DATE_FORMAT(lt.transaction_date,\'%Y-%m\') as txnMonth, sum(lt.amount) as disbursed\r\nfrom m_office o \r\njoin m_office ounder on ounder.hierarchy like concat(o.hierarchy, \'%\')\r\nand ounder.hierarchy like concat(\'${currentUserHierarchy}\', \'%\')\r\njoin m_client c on c.office_id = ounder.id\r\njoin m_loan l on l.client_id = c.id\r\njoin m_loan_transaction lt on lt.loan_id = l.id\r\nwhere o.id = ${officeId}\r\nand l.currency_code = \"${currencyId}\"\r\nand lt.transaction_type_enum = 1\r\ngroup by `txnMonth`) monthlyDisb on monthlyDisb.txnMonth = prevYr.startMonth',NULL,0,1),(40,'Loan Repayments in Previous Year','Chart','Bar','Loan Portfolio','select prevYr.startMonth as \"Repayment Month\", ifnull(monthlyR.repaid,0) as Repaid\r\nfrom\r\n(SELECT DATE_FORMAT(@startDate := date_add(@startDate, interval 1 Month),\'%Y-%m\') as startMonth\r\nFROM rpt_sequence s, (SELECT @startDate := date_add(curdate(), interval -13 Month)) d\r\nWHERE s.id <= 13) prevYr\r\nleft join \r\n(select DATE_FORMAT(lt.transaction_date,\'%Y-%m\') as txnMonth, sum(lt.amount) as repaid\r\nfrom m_office o \r\njoin m_office ounder on ounder.hierarchy like concat(o.hierarchy, \'%\')\r\nand ounder.hierarchy like concat(\'${currentUserHierarchy}\', \'%\')\r\njoin m_client c on c.office_id = ounder.id\r\njoin m_loan l on l.client_id = c.id\r\njoin m_loan_transaction lt on lt.loan_id = l.id\r\nwhere o.id = ${officeId}\r\nand l.currency_code = \"${currencyId}\"\r\nand lt.transaction_type_enum = 2 and lt.contra_id is null\r\ngroup by `txnMonth`) monthlyR on monthlyR.txnMonth = prevYr.startMonth\r\norder by prevYr.startMonth',NULL,0,1),(41,'Clients by Surname (a bit silly)','Chart','Pie','Client','select c.lastname, count(*)  as thecount\r\nfrom m_office o \r\njoin m_office ounder on ounder.hierarchy like concat(o.hierarchy, \'%\')\r\nand ounder.hierarchy like concat(\'${currentUserHierarchy}\', \'%\')\r\njoin m_client c on c.office_id = ounder.id\r\nwhere o.id = ${officeId}\r\nand c.is_deleted=0\r\ngroup by c.lastname',NULL,0,1),(42,'Client Listing - Additional and Unlikely','Table',NULL,'Client','select ounder.`name` as \"Office/Branch\",  concat(c.lastname, if(c.firstname > \"\", concat(\", \", c.firstname), \"\")) as \"Name\",  \r\na1.`Ethnic Group`, a1.`Ethnic Group Other`, a1.`Household Location`, a1. `Household Location Other`,\r\na1.Religion, a1.`Religion Other`, a1.`Knowledge of Person`, a1.Gender, a1.whois,\r\na2.`Fathers Favourite Team`, a2.`Mothers Favourite Team`, a2.`Fathers DOB`, a2.`Mothers DOB`,\r\na2.`Fathers Education`, a2.`Mothers Education`, a2.`Number of Children`,\r\na2.`Favourite Town`, a2.`Closing Comments`, a2.`Annual Family Income`\r\nfrom m_office o \r\njoin m_office ounder on ounder.hierarchy like concat(o.hierarchy, \'%\')\r\nand ounder.hierarchy like concat(\'${currentUserHierarchy}\', \'%\')\r\njoin m_client c on c.office_id = ounder.id\r\nleft join `m_client_xAdditional Information` a1 on a1.id = c.id\r\nleft join `m_client_xHighly Improbable Info` a2 on a2.id = c.id\r\nwhere o.id = ${officeId}\r\nand c.is_deleted=0\r\norder by ounder.hierarchy',NULL,0,1),(43,'Client Loans Listing - Additional','Table',NULL,'Client','select ounder.`name` as \"Office/Branch\", concat(c.lastname, if(c.firstname > \"\", concat(\", \", c.firstname), \"\")) as \"Name\",\r\np.name as Loan, st.enum_message_property as \"Status\", \r\nl.annual_nominal_interest_rate as \" Annual Nominal Interest Rate\", \r\nifnull(cur.display_symbol, l.currency_code) as Currency,  l.principal_amount,\r\nl1.`Business Location`, l1.`Business Location Other`, l1.`Business` as \"Business Type\", \r\nl1.`Business Description`, l1.`Business Title`\r\nfrom m_office o \r\njoin m_office ounder on ounder.hierarchy like concat(o.hierarchy, \'%\')\r\nand ounder.hierarchy like concat(\'${currentUserHierarchy}\', \'%\')\r\njoin m_client c on c.office_id = ounder.id\r\nleft join m_loan l on l.client_id = c.id\r\nleft join `m_loan_xAdditional Information` l1 on l1.id = l.id\r\nleft join m_product_loan p on p.id = l.product_id\r\nleft join r_enum_value st on st.enum_name = \'loan_status_id\' and st.enum_id = l.loan_status_id\r\nleft join m_currency cur on cur.code = l.currency_code\r\nwhere o.id = ${officeId}\r\norder by ounder.hierarchy, \"Name\" , l.id',NULL,0,1),(44,'Client Listing (Pentaho)','Pentaho',NULL,'Client',NULL,'Just a sample Pentaho report. \r\nNot production quality',0,1),(45,'Funds Disbursed Summary - Currency','Table',NULL,'Fund','select ifnull(f.`name`, \'-\') as Fund,  ifnull(cur.display_symbol, l.currency_code) as Currency, round(sum(l.principal_amount), 4) as disbursed_amount\r\nfrom m_office ounder \r\njoin m_client c on c.office_id = ounder.id\r\njoin m_loan l on l.client_id = c.id\r\njoin m_currency cur on cur.`code` = l.currency_code\r\nleft join m_fund f on f.id = l.fund_id\r\nwhere disbursedon_date between \'${startDate}\' and \'${endDate}\'\r\nand (ifnull(l.fund_id, -10) = ${fundId} or -1 = ${fundId})\r\nand (l.currency_code = \'${currencyId}\' or \'-1\' = \'${currencyId}\')\r\nand ounder.hierarchy like concat(\'${currentUserHierarchy}\', \'%\')\r\ngroup by ifnull(f.`name`, \'-\') , ifnull(cur.display_symbol, l.currency_code)\r\norder by ifnull(f.`name`, \'-\') , ifnull(cur.display_symbol, l.currency_code)',NULL,0,1),(46,'Funds Disbursed Summary - Office, Currency','Table',NULL,'Fund','select ounder.`name` as \"Office/Branch\", ifnull(f.`name`, \'-\') as Fund,  ifnull(cur.display_symbol, l.currency_code) as Currency, round(sum(l.principal_amount), 4) as disbursed_amount\r\nfrom m_office o\r\njoin m_office ounder on ounder.hierarchy like concat(o.hierarchy, \'%\')\r\nand ounder.hierarchy like concat(\'${currentUserHierarchy}\', \'%\')\r\njoin m_client c on c.office_id = ounder.id\r\njoin m_loan l on l.client_id = c.id\r\njoin m_currency cur on cur.`code` = l.currency_code\r\nleft join m_fund f on f.id = l.fund_id\r\nwhere disbursedon_date between \'${startDate}\' and \'${endDate}\'\r\nand o.id = ${officeId}\r\nand (ifnull(l.fund_id, -10) = ${fundId} or -1 = ${fundId})\r\nand (l.currency_code = \'${currencyId}\' or \'-1\' = \'${currencyId}\')\r\ngroup by ounder.`name`,  ifnull(f.`name`, \'-\') , ifnull(cur.display_symbol, l.currency_code)\r\norder by ounder.`name`,  ifnull(f.`name`, \'-\') , ifnull(cur.display_symbol, l.currency_code)',NULL,0,1),(47,'loansToBeApproved','Table',NULL,NULL,'SELECT l.id as Id, submittedon_date as \"Submitted On\", o.`name` as \"Branch\", c.display_name as \"Name\", pl.`name` as \"Product\", \r\nl.currency_code, l.principal_amount\r\nFROM m_loan l\n\r\njoin m_client c on c.id = l.client_id \r\njoin m_office o on o.id = c.office_id\r\njoin m_product_loan pl on pl.id = l.product_id\n\r\nwhere o.hierarchy like concat(\'${currentUserHierarchy}\', \'%\')\r\nand l.loan_status_id = 100 \r\nand c.is_deleted=0\r\norder by l. submittedon_date','Used for seeing approval Queue',0,0),(48,'Balance Sheet','Pentaho',NULL,'Accounting',NULL,'Balance Sheet',1,1),(49,'Income Statement','Pentaho',NULL,'Accounting',NULL,'Profilt and Loss Statement',1,1),(50,'Trial Balance','Pentaho',NULL,'Accounting',NULL,'Trial Balance Report',1,1);
/*!40000 ALTER TABLE `stretchy_report` ENABLE KEYS */;
UNLOCK TABLES;

--
-- Table structure for table `stretchy_report_parameter`
--

DROP TABLE IF EXISTS `stretchy_report_parameter`;
/*!40101 SET @saved_cs_client     = @@character_set_client */;
/*!40101 SET character_set_client = utf8 */;
CREATE TABLE `stretchy_report_parameter` (
  `report_id` int(11) NOT NULL,
  `parameter_id` int(11) NOT NULL,
  `report_parameter_name` varchar(45) DEFAULT NULL,
  PRIMARY KEY (`report_id`,`parameter_id`),
  UNIQUE KEY `report_id_name_UNIQUE` (`report_id`,`report_parameter_name`)
) ENGINE=InnoDB DEFAULT CHARSET=utf8;
/*!40101 SET character_set_client = @saved_cs_client */;

--
-- Dumping data for table `stretchy_report_parameter`
--

LOCK TABLES `stretchy_report_parameter` WRITE;
/*!40000 ALTER TABLE `stretchy_report_parameter` DISABLE KEYS */;
INSERT INTO `stretchy_report_parameter` VALUES (29,5,NULL),(30,5,NULL),(31,5,NULL),(32,5,NULL),(32,6,NULL),(34,5,NULL),(34,6,NULL),(35,5,NULL),(35,6,NULL),(38,5,NULL),(38,6,NULL),(39,5,NULL),(39,7,NULL),(40,5,NULL),(40,7,NULL),(41,5,NULL),(42,5,NULL),(43,5,NULL),(44,5,'officeId'),(45,6,NULL),(45,10,NULL),(45,80,NULL),(45,81,NULL),(46,5,NULL),(46,6,NULL),(46,10,NULL),(46,80,NULL),(46,81,NULL),(48,5,'branch'),(48,81,'date'),(49,5,'branch'),(49,80,'fromDate'),(49,81,'toDate'),(50,5,'branch'),(50,80,'fromDate'),(50,81,'toDate');
/*!40000 ALTER TABLE `stretchy_report_parameter` ENABLE KEYS */;
UNLOCK TABLES;

--
-- Table structure for table `x_registered_table`
--

DROP TABLE IF EXISTS `x_registered_table`;
/*!40101 SET @saved_cs_client     = @@character_set_client */;
/*!40101 SET character_set_client = utf8 */;
CREATE TABLE `x_registered_table` (
  `registered_table_name` varchar(50) NOT NULL,
  `application_table_name` varchar(50) NOT NULL,
  PRIMARY KEY (`registered_table_name`)
) ENGINE=InnoDB DEFAULT CHARSET=utf8;
/*!40101 SET character_set_client = @saved_cs_client */;

--
-- Dumping data for table `x_registered_table`
--

LOCK TABLES `x_registered_table` WRITE;
/*!40000 ALTER TABLE `x_registered_table` DISABLE KEYS */;
INSERT INTO `x_registered_table` VALUES ('Additional Client Fields Data','m_client'),('Additional Loan Fields Data','m_loan'),('Extra Family Details Data','m_client'),('extra_client_details','m_client'),('m_guarantor_external','m_loan'),('risk_analysis','m_client');
/*!40000 ALTER TABLE `x_registered_table` ENABLE KEYS */;
UNLOCK TABLES;
/*!40103 SET TIME_ZONE=@OLD_TIME_ZONE */;

/*!40101 SET SQL_MODE=@OLD_SQL_MODE */;
/*!40014 SET FOREIGN_KEY_CHECKS=@OLD_FOREIGN_KEY_CHECKS */;
/*!40014 SET UNIQUE_CHECKS=@OLD_UNIQUE_CHECKS */;
/*!40101 SET CHARACTER_SET_CLIENT=@OLD_CHARACTER_SET_CLIENT */;
/*!40101 SET CHARACTER_SET_RESULTS=@OLD_CHARACTER_SET_RESULTS */;
/*!40101 SET COLLATION_CONNECTION=@OLD_COLLATION_CONNECTION */;
/*!40111 SET SQL_NOTES=@OLD_SQL_NOTES */;

-- Dump completed on 2013-01-27 22:12:43
